PartyType_Code,Sobriety_Code,Age,PrimaryCollisionFactor_Code,CollisionType_Code,VehicleDamage_Code,MovementPrecedingCollision_Code,ViolationCode,CrashTime,Distance
3,1,22,5,6,2,2,0,15,0.0
3,0,0,5,1,2,10,0,12,220.0
3,1,43,5,5,5,0,22350,11,21.0
3,0,0,5,6,2,10,0,11,528.0
3,2,51,4,5,5,8,0,22,0.0
3,1,29,5,0,2,2,21801,11,182.0
3,2,18,5,1,3,0,22450,15,0.0
3,0,0,5,3,1,10,0,21,40.0
3,0,0,5,6,1,10,0,0,150.0
3,4,27,5,1,3,0,21658,10,0.0
0,2,64,4,7,5,0,0,9,51.0
6,2,47,5,0,5,2,0,23,0.0
0,2,16,0,3,5,2,21200,18,0.0
3,1,39,5,0,5,2,0,9,0.0
3,1,35,5,1,3,2,21801,7,0.0
10,2,19,4,3,5,0,0,2,0.0
3,1,27,5,0,5,10,0,19,0.0
9,0,0,5,5,3,10,0,6,100.0
3,0,0,4,6,5,10,0,1,0.0
3,1,38,4,0,3,0,0,15,0.0
18,2,0,4,5,5,10,0,10,140.0
3,8,46,4,3,2,0,21658,13,150.0
8,1,27,5,5,3,5,21703,18,52.0
3,2,0,5,6,1,1,0,9,0.0
9,0,0,5,5,1,10,0,14,25.0
3,1,25,5,5,5,2,0,22,0.0
3,1,34,5,5,3,10,0,8,21.0
3,0,0,4,6,5,10,0,0,51.0
9,2,61,5,5,5,2,21703,0,0.0
3,1,59,0,3,1,0,0,16,0.0
3,2,0,4,0,5,3,0,14,0.0
3,4,53,5,5,2,0,22100,1,274.0
3,0,0,5,1,2,10,0,1,254.0
3,2,33,5,0,2,0,21453,4,0.0
3,2,0,4,1,5,10,0,16,0.0
3,1,46,5,5,2,10,0,13,266.0
9,1,60,5,5,5,3,22106,17,100.0
8,1,44,5,3,1,0,0,10,0.0
3,2,35,4,5,5,8,0,7,0.0
3,2,28,4,3,5,8,0,12,0.0
3,2,0,5,6,5,5,21658,17,432.0
3,6,0,5,5,5,0,22350,8,0.0
3,2,36,5,6,5,0,21453,22,0.0
3,1,55,5,6,1,5,22107,8,48.0
3,1,60,5,0,3,0,0,16,0.0
0,2,0,4,7,5,10,0,7,0.0
3,2,19,5,2,3,10,22107,9,0.0
3,1,19,5,5,1,10,0,11,55.0
3,5,72,5,5,1,8,0,14,0.0
3,7,18,5,5,3,0,22107,0,70.0
3,1,65,5,0,2,0,21453,20,0.0
3,0,0,1,6,2,10,0,20,547.0
3,2,0,5,5,5,0,0,0,0.0
3,1,30,5,5,1,8,0,20,0.0
3,1,35,4,0,3,2,21453,16,0.0
13,1,40,5,3,5,1,22107,17,0.0
3,2,21,5,0,2,10,21802,8,0.0
3,2,29,4,5,5,8,0,8,50.0
3,2,0,5,5,5,0,22350,17,0.0
18,2,0,4,6,5,0,0,11,0.0
3,7,42,5,5,1,8,0,13,0.0
18,2,0,4,0,5,10,0,17,0.0
6,1,0,5,5,1,8,0,9,0.0
9,1,25,5,6,5,8,0,6,26.0
18,2,26,5,5,5,0,22350,19,0.0
3,2,0,5,3,5,10,22107,23,100.0
3,1,31,5,0,3,0,0,23,0.0
3,2,20,5,4,1,0,21703,11,73.0
3,2,25,5,5,1,0,22350,8,300.0
3,1,45,5,5,1,8,0,17,0.0
0,1,63,5,7,5,0,0,10,16.0
3,0,0,4,5,5,0,0,15,0.0
3,1,49,5,7,1,2,21950,19,0.0
3,1,56,5,3,3,0,21663,15,20.0
3,0,0,4,6,3,10,0,11,204.0
9,1,61,5,6,1,0,22106,6,0.0
3,1,33,3,3,5,0,0,17,180.0
3,1,29,5,5,2,1,0,7,0.0
3,1,74,5,0,1,0,22107,9,260.0
9,1,70,5,6,5,0,0,11,60.0
0,1,10,5,3,5,0,0,18,0.0
11,1,23,0,7,5,0,22350,17,0.0
8,2,48,5,3,1,0,22350,14,475.0
9,0,0,5,6,1,10,0,1,50.0
3,2,0,4,3,5,10,0,7,150.0
3,2,0,5,6,5,0,21658,19,324.0
3,1,42,5,0,2,0,0,14,45.0
3,2,59,5,2,3,0,22107,11,392.0
18,2,0,4,3,5,10,0,2,0.0
3,1,21,2,5,3,0,21703,17,0.0
3,1,46,5,0,2,0,21453,18,0.0
9,1,41,5,0,2,0,21802,7,0.0
3,1,48,5,5,1,8,0,20,0.0
18,2,0,4,0,5,0,0,8,0.0
3,0,0,5,3,1,10,0,14,264.0
3,2,0,5,6,5,5,21658,23,0.0
0,2,45,5,7,5,0,0,20,84.0
3,0,0,5,3,2,10,0,16,155.0
0,1,34,5,7,5,0,0,6,0.0
3,2,0,4,0,5,10,0,15,51.0
9,0,0,5,5,3,10,0,6,46.0
3,1,57,5,5,1,8,0,16,12.0
3,2,24,5,2,1,1,22107,0,0.0
3,1,33,4,3,2,0,0,22,104.0
3,2,16,5,1,3,1,22107,12,27.0
18,2,0,4,6,5,10,0,4,51.0
3,1,21,4,5,5,0,0,21,0.0
3,1,74,5,1,3,0,0,13,47.0
3,1,45,5,7,1,2,21453,14,0.0
0,1,53,5,7,5,0,0,19,0.0
3,1,22,3,8,1,1,0,18,298.0
9,1,21,4,6,5,10,0,6,0.0
3,1,20,5,0,3,2,0,14,0.0
3,7,35,5,2,2,1,22350,21,0.0
18,2,0,5,1,5,10,22350,4,150.0
3,2,33,4,5,3,8,0,22,0.0
3,0,0,5,5,1,10,0,16,63.0
18,0,0,5,6,1,10,0,3,50.0
10,1,51,5,8,5,10,0,8,0.0
3,2,41,4,5,5,0,0,12,0.0
3,1,47,0,3,1,5,0,8,0.0
3,2,0,4,1,5,10,0,16,0.0
3,0,0,5,5,5,10,0,21,0.0
3,2,8,5,0,2,0,0,14,0.0
3,2,0,4,0,5,3,0,9,0.0
3,1,53,5,3,2,3,0,14,0.0
3,1,0,5,0,5,0,0,23,0.0
18,2,0,5,3,5,3,0,18,0.0
8,1,17,5,6,1,0,22350,22,140.0
3,1,38,5,0,3,5,21658,17,0.0
3,1,39,5,5,3,10,0,18,0.0
3,1,38,5,0,1,0,21453,15,0.0
3,0,0,4,5,3,10,0,1,285.0
3,1,15,5,1,2,2,21804,15,240.0
18,2,0,4,6,5,10,0,12,51.0
10,1,6,3,3,5,10,0,15,154.0
3,1,55,4,5,2,8,0,11,21.0
3,1,28,4,0,2,2,0,15,0.0
1,1,64,5,0,1,0,0,13,0.0
0,1,12,5,7,5,0,0,18,0.0
3,2,59,4,1,5,2,0,15,0.0
10,1,73,5,8,5,0,0,14,0.0
3,2,25,4,5,5,0,0,10,0.0
8,1,31,5,3,2,0,0,14,0.0
3,2,0,4,6,5,1,0,11,0.0
3,1,34,3,8,1,2,0,8,0.0
9,0,0,5,6,2,10,0,2,0.0
3,1,39,5,0,2,0,0,1,0.0
3,2,0,5,5,5,0,20002,21,0.0
3,1,78,5,0,2,2,0,14,0.0
3,0,0,5,6,2,10,0,23,310.0
3,1,37,5,6,2,0,0,1,51.0
3,2,39,5,5,3,8,0,8,0.0
3,1,18,5,6,1,1,22350,13,49.0
3,2,38,4,7,5,1,0,15,0.0
3,1,37,5,5,1,8,0,17,320.0
10,1,12,5,3,5,10,0,6,0.0
3,1,42,5,0,2,0,0,16,0.0
0,1,21,4,3,5,0,22350,1,0.0
3,1,68,5,3,3,0,0,8,140.0
3,0,0,4,5,2,10,0,16,98.0
3,1,65,5,5,1,8,0,9,20.0
9,2,42,5,2,2,0,21651,4,249.0
3,0,0,5,3,1,10,0,9,25.0
3,2,46,4,0,5,1,0,13,0.0
3,2,50,5,3,1,0,0,19,0.0
0,1,16,5,7,5,10,21650,13,0.0
3,1,51,5,1,2,2,21800,18,0.0
3,2,20,4,6,3,0,0,17,51.0
3,1,44,5,6,3,2,0,17,150.0
3,1,28,5,5,1,0,21703,12,34.0
3,0,0,5,3,1,10,0,12,108.0
3,0,0,4,3,5,10,0,8,0.0
3,1,73,4,6,2,0,0,13,0.0
18,2,0,4,3,5,0,0,15,0.0
3,1,33,5,5,1,8,0,15,25.0
3,0,0,5,5,1,10,0,1,30.0
3,1,49,5,3,2,8,0,7,158.0
3,1,18,5,7,1,10,22106,17,580.0
3,0,0,5,5,3,10,0,20,166.0
9,1,53,5,5,5,0,22350,15,0.0
3,7,34,5,3,3,0,23152,3,170.0
3,1,26,5,0,3,0,0,9,0.0
3,2,41,4,0,5,0,0,20,0.0
3,1,18,5,3,3,10,22350,15,0.0
3,2,0,5,5,5,0,23103,17,51.0
3,2,61,4,0,5,2,0,10,0.0
3,2,62,4,0,5,1,0,0,0.0
3,2,37,5,0,3,0,0,12,0.0
3,1,80,5,1,2,0,22350,22,47.0
3,2,0,5,3,5,1,21950,21,0.0
3,1,53,5,0,3,0,21453,13,0.0
3,1,21,5,1,3,2,21801,21,0.0
3,1,67,5,8,5,1,21950,10,0.0
3,0,0,5,1,5,10,0,14,225.0
3,1,52,5,5,1,8,0,10,0.0
3,1,21,5,0,3,0,0,19,0.0
9,1,0,5,0,2,0,0,12,102.0
9,4,28,4,1,5,0,2,1,100.0
3,1,18,5,5,2,0,22350,14,300.0
3,2,23,4,3,5,0,0,8,0.0
3,1,57,5,0,3,2,21801,13,0.0
3,0,0,5,6,2,10,0,20,20.0
6,1,0,4,2,1,10,0,23,0.0
18,2,0,4,3,5,10,0,18,51.0
3,0,0,4,3,5,10,0,8,0.0
3,0,0,5,3,1,10,0,19,11.0
3,1,41,6,5,1,8,0,15,111.0
18,2,0,4,6,5,10,0,16,51.0
9,0,0,5,1,1,10,0,23,331.0
10,1,28,5,3,5,0,0,13,0.0
3,1,26,5,0,2,2,21802,18,0.0
3,2,64,5,8,5,0,21950,8,0.0
3,2,23,4,5,5,8,0,17,0.0
18,2,0,4,5,5,0,0,17,50.0
3,2,45,4,1,5,0,0,8,51.0
3,2,0,4,3,5,10,0,1,51.0
3,1,39,4,0,3,0,0,15,0.0
0,1,49,0,7,5,10,21650,8,0.0
3,1,32,5,5,1,8,0,7,33.0
3,2,0,5,5,5,0,22350,8,162.0
3,2,87,4,3,5,1,0,9,30.0
3,1,34,5,3,2,10,0,7,307.0
3,0,0,5,5,2,10,0,19,105.0
3,0,0,5,6,1,10,0,17,0.0
3,2,30,0,3,1,0,0,19,108.0
3,1,23,5,5,1,0,22350,16,310.0
6,1,0,4,0,2,0,0,10,0.0
3,1,73,5,8,5,0,22350,7,0.0
3,2,17,4,6,5,0,0,12,51.0
3,1,23,5,1,3,0,0,14,175.0
3,1,18,5,2,2,10,22350,12,50.0
3,1,43,4,0,5,10,0,10,100.0
3,2,0,5,5,3,0,22350,16,188.0
3,1,23,5,5,1,0,0,17,0.0
3,2,0,5,1,5,3,22106,19,40.0
3,1,77,5,5,2,1,0,10,51.0
8,2,31,5,0,3,0,22350,15,0.0
9,1,29,5,0,2,0,0,9,0.0
3,2,0,5,5,3,0,22350,23,0.0
3,1,60,4,5,5,0,22350,19,0.0
3,7,28,5,5,3,0,23152,19,0.0
8,1,52,5,6,3,0,0,18,200.0
4,2,0,4,1,5,10,0,0,51.0
3,1,52,4,8,2,0,0,4,0.0
3,1,73,4,0,3,0,21453,8,0.0
3,0,0,5,6,3,10,0,2,618.0
3,1,57,5,5,2,0,0,13,90.0
3,2,46,5,1,3,0,0,18,0.0
0,1,13,0,3,5,0,0,16,0.0
3,1,30,5,0,3,0,21453,21,0.0
3,7,29,5,5,3,0,23152,2,83.0
3,2,0,5,0,5,2,0,15,0.0
3,1,39,5,1,3,2,21801,18,0.0
3,0,0,5,3,1,10,0,2,145.0
3,7,42,5,2,3,0,23152,20,249.0
3,2,34,5,0,3,10,21804,10,300.0
3,2,0,4,6,5,10,0,15,51.0
3,1,40,5,5,2,10,0,17,0.0
9,1,63,5,0,2,0,22350,13,0.0
9,0,0,5,6,1,10,0,0,114.0
3,0,0,5,3,5,10,0,5,0.0
10,2,64,5,8,5,0,0,9,170.0
3,2,40,5,1,5,0,21453,8,0.0
3,2,40,4,3,5,0,0,12,500.0
9,7,31,5,0,2,0,23153,22,0.0
3,1,59,5,0,3,2,22450,13,0.0
9,0,0,5,5,2,10,0,2,80.0
3,0,0,5,8,1,10,0,20,201.0
3,1,68,5,5,2,8,0,17,50.0
3,2,0,5,6,5,5,22107,19,0.0
3,0,0,5,3,2,10,0,2,65.0
3,1,57,5,1,2,8,0,11,180.0
3,0,0,5,0,2,10,0,21,69.0
10,2,17,5,8,5,10,0,8,0.0
9,1,20,5,3,1,0,21950,17,0.0
3,2,0,4,5,5,8,0,12,0.0
3,1,54,5,6,5,0,0,17,0.0
6,1,48,5,3,1,3,22108,11,25.0
3,1,23,5,5,2,8,0,17,130.0
0,1,47,0,7,5,0,22350,21,120.0
3,2,18,4,5,5,8,0,21,0.0
3,1,52,5,5,1,8,0,19,0.0
3,2,64,4,6,5,10,0,12,2400.0
3,0,0,5,3,2,10,0,21,18.0
3,0,0,5,6,1,10,0,22,307.0
0,2,0,5,3,5,0,21202,14,40.0
3,1,74,5,5,5,8,0,11,2.0
3,1,68,5,5,3,0,22350,13,30.0
3,1,45,5,2,5,0,22107,8,212.0
3,2,0,4,5,5,0,21755,15,0.0
3,1,39,5,3,5,3,22106,14,358.0
3,1,76,5,3,5,0,0,11,430.0
3,2,45,5,0,2,0,21453,12,0.0
3,5,51,5,5,5,0,22350,20,0.0
3,0,0,5,3,1,10,0,8,253.0
9,2,0,5,3,5,10,0,18,0.0
3,1,48,5,1,3,2,21802,21,0.0
3,7,39,5,1,3,0,23152,0,0.0
3,2,47,4,6,5,8,0,16,0.0
3,1,54,4,5,5,0,22350,17,0.0
3,2,35,4,5,5,8,0,18,51.0
18,2,0,5,5,1,0,22350,16,33.0
3,2,34,3,6,3,0,0,23,51.0
3,2,78,5,5,5,8,0,12,0.0
3,2,33,5,5,1,10,0,11,0.0
3,5,18,5,6,3,2,21804,21,300.0
3,0,0,4,6,5,10,0,10,51.0
3,0,0,4,3,5,10,0,0,0.0
18,2,62,4,5,5,0,0,12,0.0
3,2,0,4,6,5,2,0,19,0.0
3,2,87,5,0,5,0,0,10,0.0
0,1,47,5,7,1,0,0,8,44.0
3,2,32,4,5,5,0,0,16,51.0
3,2,53,5,5,3,8,0,16,0.0
3,2,0,4,3,5,3,0,21,15.0
18,6,0,5,3,5,1,22107,18,0.0
3,2,55,4,6,5,0,0,17,10.0
3,1,36,6,0,3,2,0,18,0.0
3,2,25,5,3,3,10,0,23,44.0
0,1,0,5,3,1,0,0,15,200.0
3,0,0,5,6,1,10,0,13,51.0
3,0,0,4,6,5,10,0,14,212.0
3,2,24,4,0,5,0,0,22,150.0
3,1,37,5,1,3,0,0,17,0.0
3,1,24,5,0,2,0,0,12,0.0
3,0,0,5,6,3,10,0,1,75.0
3,2,0,5,8,5,0,22350,18,144.0
3,0,0,5,2,2,10,0,15,71.0
3,1,32,4,3,1,2,0,16,0.0
3,2,0,4,5,2,1,22350,9,0.0
3,2,0,5,5,1,10,22350,22,111.0
10,2,74,5,8,5,10,0,10,28.0
9,1,26,5,5,3,0,22350,15,0.0
17,0,0,5,5,3,10,0,12,186.0
3,1,62,5,6,2,0,0,14,140.0
0,1,40,5,7,5,0,0,14,105.0
9,1,43,5,5,2,0,22350,17,155.0
3,1,66,5,3,1,10,0,9,107.0
3,1,84,4,1,3,2,0,13,0.0
3,0,0,5,1,1,10,0,6,58.0
3,2,57,4,1,5,2,0,0,0.0
3,2,20,4,1,3,1,0,19,58.0
3,1,38,5,0,3,0,0,13,0.0
3,1,62,5,3,5,1,22350,18,0.0
3,2,44,5,6,5,0,0,0,0.0
3,2,0,5,6,5,0,21453,0,0.0
3,1,44,5,0,3,0,0,19,0.0
3,2,0,5,0,1,2,22350,19,85.0
3,2,58,5,0,3,0,22450,20,0.0
18,2,0,4,6,5,10,0,20,280.0
9,2,0,4,5,5,8,0,5,0.0
9,1,47,5,5,2,8,0,8,152.0
9,0,0,5,3,2,10,0,2,50.0
3,1,32,5,5,1,0,22350,12,30.0
14,1,17,3,3,5,10,21657,18,100.0
1,1,27,5,5,2,8,0,8,0.0
3,7,43,5,5,3,0,23153,19,0.0
3,1,0,5,6,5,8,0,18,0.0
3,1,20,5,2,3,10,22107,7,280.0
3,1,55,5,2,2,1,22107,16,0.0
3,1,26,5,0,2,2,0,16,0.0
3,2,33,4,6,1,0,0,18,12.0
18,2,0,5,8,5,3,22106,12,132.0
3,2,51,4,3,5,4,0,14,0.0
3,2,28,4,5,5,0,0,23,0.0
9,0,31,5,5,1,10,0,2,210.0
3,2,29,5,0,2,10,22106,17,248.0
9,1,23,5,0,3,3,22106,22,0.0
3,1,75,5,0,3,0,0,15,0.0
9,1,19,5,3,2,1,22350,13,0.0
3,1,65,0,7,1,0,0,19,0.0
3,1,57,5,6,5,0,0,13,800.0
3,2,67,5,2,1,8,0,11,0.0
3,1,35,0,3,5,2,0,7,0.0
3,0,0,5,6,3,10,0,2,231.0
10,0,24,5,8,5,0,0,18,21.0
3,0,0,5,0,1,10,0,10,0.0
3,1,19,5,5,5,2,22100,9,0.0
3,1,60,5,5,3,8,0,18,190.0
3,1,38,4,5,5,8,0,18,0.0
3,2,0,5,2,3,1,22107,23,122.0
3,1,20,4,6,3,8,0,17,0.0
3,2,19,4,3,5,0,22350,10,0.0
18,2,0,4,6,5,10,0,11,51.0
3,7,0,5,6,1,3,22106,23,254.0
3,1,50,5,0,2,0,0,21,0.0
3,2,0,4,5,5,10,0,18,0.0
3,7,20,5,3,3,10,23140,23,300.0
18,2,0,5,3,5,0,22107,16,225.0
3,1,24,5,5,3,1,22350,5,145.0
3,1,52,5,2,3,2,1,15,18.0
3,2,0,4,6,5,0,0,2,51.0
3,1,42,5,5,3,0,22350,7,10.0
3,0,0,4,6,5,10,0,17,100.0
3,1,44,5,5,1,0,22350,17,144.0
3,2,0,5,5,3,0,22350,7,209.0
3,1,33,5,5,2,0,12500,12,0.0
3,2,28,5,2,3,10,22350,1,210.0
3,1,26,5,5,1,10,0,17,446.0
9,4,42,5,3,3,0,0,5,150.0
3,1,40,5,3,2,8,0,16,20.0
3,1,35,5,1,3,2,0,17,0.0
3,1,44,5,0,2,0,0,18,0.0
3,1,82,5,0,4,0,21453,16,0.0
8,1,45,4,3,1,10,0,12,100.0
0,1,63,0,0,1,0,21453,8,0.0
3,1,35,5,1,3,0,0,8,0.0
3,1,21,4,5,2,8,0,2,64.0
3,2,0,4,2,5,0,0,18,51.0
3,4,20,4,3,3,0,22107,1,0.0
9,2,0,5,3,1,10,0,0,72.0
3,0,0,5,1,1,10,0,2,131.0
0,1,13,5,7,5,0,22350,18,384.0
3,1,22,5,0,2,2,21801,10,0.0
3,0,0,2,6,2,10,0,16,44.0
10,2,24,3,8,5,10,21949,8,0.0
3,1,48,5,0,2,2,0,17,0.0
3,0,0,5,6,5,10,0,23,120.0
3,0,0,5,2,3,10,0,1,0.0
3,6,0,4,6,3,0,0,12,477.0
3,1,73,5,0,2,2,0,20,0.0
3,2,0,5,6,1,0,20002,7,23.0
3,1,19,5,0,3,0,21453,11,0.0
3,2,63,4,5,5,8,0,12,0.0
3,0,0,5,5,1,10,0,0,52.0
3,0,0,5,6,2,10,0,23,0.0
18,7,22,5,5,3,8,22350,11,145.0
3,2,17,5,3,4,0,22350,16,1584.0
3,1,33,5,5,5,0,22350,7,76.0
3,2,0,4,6,5,10,0,16,51.0
9,0,0,5,3,2,10,0,19,153.0
9,1,39,4,0,2,0,0,10,0.0
9,2,0,5,5,1,10,22350,4,0.0
3,1,25,5,5,1,8,0,13,0.0
3,7,22,5,0,3,0,22450,5,0.0
3,0,0,5,6,2,10,0,0,338.0
0,1,57,0,7,5,10,21650,14,340.0
3,1,49,5,6,1,0,0,19,0.0
3,1,29,5,6,1,0,0,12,40.0
3,2,75,5,1,2,2,22107,13,0.0
3,5,52,5,6,1,8,0,21,0.0
3,2,25,4,6,5,2,0,13,0.0
3,2,36,4,0,5,8,0,17,0.0
3,1,38,5,3,3,0,22350,14,1320.0
3,1,24,3,8,1,0,0,15,0.0
3,0,0,5,3,3,10,0,7,110.0
3,1,33,5,0,1,2,21802,7,0.0
3,0,0,5,6,5,10,0,14,42.0
3,2,66,5,0,2,0,21802,23,0.0
3,1,35,5,0,2,2,21804,8,400.0
3,1,0,4,3,5,10,22350,6,0.0
3,7,21,5,3,3,0,23152,4,125.0
3,2,20,5,0,3,0,21806,12,0.0
3,0,0,4,3,1,10,0,9,0.0
3,1,28,5,5,2,0,22350,12,34.0
3,1,23,5,5,2,0,0,0,0.0
3,1,60,5,7,1,2,21801,17,0.0
3,1,44,5,2,3,0,22350,15,1118.0
3,1,26,5,1,3,2,21801,18,0.0
3,7,64,5,5,1,0,23152,19,345.0
3,0,0,5,6,5,10,0,20,28.0
3,1,74,3,3,1,0,21950,18,190.0
9,1,32,5,0,1,8,0,18,0.0
3,1,51,5,5,1,8,0,9,90.0
3,2,31,5,6,2,5,22107,20,0.0
18,2,0,5,6,5,0,22350,17,220.0
9,1,44,5,1,2,0,0,8,167.0
3,2,0,5,2,5,3,22350,17,246.0
3,0,0,5,6,1,10,0,10,220.0
3,1,33,5,3,2,1,0,13,0.0
3,2,30,5,0,2,0,21453,9,0.0
3,1,36,1,5,3,0,22350,18,0.0
3,1,44,5,0,3,0,0,9,0.0
18,2,0,4,5,5,2,0,14,0.0
3,1,61,5,0,3,2,21801,15,0.0
3,7,27,5,5,1,10,22103,21,0.0
3,0,0,4,3,5,10,0,16,50.0
3,2,36,5,5,1,8,0,8,0.0
0,1,60,1,7,5,0,21650,13,0.0
3,0,0,5,5,2,10,0,14,30.0
18,2,19,5,6,1,0,0,17,51.0
9,2,0,5,1,2,0,22350,22,0.0
3,1,27,5,0,3,0,22350,0,0.0
3,2,0,5,1,5,2,21801,12,0.0
9,2,63,4,3,5,10,0,18,0.0
3,1,86,5,0,3,0,21453,20,0.0
3,0,0,5,0,3,10,0,12,224.0
3,1,32,5,5,5,0,22350,14,0.0
3,2,66,4,0,5,8,0,9,0.0
3,1,60,4,5,2,5,21658,15,28.0
3,1,61,5,0,3,0,0,8,0.0
3,2,19,5,3,4,10,22350,23,0.0
3,2,19,5,2,3,0,22350,14,40.0
3,1,41,5,0,3,0,0,9,0.0
3,1,0,5,5,1,10,21703,8,95.0
3,0,0,5,0,1,10,0,16,0.0
3,7,35,5,6,1,1,22100,23,0.0
9,1,42,5,0,2,0,22350,14,0.0
3,2,0,4,6,5,10,0,20,51.0
3,0,0,5,0,2,10,0,18,245.0
3,1,52,2,1,5,0,0,13,0.0
18,2,0,4,5,5,2,0,8,0.0
3,0,0,5,3,5,10,0,23,30.0
3,0,0,5,6,1,10,0,17,129.0
9,5,85,5,1,3,2,0,18,0.0
3,2,0,5,5,2,0,0,7,0.0
3,0,0,4,5,3,10,0,18,51.0
3,1,71,5,0,1,0,0,11,0.0
18,2,0,4,3,5,10,22107,3,0.0
9,2,0,4,5,5,0,0,18,0.0
3,1,20,6,6,1,0,12500,8,0.0
10,1,16,5,3,5,0,0,7,0.0
3,2,0,4,0,5,10,0,15,0.0
3,2,50,0,2,1,0,22350,19,0.0
3,2,30,4,3,5,10,0,15,51.0
3,1,65,5,6,2,5,21658,17,120.0
3,1,34,5,0,2,0,0,15,0.0
3,2,0,4,5,5,0,0,15,51.0
13,0,0,5,0,5,10,0,10,0.0
3,1,42,5,0,2,0,22350,18,0.0
3,2,0,4,5,5,10,0,14,0.0
3,2,52,4,3,5,10,0,10,90.0
3,2,31,4,5,5,8,0,20,0.0
3,1,19,5,5,2,8,0,17,300.0
3,2,0,5,3,5,0,0,10,0.0
3,1,63,5,0,3,2,21453,17,0.0
3,2,0,4,6,5,0,0,13,0.0
3,1,30,3,3,1,0,0,0,0.0
3,2,0,3,3,1,0,0,1,175.0
3,2,0,4,5,5,0,0,12,0.0
3,2,18,4,5,3,8,0,20,0.0
3,1,0,4,0,3,0,0,6,0.0
3,2,0,4,5,5,0,0,13,0.0
3,1,63,0,0,2,0,0,17,31.0
3,2,0,4,3,5,8,0,12,0.0
3,1,25,5,5,2,8,0,16,0.0
3,2,66,4,3,5,5,0,11,0.0
3,6,0,5,5,5,0,21703,18,0.0
18,2,0,4,5,5,0,0,18,0.0
3,0,52,4,1,3,2,0,14,0.0
6,0,0,5,3,2,10,0,20,190.0
3,0,0,5,3,5,10,0,1,162.0
3,7,27,5,2,3,10,22350,0,0.0
3,1,75,4,0,2,0,21453,12,0.0
0,2,48,0,3,5,10,21200,13,174.0
3,2,33,5,3,5,1,0,17,0.0
3,1,55,5,5,1,10,0,13,45.0
3,2,25,4,0,5,0,0,17,51.0
3,1,20,5,5,1,8,0,18,57.0
3,1,35,5,5,3,10,0,18,0.0
3,0,0,5,3,5,10,0,2,85.0
3,2,0,5,5,5,0,22350,17,25.0
3,1,32,5,3,3,10,22103,18,100.0
9,1,33,4,5,1,0,0,5,0.0
18,2,0,5,5,5,0,22350,20,136.0
3,2,41,4,3,1,0,0,5,0.0
3,2,22,4,5,5,2,0,15,0.0
3,2,57,5,5,3,1,22107,0,270.0
3,2,51,4,6,5,0,0,6,51.0
3,0,0,5,6,2,10,0,1,125.0
3,1,61,4,3,1,0,0,20,0.0
3,1,62,5,1,3,2,21453,11,0.0
3,1,43,5,1,1,0,22101,18,0.0
9,1,32,5,0,2,0,21802,7,0.0
3,0,0,5,0,3,10,0,0,67.0
3,1,36,0,7,1,2,0,16,0.0
3,1,23,5,0,2,0,21802,14,0.0
3,1,19,5,0,2,0,21801,16,81.0
3,1,82,3,8,5,2,0,17,0.0
3,1,29,1,7,5,2,1,19,130.0
9,1,52,5,8,5,3,22106,8,0.0
9,5,21,5,0,3,0,0,7,100.0
18,2,0,4,6,5,10,0,10,51.0
3,1,37,5,5,3,8,0,5,60.0
3,7,53,5,6,3,0,22350,18,438.0
3,7,53,5,5,2,0,22350,18,86.0
9,1,52,5,0,5,1,22100,9,85.0
3,1,29,5,1,1,0,22350,0,81.0
3,0,0,4,3,5,10,0,0,60.0
3,2,0,4,6,5,5,21658,20,0.0
3,2,0,5,1,1,0,22350,13,10.0
3,1,25,5,6,2,5,22107,14,0.0
3,2,39,4,5,5,0,0,8,51.0
10,5,22,5,3,5,10,0,21,0.0
3,2,0,4,0,5,10,0,18,0.0
0,2,0,5,7,5,10,21453,18,0.0
3,0,0,5,5,3,10,0,21,171.0
3,1,60,5,0,1,0,0,12,0.0
3,6,0,4,3,2,10,0,2,0.0
0,1,58,5,7,5,0,0,17,45.0
3,1,67,5,0,3,2,0,16,0.0
3,0,0,5,3,1,10,0,15,36.0
3,1,27,4,8,1,0,0,13,138.0
3,1,43,5,0,5,2,21801,15,0.0
3,0,0,5,6,1,10,0,19,25.0
9,2,0,5,5,1,0,22350,17,2640.0
3,2,49,5,5,2,8,0,22,35.0
3,2,0,4,0,5,0,0,16,0.0
9,0,0,5,3,1,10,0,1,0.0
3,8,31,5,6,1,1,22107,4,42.0
3,0,0,5,6,2,10,0,10,63.0
3,6,0,5,5,5,0,21703,16,12.0
3,1,18,5,1,3,0,22350,14,0.0
3,2,33,5,1,1,0,22350,15,157.0
0,2,33,5,7,5,0,0,2,0.0
6,1,32,5,0,3,8,0,8,0.0
1,1,45,4,1,1,10,0,17,0.0
8,1,24,5,6,2,0,0,10,0.0
18,2,0,4,3,5,10,0,0,0.0
3,2,24,4,6,5,10,0,14,50.0
9,2,72,4,1,5,2,0,11,0.0
3,1,33,5,0,2,0,21453,16,0.0
3,2,35,4,5,5,0,0,17,0.0
9,2,0,5,2,5,0,21663,16,474.0
3,1,70,5,5,5,8,0,8,0.0
3,6,0,5,3,1,5,21658,8,100.0
3,0,0,4,6,5,10,0,12,0.0
9,2,0,4,3,5,5,0,1,0.0
3,1,43,5,0,1,0,0,17,0.0