PartyType_Code,Sobriety_Code,Age,PrimaryCollisionFactor_Code,CollisionType_Code,VehicleDamage_Code,MovementPrecedingCollision_Code,ViolationCode,CrashTime,Distance
3,0,0,5,1,2,10,0,20,20.0
3,1,50,5,5,5,0,22350,7,240.0
3,1,37,5,0,2,0,0,14,140.0
3,2,22,5,6,1,10,21750,15,236.0
3,1,60,5,7,5,1,22107,17,0.0
3,1,61,5,5,1,8,0,13,51.0
18,2,0,5,5,5,5,22350,0,0.0
9,0,0,5,5,5,10,0,21,34.0
18,2,0,5,3,5,10,0,20,0.0
3,2,27,5,1,2,10,21657,2,150.0
3,2,24,4,3,5,8,0,14,51.0
3,2,28,4,0,5,0,0,2,0.0
3,1,48,4,0,3,2,0,15,0.0
18,2,0,5,6,5,10,21651,7,16.0
9,2,0,4,3,5,1,20002,11,10.0
3,0,0,5,3,5,10,0,1,180.0
3,0,0,5,3,1,10,0,15,173.0
3,5,44,5,0,3,0,21802,12,0.0
18,2,0,4,6,5,10,0,22,0.0
8,1,50,5,3,1,0,0,19,0.0
3,1,0,5,6,2,10,0,3,134.0
18,2,0,4,3,5,10,0,10,145.0
3,1,33,5,1,3,0,0,5,0.0
3,1,58,5,6,1,0,0,11,0.0
9,2,0,5,2,1,0,22107,17,0.0
3,0,0,5,3,2,10,0,2,54.0
10,2,36,3,8,5,10,21950,20,150.0
3,1,0,5,0,5,10,22107,5,102.0
9,2,29,4,0,5,3,0,9,51.0
13,2,0,4,3,5,1,0,8,0.0
3,7,33,5,5,3,0,21703,23,24.0
3,2,41,5,2,3,0,22350,2,0.0
6,2,31,5,5,2,0,22350,1,156.0
9,0,46,5,5,1,10,0,10,124.0
3,1,38,4,3,5,0,0,16,0.0
3,7,33,5,1,3,0,23152,1,50.0
3,2,50,5,6,1,0,0,20,0.0
3,5,54,5,3,3,0,21658,12,416.0
3,2,30,5,3,3,0,23101,11,0.0
3,2,0,4,5,5,0,0,8,100.0
18,2,0,4,3,5,10,0,22,0.0
3,1,23,5,5,4,0,22350,18,87.0
3,1,27,5,5,1,0,22350,17,0.0
18,2,0,4,5,5,0,0,12,0.0
3,1,51,5,0,2,2,21804,17,0.0
3,2,34,4,0,5,8,0,17,0.0
3,1,48,4,5,2,8,0,14,75.0
3,1,33,5,0,2,8,0,18,66.0
3,1,18,5,5,5,8,0,9,104.0
3,1,38,5,3,1,2,0,18,0.0
3,0,0,5,6,2,10,0,12,138.0
3,2,56,5,5,5,0,0,17,400.0
3,2,57,5,5,3,0,0,12,0.0
3,1,76,5,5,1,8,0,9,35.0
9,2,41,4,3,5,0,0,6,51.0
8,1,51,4,3,1,0,0,12,325.0
3,1,29,5,6,3,0,0,17,51.0
3,0,0,5,3,1,10,0,7,66.0
3,2,0,5,7,3,0,21453,14,0.0
3,0,26,5,7,1,10,22517,15,65.0
3,1,48,5,5,3,10,22102,8,280.0
3,1,43,6,5,1,0,22350,17,46.0
3,2,0,5,5,5,0,22350,17,450.0
18,2,52,4,7,5,0,0,15,0.0
3,1,49,5,0,2,0,0,0,0.0
3,0,0,5,6,2,10,0,0,0.0
9,0,0,5,3,2,10,0,15,400.0
0,6,48,0,1,1,2,21801,8,118.0
3,2,81,4,6,5,5,0,10,0.0
3,6,0,5,5,1,3,20002,13,105.0
3,1,29,5,0,1,8,0,22,0.0
10,1,26,5,8,5,8,0,20,287.0
3,1,33,5,0,3,2,21453,8,0.0
18,2,0,4,3,5,1,0,23,0.0
3,1,43,5,5,1,8,0,22,0.0
3,1,31,5,0,2,0,0,21,0.0
3,5,32,5,1,3,0,0,16,0.0
3,2,35,5,0,1,0,21802,10,0.0
3,7,26,5,5,2,0,23152,10,275.0
3,0,0,4,3,5,10,0,3,30.0
3,6,20,5,2,3,1,22350,7,37.0
3,2,23,4,6,5,0,0,23,15.0
3,7,47,5,3,4,0,23152,22,32.0
18,2,0,5,6,5,5,21801,17,0.0
3,2,0,4,5,5,0,0,17,0.0
3,2,41,5,6,1,1,22107,8,51.0
3,0,0,5,6,1,10,0,0,35.0
3,1,25,5,0,3,2,21801,18,0.0
3,1,53,5,5,5,1,22350,6,0.0
3,1,41,5,0,5,0,0,14,0.0
3,2,23,4,5,5,8,0,7,50.0
9,1,0,5,5,5,8,0,16,0.0
3,2,26,5,1,5,1,21650,10,0.0
3,1,45,5,6,2,0,0,17,3.0
3,7,38,5,5,3,0,23152,2,33.0
18,2,0,4,6,5,10,0,7,51.0
8,1,29,5,5,5,0,22350,18,245.0
18,2,0,4,6,5,9,0,8,50.0
3,1,48,5,5,2,8,0,10,0.0
3,1,27,5,5,5,10,0,12,0.0
3,1,25,5,5,1,0,0,21,150.0
3,2,0,4,6,5,1,0,13,0.0
10,2,61,4,8,5,10,0,18,17.0
3,2,0,4,6,5,0,0,8,181.0
3,2,34,5,5,1,8,0,22,50.0
3,0,0,5,3,1,10,0,4,27.0
3,2,0,5,3,5,10,0,18,151.0
3,2,0,5,3,3,10,22350,2,248.0
18,2,0,5,5,5,0,22350,9,0.0
3,2,0,5,6,1,0,21658,21,106.0
3,1,26,5,0,2,10,21460,23,135.0
3,2,0,5,3,5,2,22350,10,0.0
3,0,0,5,6,1,10,0,11,43.0
3,0,0,4,6,1,10,0,14,245.0
3,0,0,5,3,5,10,0,14,100.0
3,1,48,5,1,2,2,0,6,308.0
3,0,0,5,6,3,10,0,23,378.0
3,5,39,3,3,2,0,0,19,80.0
3,2,35,4,6,5,0,0,12,0.0
9,0,0,5,0,1,10,0,14,147.0
3,2,57,5,5,1,0,0,16,72.0
3,0,32,5,0,2,1,0,12,0.0
3,0,0,5,6,3,10,0,4,405.0
3,1,61,5,5,2,8,0,17,44.0
7,1,25,5,6,5,0,0,8,0.0
3,2,0,5,6,5,5,22107,21,0.0
3,2,28,5,5,2,0,22350,19,124.0
3,2,26,5,5,5,10,0,20,51.0
9,2,0,4,5,5,0,20002,15,0.0
3,0,0,5,3,3,10,0,1,82.0
3,2,42,5,5,3,10,0,7,130.0
3,2,0,5,6,2,0,22350,21,265.0
9,0,0,5,5,1,10,0,0,51.0
3,0,0,5,0,1,10,0,2,21.0
3,1,21,5,6,1,0,0,11,100.0
18,2,0,4,3,5,10,0,7,0.0
3,2,0,4,8,5,0,0,0,0.0
10,1,39,5,3,5,0,0,17,0.0
3,0,0,5,6,1,9,22517,8,50.0
3,2,58,4,5,1,3,0,22,149.0
3,1,23,5,5,3,8,0,17,112.0
3,2,0,5,6,2,10,22100,9,0.0
3,7,56,5,6,5,1,22350,18,0.0
3,1,25,5,0,1,0,22107,12,250.0
3,0,0,5,2,3,10,0,23,310.0
3,2,0,5,0,3,2,21453,18,0.0
3,0,0,4,6,2,10,0,0,51.0
3,2,0,5,8,5,0,22350,14,0.0
3,1,51,4,1,2,2,21453,11,0.0
3,2,39,5,2,3,10,22107,22,45.0
3,1,71,5,0,1,2,22450,17,0.0
18,1,46,5,5,3,0,22350,9,0.0
8,1,33,5,0,2,0,0,16,25.0
3,2,0,5,5,5,0,21453,20,30.0
3,7,42,5,3,3,10,23153,2,21.0
3,1,29,5,2,2,8,0,21,0.0
3,2,0,5,3,5,3,22106,12,30.0
3,0,0,5,1,2,10,0,6,455.0
3,1,44,5,3,2,0,22350,20,0.0
3,1,57,5,5,1,8,0,7,35.0
3,1,18,4,0,3,0,0,11,0.0
3,2,46,5,5,5,0,22350,8,16.0
9,2,0,5,5,5,0,22350,12,39.0
3,1,28,5,0,5,0,22450,9,0.0
3,2,18,4,3,5,0,0,10,0.0
8,1,54,5,0,2,0,21802,12,0.0
3,0,0,5,3,5,10,0,19,0.0
3,1,39,5,0,2,0,21453,13,0.0
3,2,32,5,6,1,8,0,7,0.0
3,2,0,5,5,5,0,22350,20,225.0
3,2,0,4,4,5,0,0,13,50.0
3,2,0,5,1,5,10,22350,16,167.0
3,1,37,5,7,5,1,21800,22,0.0
3,7,43,5,0,3,0,23153,19,0.0
3,1,49,5,6,2,0,0,8,27.0
3,1,21,4,5,1,10,21703,13,0.0
3,0,0,4,3,5,10,0,22,0.0
3,0,0,5,3,5,10,0,18,0.0
18,2,0,4,3,5,3,0,9,51.0
3,1,28,5,0,1,0,22350,13,0.0
3,2,27,4,5,5,0,0,14,0.0
3,1,64,0,3,2,0,0,11,0.0
3,0,0,4,6,5,10,0,2,0.0
3,1,28,5,5,1,10,0,14,300.0
3,1,44,5,5,1,0,21703,14,18.0
3,2,23,4,6,5,8,0,20,51.0
3,1,63,5,5,1,1,22107,23,0.0
3,2,0,5,3,5,0,0,17,0.0
18,1,47,5,8,5,2,21950,20,0.0
3,7,36,5,3,3,10,22350,3,55.0
3,1,45,0,7,3,0,0,23,0.0
3,1,32,5,5,2,8,0,21,24.0
3,0,0,5,0,1,10,0,11,0.0
18,2,0,4,3,5,5,0,14,0.0
3,2,0,5,5,5,0,22350,15,28.0
3,1,48,5,0,3,0,0,19,0.0
3,1,75,5,0,2,2,21801,17,200.0
3,2,74,5,1,3,0,0,16,0.0
3,1,26,5,0,1,0,21453,21,0.0
3,0,36,4,5,5,10,0,14,0.0
3,7,49,5,3,2,0,22350,19,345.0
3,2,0,4,2,5,3,0,7,50.0
3,2,60,4,6,1,10,0,17,0.0
3,1,49,4,0,5,2,0,15,0.0
9,1,45,0,3,5,10,0,7,0.0
3,2,26,4,0,5,0,0,14,0.0
3,1,40,5,0,2,0,0,9,0.0
3,7,23,5,6,2,2,23152,19,95.0
10,1,36,5,3,5,0,0,18,0.0
3,0,0,4,6,1,10,0,21,251.0
3,2,27,4,5,5,8,0,22,0.0
3,2,0,4,3,5,10,0,20,388.0
3,1,19,5,5,1,8,0,22,18.0
9,0,0,5,3,1,10,0,4,27.0
3,1,55,5,0,2,0,0,12,0.0
3,2,28,4,5,5,8,0,15,0.0
3,0,0,5,5,1,10,0,0,29.0
3,2,0,5,1,5,0,22350,2,131.0
3,1,47,5,6,2,0,0,14,0.0
3,0,0,5,3,3,10,0,6,75.0
0,1,18,5,7,5,0,0,11,0.0
3,1,19,4,6,2,10,0,13,382.0
3,1,39,5,0,5,0,0,19,248.0
9,1,44,5,1,2,0,0,14,263.0
3,1,54,1,0,3,0,0,21,0.0
3,2,0,4,6,5,5,0,17,51.0
3,2,0,5,7,5,0,22450,21,0.0
3,2,37,5,0,5,0,21453,18,0.0
3,2,46,5,8,5,1,21950,18,0.0
3,1,29,5,5,2,8,0,8,51.0
3,1,71,5,8,5,2,21801,10,0.0
9,2,28,4,5,5,0,0,12,0.0
9,1,57,5,5,1,10,0,8,0.0
3,1,0,4,0,5,2,21802,16,0.0
3,7,24,5,3,3,8,22350,0,700.0
3,2,33,4,3,5,5,0,6,0.0
3,7,20,5,5,3,0,22107,3,340.0
3,0,0,4,3,5,10,0,7,0.0
3,1,22,5,1,3,10,22107,17,93.0
3,1,47,5,6,1,0,0,16,51.0
3,1,58,0,7,1,1,0,15,155.0
3,0,0,5,6,1,10,0,3,400.0
3,1,22,5,0,2,2,21804,21,0.0
3,2,0,5,6,1,0,21658,13,0.0
3,1,64,5,0,3,0,0,4,0.0
3,1,25,5,0,3,0,0,11,0.0
3,2,0,5,1,2,10,21650,8,3.0
3,2,0,5,2,3,0,22350,23,176.0
3,0,0,5,3,1,10,0,7,144.0
3,2,23,4,5,5,10,0,21,0.0
3,1,27,5,5,1,8,0,9,104.0
3,2,21,5,5,1,8,0,17,254.0
3,1,49,5,0,2,8,0,20,29.0
3,1,66,5,1,3,0,0,22,139.0
3,1,49,5,5,3,0,0,20,78.0
3,0,0,5,3,2,10,0,10,0.0
3,0,0,5,3,1,10,0,18,0.0
9,1,64,5,0,2,2,0,14,0.0
3,7,37,5,5,3,0,22350,9,100.0
3,8,30,5,5,2,0,22350,10,0.0
3,1,59,5,0,2,2,0,9,0.0
3,0,0,5,6,2,10,0,11,51.0
3,6,45,5,3,2,2,22107,11,8.0
3,1,82,4,3,5,3,22515,13,0.0
3,2,0,4,5,5,10,0,12,0.0
3,0,20,5,4,3,10,0,23,140.0
10,1,20,5,3,5,0,0,21,0.0
0,1,43,5,7,5,0,0,18,60.0
3,2,49,4,5,5,8,0,16,0.0
3,1,39,5,0,3,10,22100,12,75.0
3,2,48,4,5,5,10,0,9,0.0
3,0,0,5,0,5,10,0,23,0.0
3,2,0,4,6,5,10,0,18,0.0
3,2,0,4,3,5,10,0,15,0.0
9,0,0,5,6,1,10,0,18,60.0
3,2,38,5,0,2,8,0,21,0.0
3,2,0,4,5,5,0,0,21,0.0
3,0,0,4,6,5,10,0,11,0.0
3,1,73,5,6,1,5,22350,13,1056.0
3,1,24,5,6,1,0,0,23,0.0
3,1,25,5,3,5,8,0,9,0.0
9,1,51,0,0,1,0,0,5,0.0
3,2,0,5,3,2,10,22107,0,60.0
3,2,0,4,3,5,10,0,21,0.0
10,1,75,5,8,5,10,0,20,0.0
3,2,0,5,5,5,0,22350,17,0.0
3,2,42,5,6,1,0,0,10,0.0
3,1,46,0,7,1,0,0,14,0.0
3,1,65,5,6,1,0,0,21,40.0
3,2,0,5,0,5,2,21801,8,0.0
18,2,0,4,3,5,10,0,8,51.0
3,0,0,4,6,2,10,0,5,130.0
3,2,61,4,5,5,0,0,16,0.0
0,1,21,4,3,5,0,0,12,0.0
3,7,0,4,3,3,0,0,3,0.0
3,2,26,4,5,5,10,0,19,51.0
9,1,32,5,7,1,8,21460,13,51.0
3,2,44,5,0,2,0,0,15,0.0
3,7,63,5,5,3,0,22350,3,140.0
3,1,53,5,0,3,0,21453,4,0.0
3,1,30,5,5,1,0,22350,8,145.0
6,1,44,4,6,2,10,0,11,0.0
3,2,0,4,5,5,0,0,21,51.0
3,1,27,5,5,1,8,0,22,87.0
3,2,0,4,0,5,10,0,5,0.0
3,5,22,5,3,3,0,0,2,0.0
0,1,53,0,7,1,5,22107,15,33.0
3,0,0,5,3,2,10,0,2,0.0
9,6,0,5,3,3,2,22350,3,0.0
3,0,0,5,6,2,10,0,3,320.0
3,0,0,5,2,5,10,0,22,290.0
3,1,50,4,0,2,0,0,22,3.0
3,0,0,5,3,1,10,0,21,355.0
3,0,0,5,5,3,10,0,17,42.0
3,2,40,4,6,5,0,0,8,0.0
3,5,32,5,2,1,10,22100,20,110.0
9,0,0,5,3,2,10,0,20,102.0
3,2,22,4,6,5,10,0,11,51.0
3,1,65,5,5,3,2,22350,14,0.0
4,0,0,5,3,5,10,0,2,208.0
3,0,0,5,6,2,10,0,22,90.0
3,2,0,4,5,5,10,0,12,51.0
3,1,62,5,7,5,2,21950,13,0.0
3,1,34,4,3,5,3,0,16,0.0
3,0,0,5,2,1,10,0,11,85.0
3,0,0,5,6,2,10,0,18,56.0
3,1,43,0,3,1,0,0,15,100.0
3,2,0,5,5,5,0,22350,11,0.0
3,1,41,5,0,2,0,21802,10,0.0
3,1,19,5,6,1,10,21460,15,120.0
3,1,70,4,2,3,0,2,17,0.0
3,1,28,5,5,3,10,0,14,51.0
3,1,28,5,0,2,0,0,3,0.0
9,7,21,5,2,2,2,22350,21,0.0
3,0,0,5,6,1,10,0,23,122.0
3,1,40,5,5,1,8,0,17,0.0
3,1,59,5,5,1,0,0,17,400.0
3,2,0,5,3,5,0,22350,15,150.0
3,1,32,4,0,2,2,0,20,0.0
3,1,18,5,5,2,0,22350,15,0.0
3,1,66,5,5,1,8,0,11,0.0
13,1,45,5,5,1,8,0,18,0.0
3,7,24,5,5,3,0,23152,20,210.0
18,2,0,4,3,5,10,0,23,51.0
3,1,38,5,5,2,1,0,13,100.0
3,6,20,5,3,2,10,22107,18,80.0
9,2,0,5,5,2,0,22350,7,35.0
3,1,22,5,0,3,10,22107,10,220.0
18,2,0,4,3,5,10,0,10,51.0
9,2,42,5,5,1,2,21703,10,0.0
9,2,0,5,3,5,8,0,17,0.0
10,1,21,5,3,5,0,0,15,0.0
3,0,0,5,5,2,10,0,14,0.0
3,2,0,4,0,5,10,0,17,0.0
18,0,0,4,5,5,10,0,18,180.0
0,2,17,4,3,1,0,0,7,0.0
3,2,31,5,0,2,0,0,17,0.0
9,0,0,5,3,5,10,0,0,0.0
0,1,0,5,3,5,0,0,18,0.0
3,1,20,5,5,3,0,0,22,0.0
3,2,0,4,6,5,5,0,16,0.0
3,1,25,5,0,3,2,0,18,24.0
3,1,27,5,3,3,0,0,16,114.0
3,0,0,5,5,1,10,0,1,100.0
13,1,49,5,2,2,1,22107,7,0.0
3,1,77,5,7,2,0,21802,12,0.0
3,2,0,5,3,5,10,20002,16,0.0
3,2,0,5,3,1,3,20002,23,0.0
3,1,29,5,3,2,10,22107,17,0.0
3,0,0,4,1,2,10,0,19,58.0
3,2,39,5,0,1,10,22106,14,31.0
3,2,0,5,3,5,10,20002,0,108.0
3,0,0,5,3,2,10,0,9,0.0
3,1,29,5,0,1,0,22450,22,0.0
3,2,18,4,0,5,0,0,23,0.0
9,6,0,6,0,5,0,21453,12,0.0
3,2,0,4,5,5,0,0,17,0.0
3,1,64,3,3,3,0,0,8,50.0
3,0,0,5,3,3,10,0,18,0.0
3,2,56,5,6,1,0,0,14,368.0
3,2,28,4,5,5,0,0,12,0.0
10,2,63,5,3,5,0,0,15,0.0
10,2,53,4,3,5,10,21954,18,0.0
3,1,23,5,2,3,0,22350,19,0.0
3,1,48,5,0,3,0,0,8,0.0
3,2,0,4,5,5,0,0,7,0.0
3,0,0,5,3,2,10,0,22,348.0
3,1,33,5,0,2,0,21453,10,0.0
9,1,26,5,5,1,0,22350,5,13.0
3,2,37,4,3,5,8,0,16,0.0
3,1,49,5,1,5,0,0,19,200.0
3,2,0,4,6,1,0,0,9,169.0
3,1,58,5,7,1,1,22107,15,18.0
10,1,76,0,8,5,1,0,7,380.0
3,2,49,5,0,3,0,0,17,132.0
18,2,0,5,3,5,0,22350,4,0.0
3,2,66,4,5,3,8,0,16,0.0
9,2,52,5,5,1,0,21703,11,0.0
13,2,0,4,2,5,10,0,12,0.0
3,2,0,5,3,5,0,20002,17,0.0
3,1,50,5,1,3,0,21650,15,0.0
9,2,56,4,7,1,2,0,7,0.0
18,2,0,4,5,5,10,0,7,333.0
3,2,0,4,5,5,0,0,21,51.0
9,0,0,5,5,3,10,0,17,88.0
3,1,60,4,8,3,0,0,22,300.0
3,1,56,5,0,1,8,0,18,10.0
3,1,59,4,0,2,0,0,20,0.0
3,1,62,5,2,3,2,22350,21,0.0
3,2,0,5,5,2,0,22350,22,60.0
17,2,28,4,4,4,2,0,13,2126.0
3,1,20,5,6,2,8,0,15,0.0
3,0,0,5,6,2,10,0,0,107.0
3,1,60,5,5,5,8,0,16,0.0
9,1,53,5,0,1,0,0,13,0.0
3,0,0,0,5,1,10,0,8,139.0
3,7,21,5,2,3,10,23103,2,0.0
3,2,67,5,5,5,8,0,12,0.0
3,1,34,4,0,3,0,0,5,0.0
3,2,37,5,6,5,5,21658,14,284.0
3,2,45,4,5,5,8,0,17,0.0
3,1,44,5,0,3,2,0,19,0.0
9,2,79,4,5,5,9,0,7,0.0
3,1,20,5,0,2,0,21802,7,0.0
9,0,0,5,5,3,10,0,22,110.0
3,1,33,5,3,1,0,0,9,100.0
3,0,68,5,5,2,10,0,13,370.0
3,2,21,5,0,3,0,0,15,0.0
3,2,59,5,5,2,8,0,2,0.0
3,1,22,4,1,1,0,0,12,90.0
3,1,38,5,1,1,8,0,17,0.0
3,1,41,5,0,2,0,0,14,0.0
18,2,0,5,3,5,10,0,9,0.0
3,2,33,5,0,3,0,21457,13,0.0
3,1,32,5,5,2,8,0,12,39.0
3,1,52,5,5,3,0,22350,17,0.0
3,1,25,5,0,2,0,0,16,0.0
3,1,28,4,0,2,0,0,10,0.0
8,1,21,5,3,2,0,0,15,174.0
10,0,48,5,8,5,8,21956,13,0.0
3,1,24,5,5,2,8,0,0,37.0
18,0,0,4,3,5,10,0,12,0.0
9,0,0,5,6,1,10,0,0,180.0
18,2,0,4,6,5,10,0,16,0.0
1,1,40,5,6,1,0,0,15,0.0
10,1,27,5,8,5,10,0,7,0.0
3,0,0,5,2,5,10,0,22,32.0
9,0,0,5,6,2,10,0,20,0.0
0,2,0,0,6,5,2,0,16,31.0
3,0,0,5,6,3,10,0,12,0.0
3,7,23,5,0,4,0,21453,21,0.0
18,2,0,4,6,5,10,0,0,0.0
3,2,39,4,8,1,8,0,18,0.0
10,2,54,5,3,5,0,21456,13,0.0
3,2,54,5,1,2,0,0,11,0.0
9,2,0,5,6,5,5,21658,16,150.0
3,1,38,5,0,2,0,21453,8,0.0
13,2,25,5,5,1,8,0,14,0.0
3,1,32,5,5,2,0,0,12,0.0
9,0,0,4,3,1,10,0,19,100.0
3,1,28,5,5,3,0,0,3,47.0
3,0,0,5,6,1,10,0,0,185.0
3,2,35,2,2,2,0,0,8,42.0
17,1,24,5,5,1,0,0,16,450.0
3,2,0,4,3,1,10,0,15,0.0
3,0,0,5,3,2,10,0,16,0.0
3,2,55,5,2,3,10,0,6,0.0
18,2,0,4,5,5,0,0,12,318.0
3,1,18,5,0,2,0,21453,20,0.0
3,2,0,4,6,5,10,0,0,0.0
10,1,49,5,8,5,10,0,15,0.0
9,0,0,4,1,5,10,0,6,51.0
3,0,0,5,6,3,10,0,18,57.0
3,2,40,5,5,3,0,22350,17,82.0
3,2,0,5,0,2,2,22107,20,142.0
3,1,47,5,0,2,2,21801,15,0.0
3,1,23,5,5,1,10,0,23,77.0
3,2,18,4,0,5,2,0,2,0.0
3,0,0,5,5,3,10,0,15,153.0
3,0,0,5,6,1,10,0,4,84.0
3,1,50,5,3,5,0,22400,21,0.0
13,2,0,5,6,5,5,22107,7,0.0
3,2,42,4,5,5,0,0,10,0.0
3,2,0,4,6,5,2,0,12,0.0
3,1,22,5,1,1,2,0,8,0.0
3,1,52,5,5,1,8,0,15,0.0
3,1,59,5,6,1,1,22107,12,75.0
3,2,26,5,1,3,10,21651,17,400.0
3,1,27,5,5,1,8,0,15,0.0
3,1,36,5,0,2,2,0,23,0.0
3,2,0,5,6,5,10,21750,17,51.0
3,0,0,4,5,5,10,0,2,200.0
3,1,77,5,6,2,0,0,9,688.0
3,1,37,5,5,1,8,0,14,126.0
3,2,0,5,8,5,10,21952,18,0.0
10,1,18,5,8,5,0,0,20,0.0
3,2,30,5,1,3,0,0,14,296.0
3,1,56,5,0,2,0,0,19,0.0
3,2,0,5,5,2,0,22350,18,0.0
3,1,45,5,1,2,2,0,7,0.0
3,1,52,5,5,1,8,0,14,50.0
9,1,28,4,8,5,0,0,19,200.0
3,1,76,5,1,2,0,22107,14,25.0
3,2,0,4,3,5,8,0,16,495.0
3,2,0,4,3,5,10,0,13,100.0
3,0,0,5,6,1,10,0,20,80.0
3,1,28,5,5,1,0,22350,20,0.0
9,1,23,5,5,1,8,0,7,0.0
18,2,0,5,7,5,9,24002,7,833.0
18,2,0,5,0,5,10,21804,21,950.0
1,1,51,5,6,3,2,22350,8,0.0
3,7,25,5,6,3,0,23152,23,368.0
3,1,20,5,5,3,0,22350,17,528.0
3,2,0,4,0,5,1,0,20,0.0
18,1,83,5,0,1,3,22106,12,125.0
3,1,44,5,0,2,2,21801,8,0.0
3,1,58,5,5,1,0,21800,16,205.0
8,1,51,5,0,2,0,0,16,28.0
3,0,0,5,6,1,10,0,23,31.0
3,2,21,4,5,5,0,0,18,0.0
3,1,18,5,0,3,2,0,0,0.0
3,1,45,5,5,3,8,0,16,9.0
3,1,34,5,5,1,0,22350,15,130.0
3,1,41,5,5,2,0,0,15,51.0
3,2,43,4,6,5,0,0,21,0.0
9,0,0,5,6,3,10,0,23,94.0
3,2,0,5,5,5,0,22350,8,39.0
3,1,20,5,0,2,2,0,7,0.0
3,2,0,5,5,1,0,22350,0,0.0
9,1,56,5,5,1,8,0,14,0.0
10,2,25,3,8,5,10,21954,17,27.0
3,1,39,5,3,2,5,21658,13,375.0
3,2,29,4,0,5,2,20002,7,0.0
3,0,0,5,5,1,10,0,12,51.0
8,1,37,5,0,2,0,0,17,172.0
3,2,0,4,6,5,0,0,15,0.0
3,0,0,5,1,3,10,0,0,33.0
3,0,0,4,6,5,10,0,0,0.0
0,1,60,0,7,5,0,21209,7,0.0
10,2,62,4,8,5,10,0,14,0.0
0,2,0,4,7,5,0,0,10,0.0
3,2,0,5,3,5,8,22350,16,300.0
3,1,39,5,0,2,0,22107,19,0.0
3,2,0,4,5,5,1,0,18,0.0
3,1,0,5,0,5,10,20002,17,0.0
9,1,44,5,0,1,8,0,5,0.0
3,0,0,4,6,5,10,0,17,51.0
3,1,36,5,0,3,0,0,18,0.0
3,1,62,5,6,2,0,0,18,0.0
3,2,0,4,5,5,0,0,15,51.0
3,2,0,4,3,5,3,0,20,0.0
3,2,40,4,6,5,0,0,10,0.0
3,1,21,5,6,2,5,21658,17,45.0
3,2,0,5,6,1,0,22107,10,385.0
10,1,39,5,3,5,10,0,9,112.0
9,0,0,4,1,5,10,0,15,0.0
3,1,59,5,0,2,0,21453,20,28.0
9,1,23,5,6,2,2,0,7,0.0
3,1,75,5,3,1,8,0,18,0.0
3,0,0,4,0,5,10,0,9,51.0
0,1,28,0,7,2,0,22350,18,0.0
9,1,35,5,0,2,2,21801,19,0.0
3,2,57,4,0,3,2,0,6,0.0
3,2,39,5,1,2,0,0,17,30.0
18,2,0,5,0,5,0,22350,0,0.0
18,2,0,4,6,5,0,0,23,51.0
3,0,0,5,5,1,10,0,14,188.0
3,1,28,5,3,5,0,21658,17,0.0
9,2,0,4,2,5,10,0,8,290.0
3,1,45,5,5,2,8,0,8,0.0
9,1,26,5,0,1,2,0,7,51.0
3,1,81,5,5,2,0,22350,10,170.0
3,1,69,5,3,2,10,21804,15,1000.0
3,1,58,5,5,1,8,0,11,84.0
3,1,50,5,1,2,0,0,2,0.0
3,7,0,5,6,3,0,23152,1,122.0
3,0,0,5,6,2,10,0,7,113.0
3,2,52,5,5,4,0,22350,7,0.0
3,2,23,4,5,3,8,0,15,0.0
18,2,0,4,3,5,10,0,10,51.0
3,1,47,5,6,1,1,22107,13,0.0
9,1,31,5,5,1,10,21453,20,75.0
3,2,46,5,2,3,10,21651,22,16.0
9,1,26,5,5,2,0,22350,15,32.0
3,2,0,5,0,3,0,21453,9,0.0
3,2,45,5,3,3,0,0,11,1056.0
3,1,29,5,0,2,0,21804,17,100.0
3,2,40,5,2,3,10,21755,8,0.0
3,1,35,5,5,2,8,0,10,150.0
3,1,0,4,8,5,0,0,18,0.0
3,1,36,5,5,1,8,0,9,275.0
3,1,28,5,5,3,5,22350,13,51.0
3,2,24,5,5,1,8,0,9,0.0
3,1,20,5,0,1,2,22107,14,0.0
9,2,43,5,5,3,8,0,17,200.0
3,0,0,5,0,2,10,0,21,250.0
3,0,0,5,6,3,10,0,5,114.0
3,2,0,4,3,5,3,0,7,51.0
3,2,0,4,5,5,0,0,21,0.0
9,1,42,5,5,1,8,0,10,20.0
3,2,69,4,0,5,2,0,8,0.0
3,2,0,5,3,2,0,20002,2,115.0
3,1,22,5,5,1,8,0,19,155.0
3,1,27,5,6,2,0,0,13,37.0
3,1,23,5,6,2,0,0,15,0.0
3,1,29,6,6,1,1,22350,19,157.0
3,1,86,5,5,2,0,22350,13,40.0
3,1,26,5,5,2,0,22350,10,0.0
3,2,29,5,6,2,0,0,11,0.0
18,2,0,4,3,5,0,0,13,0.0
3,2,0,5,1,2,2,22350,4,53.0
3,2,0,5,1,5,10,21650,2,445.0
3,0,0,5,6,2,10,0,3,54.0
3,0,0,5,6,1,10,0,19,220.0
3,2,0,4,3,3,0,22350,1,0.0
3,2,43,5,5,1,8,0,19,189.0
3,1,29,4,0,5,0,0,8,0.0
3,1,36,5,8,1,8,0,18,0.0
3,1,41,5,0,1,2,0,2,0.0
3,1,73,5,5,1,8,0,11,54.0