PartyType_Code,Sobriety_Code,Age,PrimaryCollisionFactor_Code,CollisionType_Code,VehicleDamage_Code,MovementPrecedingCollision_Code,ViolationCode,CrashTime,Distance
3,0,0,5,3,5,10,0,21,170.0
3,1,46,5,0,2,0,0,19,0.0
3,2,44,3,8,1,0,0,14,0.0
3,0,0,5,3,1,10,0,3,0.0
3,2,56,4,6,5,9,0,17,51.0
3,2,0,4,5,5,0,22350,14,0.0
3,1,48,5,5,1,8,0,16,0.0
0,1,48,5,3,5,0,0,8,115.0
9,0,0,5,5,1,10,0,6,129.0
3,0,0,5,4,2,10,0,0,280.0
3,1,36,5,5,5,0,22106,17,100.0
3,1,59,4,0,1,0,0,14,0.0
3,2,25,4,3,5,10,0,12,51.0
3,2,42,4,0,5,8,0,6,51.0
3,0,0,5,6,1,10,0,3,0.0
3,1,22,5,5,2,0,22350,16,0.0
3,2,28,5,1,3,0,22350,22,1056.0
10,2,61,3,8,5,0,21804,18,0.0
3,0,0,5,5,5,10,0,15,132.0
3,2,27,5,3,3,10,0,21,57.0
3,0,0,5,6,2,10,0,8,0.0
3,1,29,5,0,1,8,21453,11,0.0
9,0,0,4,3,3,10,0,3,90.0
3,1,26,5,0,2,2,0,20,210.0
3,1,27,5,3,5,10,22103,12,0.0
3,0,0,5,0,1,10,0,23,174.0
18,2,0,5,2,5,9,22350,23,33.0
3,1,23,5,5,1,0,0,18,1490.0
3,1,18,5,0,3,0,0,9,0.0
3,2,0,5,3,5,0,20002,21,267.0
3,2,0,4,3,5,0,0,3,51.0
3,1,24,5,6,3,0,0,8,0.0
18,2,0,5,6,5,0,22107,18,150.0
3,1,24,5,1,3,0,0,21,0.0
3,7,43,5,3,3,10,23152,23,159.0
3,2,0,4,0,5,2,0,7,0.0
3,1,55,5,3,3,0,0,9,0.0
3,1,39,5,5,1,8,0,21,204.0
3,1,25,5,1,2,2,21801,20,0.0
3,1,0,5,6,2,0,0,10,150.0
18,2,0,5,3,5,0,22350,6,30.0
0,1,43,5,7,5,0,0,16,0.0
3,1,44,5,0,2,2,0,8,0.0
3,2,0,5,3,5,0,21752,0,245.0
3,7,22,5,3,2,0,23152,1,0.0
3,1,68,5,1,2,2,0,21,0.0
3,1,29,5,6,1,10,0,8,0.0
3,1,31,1,5,1,8,0,18,0.0
3,1,48,5,0,3,0,21453,7,0.0
3,1,57,4,1,5,0,0,18,0.0
3,1,21,5,0,4,0,22350,19,127.0
3,2,0,5,1,1,0,0,23,22.0
3,2,27,5,6,1,0,21658,18,174.0
3,1,30,5,0,2,10,0,16,0.0
9,1,52,5,5,1,0,22350,9,40.0
3,1,39,4,5,5,0,22350,12,150.0
3,2,0,4,5,5,0,0,19,0.0
9,2,0,4,5,5,0,0,0,0.0
3,1,80,5,0,2,0,0,11,0.0
3,2,0,4,5,5,0,0,16,0.0
3,0,0,5,5,2,10,0,11,51.0
9,1,21,5,3,3,0,22350,13,0.0
0,2,40,6,3,1,0,0,8,325.0
3,0,0,5,3,2,10,0,22,275.0
3,1,39,5,0,2,0,22350,9,0.0
3,0,0,5,5,1,10,0,4,340.0
3,2,0,4,6,5,10,0,9,0.0
3,1,85,5,0,3,2,22107,7,0.0
9,7,39,5,3,2,0,23152,4,200.0
3,0,0,5,6,1,10,0,2,140.0
3,8,29,5,3,3,0,22350,7,230.0
18,2,0,5,3,5,8,0,18,0.0
18,1,54,5,0,5,0,0,8,0.0
3,2,0,4,5,5,0,0,14,0.0
9,2,0,5,6,5,1,21453,10,63.0
3,2,0,4,0,5,0,0,18,0.0
3,2,0,4,0,5,0,0,17,248.0
18,2,0,5,3,5,5,0,0,0.0
0,1,28,5,3,5,10,21650,15,90.0
3,0,0,5,6,2,10,0,15,362.0
3,2,38,4,5,5,0,0,20,0.0
3,7,25,5,5,3,0,22350,0,81.0
9,0,0,4,6,5,10,0,19,105.0
3,2,0,4,5,5,0,0,18,0.0
3,0,0,5,5,1,10,0,1,138.0
3,2,38,5,0,1,3,22106,23,24.0
3,2,44,5,0,2,0,0,12,0.0
3,1,68,5,0,3,8,0,20,0.0
3,1,44,5,8,5,0,21954,18,0.0
0,1,16,5,3,1,0,0,10,0.0
3,2,23,5,5,3,0,22350,3,343.0
3,1,51,5,2,3,0,22350,2,57.0
18,2,0,5,1,3,0,22350,2,95.0
3,1,19,5,0,3,2,21800,19,0.0
3,1,71,5,0,5,1,21802,13,0.0
3,2,0,5,5,5,1,22107,11,89.0
3,1,53,5,1,1,2,0,8,220.0
3,1,0,5,0,2,0,0,13,360.0
3,2,47,4,6,5,0,0,19,51.0
3,1,23,5,1,3,0,0,15,0.0
3,1,30,5,0,3,0,0,1,0.0
9,2,29,5,3,3,10,22107,8,0.0
8,2,52,5,0,1,0,0,0,200.0
3,0,0,5,5,2,10,0,11,78.0
3,1,68,5,0,3,0,0,17,0.0
9,2,0,4,5,5,2,0,12,51.0
3,2,20,4,6,5,0,0,18,0.0
18,2,0,4,5,5,2,0,12,0.0
3,1,58,5,0,3,0,0,15,0.0
6,1,0,5,6,1,2,0,20,49.0
3,2,51,5,1,3,10,22107,18,290.0
3,1,35,5,0,2,10,21804,12,0.0
0,1,12,4,7,5,10,0,17,264.0
3,2,0,4,0,2,0,0,5,154.0
3,1,47,5,5,1,8,0,19,0.0
3,2,0,5,3,5,10,0,17,0.0
3,2,0,5,6,3,0,22350,13,140.0
3,2,53,5,5,3,5,22107,18,0.0
3,1,25,5,3,5,2,22107,8,0.0
3,2,0,5,5,5,8,22350,14,0.0
3,0,24,5,0,1,10,0,18,0.0
18,2,0,4,5,5,10,0,11,51.0
3,1,16,5,0,3,10,21804,16,192.0
3,1,26,5,5,2,8,0,18,0.0
11,1,16,5,7,3,0,0,10,35.0
3,2,63,4,5,5,8,0,13,0.0
3,0,0,5,6,1,10,0,22,26.0
3,7,33,5,5,1,0,23152,16,56.0
3,1,0,5,5,1,0,22350,13,0.0
3,1,43,5,5,1,8,0,14,26.0
3,0,0,4,3,5,10,0,9,0.0
3,2,0,5,0,2,2,21800,16,0.0
18,2,0,4,6,5,0,0,6,0.0
3,1,26,5,0,3,0,0,1,0.0
3,2,18,5,0,3,0,21453,18,0.0
3,0,0,5,6,2,10,0,3,206.0
3,1,49,5,0,3,0,21453,14,0.0
3,2,36,5,5,5,0,0,14,275.0
3,1,42,5,6,1,2,0,21,120.0
3,0,0,4,3,2,10,0,0,30.0
8,1,22,5,0,3,0,22450,22,0.0
3,1,29,5,5,1,8,0,14,29.0
3,2,61,0,7,1,0,0,13,0.0
3,1,0,5,1,2,0,0,15,0.0
3,7,23,5,5,3,0,23153,21,48.0
3,1,23,4,1,5,10,12500,17,0.0
3,0,0,4,5,5,10,0,8,0.0
9,1,26,5,3,3,10,22350,21,375.0
3,0,0,5,6,1,10,0,13,134.0
9,0,0,5,5,1,10,0,23,51.0
3,2,23,5,0,3,0,0,8,0.0
3,2,62,5,0,3,0,0,13,54.0
3,2,32,4,1,5,0,0,9,0.0
9,0,0,5,5,2,10,0,12,0.0
18,2,0,5,7,5,0,21950,8,0.0
3,0,0,5,5,1,10,0,21,274.0
3,2,28,5,0,3,0,0,22,0.0
3,1,61,5,0,2,0,0,16,0.0
9,0,0,5,5,2,10,0,7,150.0
9,0,0,5,0,3,10,0,0,0.0
18,2,0,4,6,5,10,0,16,75.0
3,1,67,5,5,5,8,0,17,0.0
3,0,0,5,6,2,10,0,21,115.0
3,1,36,5,3,1,1,21804,11,630.0
3,1,38,5,0,3,2,0,14,0.0
3,1,38,4,5,2,0,21703,9,0.0
3,2,0,5,5,2,3,22106,18,51.0
3,1,64,5,5,5,8,0,18,20.0
3,1,22,5,0,5,0,0,7,0.0
3,0,0,5,6,5,10,0,20,106.0
10,2,70,5,3,5,0,0,11,0.0
3,1,16,5,0,1,2,22107,19,0.0
3,2,0,4,5,5,0,0,16,0.0
9,1,49,5,5,2,8,0,18,85.0
18,2,0,5,6,5,0,21658,10,0.0
3,2,42,0,7,5,1,0,8,0.0
9,1,49,3,8,5,8,0,8,340.0
3,1,56,5,5,3,0,22350,11,0.0
3,1,35,5,1,3,0,0,15,0.0
3,1,29,5,5,2,0,22350,14,550.0
3,1,35,5,3,4,0,0,9,0.0
3,0,0,5,6,2,10,0,22,143.0
3,0,0,0,3,2,10,0,19,211.0
9,2,0,4,8,5,0,0,12,81.0
3,0,0,5,6,2,10,0,12,150.0
3,2,0,4,0,5,9,0,17,0.0
3,2,0,5,3,5,0,22107,17,0.0
3,1,22,4,5,5,0,22350,8,600.0
3,0,0,5,5,3,10,0,0,220.0
3,1,21,5,0,3,0,0,16,0.0
3,0,0,5,6,1,10,0,18,30.0
18,2,0,5,3,5,0,22350,15,135.0
9,1,50,5,1,5,2,21950,17,0.0
3,1,20,5,0,2,2,0,0,0.0
0,1,38,4,7,5,2,0,8,0.0
3,1,18,5,1,5,8,0,19,0.0
9,1,38,0,7,5,0,0,15,679.0
3,0,0,4,6,5,10,0,1,100.0
3,2,0,5,0,5,0,21453,11,0.0
9,0,0,5,6,2,10,0,3,0.0
3,1,35,5,2,2,1,23152,22,22.0
3,1,39,4,0,2,0,21453,22,0.0
3,2,0,5,1,5,10,22350,7,0.0
3,1,18,4,0,2,0,21453,18,0.0
9,2,20,4,6,5,10,0,11,51.0
0,1,34,5,7,5,0,0,8,0.0
3,1,20,5,5,1,0,0,14,250.0
3,1,26,5,5,2,0,22350,17,55.0
18,2,0,4,3,5,10,0,2,0.0
3,1,35,5,0,2,2,0,0,0.0
3,2,0,5,2,2,0,22107,16,153.0
9,2,0,4,2,5,10,0,11,40.0
18,2,0,4,6,5,10,0,10,51.0
3,1,23,5,0,3,2,0,18,0.0
3,1,42,5,5,1,1,0,16,234.0
3,7,52,5,6,3,0,23153,19,0.0
9,2,43,4,5,5,10,0,17,0.0
3,0,36,5,0,3,10,0,7,27.0
3,1,46,5,5,3,0,0,17,0.0
3,2,48,5,5,1,0,22350,1,23.0
9,2,50,5,6,2,0,22107,3,51.0
3,0,0,5,3,2,10,0,19,425.0
3,1,35,5,6,1,8,0,17,24.0
3,0,0,4,3,5,10,0,10,0.0
3,2,0,4,1,5,10,21460,22,0.0
18,2,0,4,5,5,10,0,8,0.0
3,2,33,5,5,1,0,21703,19,85.0
3,0,0,5,5,1,10,0,6,0.0
3,1,33,5,3,3,0,22350,1,50.0
3,0,0,5,2,3,10,0,21,120.0
3,0,0,5,0,1,10,0,13,44.0
3,1,51,5,0,1,3,21804,18,148.0
3,2,34,5,1,1,0,0,13,48.0
3,1,32,5,3,5,2,0,20,0.0
3,0,0,5,5,1,10,0,2,164.0
3,2,23,4,0,5,0,0,23,0.0
18,2,0,4,3,5,10,0,10,0.0
9,1,33,4,6,1,1,0,11,0.0
3,1,25,5,5,1,8,0,22,0.0
9,2,0,5,1,1,1,22107,12,0.0
3,1,31,5,5,2,8,0,18,51.0
3,1,26,5,0,2,0,0,17,0.0
3,2,18,4,1,3,0,0,14,0.0
3,1,24,5,2,1,0,0,23,150.0
9,1,36,5,6,1,0,0,14,51.0
3,1,53,5,0,2,10,21804,14,0.0
3,1,22,4,3,5,2,0,14,0.0
3,1,27,5,1,2,0,23123,18,42.0
3,0,0,4,3,3,10,0,2,0.0
3,0,0,5,0,1,10,0,19,360.0
10,1,35,5,8,5,10,0,15,0.0
18,1,71,5,5,1,8,0,12,0.0
3,0,0,5,5,3,10,0,19,60.0
3,2,0,5,6,5,0,22350,16,60.0
3,1,44,5,1,3,2,0,11,0.0
3,1,41,4,5,1,0,0,17,99.0
3,1,34,5,5,1,8,0,22,0.0
3,2,0,4,5,5,0,0,17,0.0
8,1,21,5,2,2,10,22350,17,2404.0
3,7,24,5,6,1,1,23152,23,80.0
3,1,19,5,0,3,2,23103,12,0.0
3,1,25,5,1,3,0,0,21,164.0
3,0,0,5,6,3,10,21658,0,153.0
3,2,55,4,0,5,0,0,12,51.0
18,2,0,4,5,5,10,0,19,76.0
3,2,0,4,5,5,8,0,12,51.0
3,0,0,1,6,5,10,0,10,41.0
3,2,27,4,6,5,10,0,8,51.0
10,1,20,5,3,5,10,0,17,0.0
3,2,38,4,7,5,1,0,13,0.0
3,2,0,4,6,5,0,0,8,51.0
3,2,46,4,5,5,2,0,8,0.0
18,2,0,4,1,5,2,0,13,0.0
3,2,66,5,8,1,1,21950,19,20.0
3,1,58,5,5,1,10,0,10,0.0
3,1,45,5,0,2,0,21802,18,8.0
9,1,33,5,3,1,10,21804,16,1320.0
8,1,0,5,3,3,2,0,22,153.0
9,1,39,5,0,3,0,21453,15,0.0
3,2,28,4,5,5,10,0,12,0.0
3,2,0,5,3,5,10,0,2,50.0
3,0,0,5,3,1,10,0,23,338.0
3,1,52,5,5,2,8,0,10,35.0
3,2,0,5,5,5,0,22350,17,0.0
3,1,38,5,5,1,0,22350,5,12.0
9,1,18,5,1,3,2,21801,17,0.0
9,0,0,5,5,1,10,0,1,359.0
3,1,22,5,0,2,0,21802,9,0.0
3,1,43,5,0,3,0,0,22,0.0
3,1,32,5,0,2,8,0,12,0.0
3,1,37,5,0,1,8,0,20,0.0
3,1,25,5,0,1,3,22106,15,686.0
9,1,46,5,3,5,10,22107,7,510.0
18,2,0,5,6,5,0,22100,20,200.0
3,1,32,4,5,1,0,0,15,0.0
3,1,73,5,7,1,2,21801,15,0.0
3,0,0,4,6,2,10,0,11,173.0
9,2,0,4,3,5,3,0,9,0.0
3,2,29,5,6,1,0,0,20,75.0
3,2,28,5,1,2,10,22450,20,0.0
3,1,64,5,5,2,8,0,13,128.0
9,1,46,4,6,1,0,0,8,20.0
3,6,0,5,6,3,0,22350,21,0.0
3,1,43,4,0,2,0,21453,15,0.0
3,0,0,5,6,1,10,0,4,267.0
3,1,45,5,5,1,8,0,22,17.0
3,7,24,5,3,1,1,23152,21,30.0
10,2,0,3,8,5,10,21955,19,246.0
3,1,24,5,3,1,1,22107,15,0.0
3,0,0,4,3,5,10,0,6,255.0
9,2,26,5,1,3,8,0,19,30.0
3,1,67,5,6,2,0,0,12,0.0
3,1,34,5,5,2,8,0,6,20.0
3,1,39,5,0,3,0,21453,1,0.0
3,7,53,5,5,2,0,21658,20,78.0
3,1,34,5,0,1,8,0,19,110.0
3,1,60,5,5,1,8,0,21,30.0
3,1,46,4,3,5,2,22107,16,0.0
3,1,30,5,6,2,10,22107,3,190.0
3,2,72,4,6,5,0,0,18,0.0
3,2,35,5,1,3,0,0,7,0.0
3,1,36,5,5,1,0,0,8,64.0
10,1,83,5,3,5,0,0,15,0.0
3,1,66,5,8,5,4,22106,8,300.0
3,0,0,3,6,3,10,0,23,180.0
3,2,43,5,6,1,10,0,12,0.0
3,1,61,5,5,1,10,21703,14,40.0
3,0,0,5,5,2,10,0,5,60.0
3,1,84,5,3,1,0,21453,13,0.0
3,1,62,5,2,3,10,22350,5,160.0
3,2,0,5,1,5,10,22106,18,130.0
3,2,0,5,0,3,9,21453,8,0.0
3,2,23,4,3,5,10,0,15,51.0
3,5,28,5,5,2,0,22350,21,0.0
3,2,0,4,5,5,0,0,15,0.0
3,0,0,5,3,2,10,0,5,0.0
3,2,76,4,6,1,0,0,10,0.0
10,1,66,5,8,5,0,0,18,0.0
13,1,36,6,3,5,1,0,14,0.0
3,2,0,5,8,5,3,23103,16,0.0
3,1,54,5,1,1,0,22350,15,215.0
3,1,24,5,0,2,0,21453,12,0.0
3,1,41,4,0,2,0,0,13,0.0
3,1,20,5,5,3,0,22350,20,166.0
10,2,37,5,3,5,10,0,20,226.0
3,1,20,5,5,1,1,22350,15,35.0
3,1,59,5,1,3,2,21801,13,0.0
3,1,40,5,3,1,8,0,17,225.0
3,2,0,5,6,1,10,21800,14,0.0
3,2,0,5,0,2,0,21453,14,0.0
3,0,0,5,5,2,10,0,20,28.0
3,2,26,5,0,3,2,0,2,0.0
3,1,20,5,1,2,0,21453,20,0.0
3,2,35,4,5,5,10,0,13,0.0
3,1,61,5,5,2,0,0,11,135.0
18,2,0,4,8,5,10,0,4,0.0
3,1,35,4,5,1,0,12500,9,0.0
3,1,18,5,0,3,0,0,15,707.0
3,1,24,5,0,3,0,21453,12,0.0
3,1,47,5,1,5,8,0,19,0.0
3,0,0,5,6,1,10,0,18,0.0
9,2,0,4,0,5,10,0,6,75.0
3,1,0,5,1,5,10,22350,18,74.0
3,2,20,5,2,1,1,22350,3,50.0
3,1,33,5,0,1,8,0,14,20.0
3,1,35,4,5,1,8,0,17,0.0
3,1,44,5,5,1,0,21703,16,16.0
3,1,60,5,6,3,0,21453,13,0.0
18,2,0,4,5,5,10,0,8,51.0
3,0,0,5,5,2,10,0,21,0.0
3,1,31,5,0,2,0,0,23,0.0
3,0,34,4,5,5,10,0,17,51.0
8,1,52,4,3,1,5,22350,18,0.0
3,1,37,5,5,1,5,22107,21,200.0
3,1,51,5,5,2,8,0,7,107.0
0,6,45,0,3,5,10,21800,18,0.0
3,1,32,5,0,1,2,21453,21,0.0
3,0,0,5,3,3,10,0,5,0.0
3,0,0,5,1,1,10,0,0,480.0
3,1,23,5,3,1,0,0,7,500.0
3,1,36,5,5,5,8,0,17,51.0
18,2,0,5,3,5,10,22350,5,0.0
0,2,56,0,3,5,0,22450,7,0.0
3,7,22,5,3,3,1,23152,1,0.0
3,1,68,5,7,5,1,22107,10,83.0
10,1,73,5,8,5,10,0,8,51.0
3,0,0,5,3,5,10,0,17,0.0
9,1,40,5,6,5,0,0,8,51.0
3,0,0,5,3,5,10,0,0,220.0
3,0,0,5,6,2,10,0,20,113.0
18,2,0,4,5,5,10,0,10,51.0
10,2,60,6,8,5,10,0,18,0.0
3,1,43,5,5,1,1,0,9,0.0
3,2,66,5,0,1,2,21801,23,0.0
9,1,56,5,5,1,8,0,16,195.0
18,2,0,5,6,5,10,21755,0,40.0
9,2,0,5,6,5,5,22101,21,0.0
3,1,55,5,1,3,0,0,4,0.0
9,1,44,5,0,1,2,0,19,0.0
3,2,0,4,0,5,0,0,11,0.0
9,1,61,5,3,1,2,21950,7,0.0
18,2,0,5,6,5,10,22107,23,502.0
3,1,18,5,6,3,1,22350,1,176.0
3,1,61,5,5,5,10,0,15,0.0
3,2,0,5,5,5,0,22350,19,27.0
3,1,23,5,1,3,0,0,14,0.0
9,2,0,5,5,1,0,22350,16,0.0
3,1,20,5,3,5,0,22107,23,400.0
0,1,29,0,3,5,10,21650,16,0.0
3,1,66,5,0,3,0,0,19,0.0
3,1,50,5,6,3,0,22350,9,0.0
10,2,26,3,8,5,10,21954,0,0.0
3,1,30,5,0,3,0,0,22,0.0
3,0,0,5,0,1,10,0,8,0.0
3,1,38,5,3,1,1,0,17,222.0
3,2,44,5,0,3,2,0,8,0.0
3,1,34,5,0,1,1,21802,19,0.0
18,0,0,5,6,1,10,0,18,50.0
3,2,0,5,5,5,0,22350,7,43.0
3,2,0,4,3,5,10,0,9,0.0
3,2,67,4,3,5,5,0,18,51.0
3,2,17,5,5,1,8,0,11,400.0
3,2,40,5,6,3,0,21453,21,0.0
3,2,0,4,6,5,10,0,13,0.0
3,1,22,5,5,1,8,21460,14,1320.0
3,2,0,4,5,5,0,0,21,0.0
3,0,0,4,6,5,10,0,14,51.0
3,2,65,5,0,5,2,22107,18,0.0
3,1,30,5,0,3,2,0,15,0.0
3,1,59,5,1,2,0,0,6,210.0
3,2,0,4,5,5,0,0,10,0.0
3,7,0,5,6,5,1,21804,18,150.0
3,0,0,5,1,3,10,0,21,260.0
3,2,0,4,6,5,10,0,7,50.0
3,1,59,5,0,2,0,0,18,0.0
3,2,42,4,5,5,8,0,17,0.0
3,1,52,5,1,3,0,21453,18,0.0
3,2,24,4,3,5,10,0,19,0.0
3,1,26,5,5,2,3,0,11,114.0
3,1,22,5,3,1,8,0,21,92.0
3,1,42,4,5,3,10,22103,17,0.0
6,1,49,4,3,3,0,0,13,191.0
9,2,33,4,5,5,0,0,16,0.0
9,2,51,4,5,5,0,0,15,0.0
18,2,0,4,6,5,10,0,2,51.0
9,1,28,5,3,2,0,22350,21,23.0
0,2,17,0,7,5,10,21650,13,100.0
3,1,47,5,0,3,10,21804,23,0.0
14,1,28,3,8,5,0,21456,18,0.0
3,0,0,5,3,5,10,0,4,406.0
3,1,58,5,5,3,0,0,13,3.0
9,2,32,4,5,5,2,0,15,0.0
3,2,0,5,0,2,0,22350,0,0.0
9,2,0,5,3,5,10,0,20,100.0
0,2,0,5,6,3,0,0,1,0.0
3,0,0,5,3,1,10,0,10,21.0
3,1,20,0,7,1,0,0,11,0.0
3,0,0,5,6,1,10,0,23,51.0
3,5,0,5,0,3,10,22107,22,0.0
3,2,0,4,5,2,8,0,13,0.0
3,7,36,5,6,2,0,22350,21,69.0
3,2,77,5,7,5,1,22107,13,0.0
0,1,35,5,7,5,0,21200,12,250.0
3,2,0,5,0,5,0,0,13,0.0
3,1,27,5,6,1,0,0,14,0.0
18,2,0,5,3,5,0,22350,3,0.0
3,2,0,4,2,5,10,0,8,205.0
3,1,30,5,5,3,8,0,19,120.0
3,2,0,5,2,5,0,22350,7,157.0
3,0,0,5,5,1,10,0,8,110.0
13,2,0,4,6,5,3,0,11,220.0
0,1,61,5,7,5,0,0,22,0.0
3,2,0,4,0,5,0,0,7,0.0
3,1,52,5,0,3,0,0,10,0.0
3,0,0,5,3,5,10,0,23,100.0
10,2,16,5,3,5,10,0,19,0.0
3,0,0,5,5,1,10,0,23,0.0
3,2,0,4,1,5,0,0,18,0.0
9,1,0,5,0,2,0,0,8,0.0
3,0,0,4,5,5,10,0,17,0.0
9,0,0,5,6,1,10,0,10,560.0
3,0,0,5,3,1,10,0,18,132.0
17,2,0,4,6,5,10,0,14,360.0
3,1,26,4,1,5,8,0,13,45.0
4,2,0,5,5,5,0,0,14,22.0
3,1,52,5,0,3,0,0,16,0.0
3,1,57,5,4,2,0,22350,19,153.0
18,0,0,5,6,1,10,0,21,223.0
3,2,40,5,5,2,0,0,9,120.0
3,1,26,5,0,1,0,22450,1,0.0
3,1,47,5,6,3,1,22107,15,0.0
10,1,74,3,3,5,10,21954,7,120.0
3,1,29,5,7,1,0,21453,10,0.0
3,0,0,4,6,5,10,0,17,51.0
3,2,0,5,3,1,10,22350,4,101.0
3,0,0,5,6,3,10,0,3,71.0
3,1,29,5,0,2,2,21804,18,0.0
18,2,0,5,5,5,8,0,9,55.0
3,2,20,5,5,1,0,22350,15,230.0
0,1,15,0,3,1,10,21650,20,0.0
3,2,53,5,5,2,10,0,18,445.0
3,2,24,5,2,3,2,23103,23,0.0
3,2,0,5,5,5,0,22350,14,0.0
3,1,28,5,5,1,8,0,17,465.0
3,1,22,5,0,2,2,0,9,0.0
18,2,0,4,3,5,10,0,7,0.0
3,2,0,5,5,5,10,22100,15,143.0
10,2,43,3,8,5,0,21954,21,662.0
3,2,30,4,0,5,10,0,21,0.0
3,7,38,5,3,2,0,22107,1,0.0
3,2,49,5,0,3,2,0,8,0.0
3,0,0,4,6,5,10,0,18,0.0
3,0,0,5,3,3,10,0,2,0.0
3,1,71,5,8,5,0,21950,18,0.0
3,2,26,4,0,5,2,0,17,0.0
1,1,35,5,0,5,0,0,9,0.0
13,1,53,5,1,5,0,0,13,0.0
3,1,30,5,5,1,8,0,17,309.0
3,7,22,5,3,3,0,22350,0,0.0
7,1,0,5,0,1,9,0,8,0.0
3,1,30,2,3,3,10,0,7,54.0
3,0,0,5,5,2,10,0,9,222.0
18,2,0,4,5,5,0,0,19,0.0
3,0,0,5,5,2,10,0,0,30.0
3,0,0,5,3,2,10,0,19,45.0
3,2,16,4,3,3,10,0,11,0.0
18,2,0,5,6,2,0,22350,20,40.0
9,1,85,4,5,5,8,0,21,0.0
3,7,42,5,3,3,10,22350,4,60.0
3,1,27,5,1,2,0,0,9,0.0
3,2,0,4,7,3,0,20002,0,0.0
3,2,0,4,5,5,8,0,17,0.0
3,7,29,5,5,3,0,22350,20,0.0
3,2,66,5,1,3,0,22450,9,0.0
3,6,50,5,6,3,0,21453,17,0.0
3,2,30,5,0,3,0,21453,12,0.0
3,1,41,4,0,1,0,0,19,0.0
3,2,78,4,1,5,10,0,16,100.0
3,2,32,5,5,2,0,22350,21,96.0
3,2,0,5,3,2,10,0,15,140.0
3,2,17,4,6,5,0,0,6,0.0
3,2,0,4,5,5,8,0,18,0.0
9,2,0,5,6,5,10,21804,16,100.0
3,7,29,5,3,3,0,22107,23,70.0
3,2,60,5,5,3,8,0,11,50.0
3,0,0,4,3,5,10,0,6,0.0
18,2,0,4,5,5,0,0,20,0.0
3,1,43,5,0,1,0,0,19,0.0
3,2,58,4,6,2,0,0,8,200.0
3,1,27,4,5,1,10,0,17,560.0
3,2,48,4,0,5,0,0,22,0.0
13,2,66,4,6,5,1,0,13,51.0
3,0,0,5,3,1,10,0,1,0.0
3,1,64,5,0,3,0,0,21,0.0
3,1,36,5,8,5,2,21950,17,1240.0
3,2,34,5,0,3,0,0,16,0.0
3,2,0,5,5,5,8,0,16,140.0
3,0,0,5,5,2,10,0,10,113.0
9,7,23,5,3,1,0,23152,15,60.0
18,2,0,5,3,5,10,20002,0,130.0
10,1,14,3,8,5,10,21954,7,126.0
3,1,24,5,1,2,2,21801,17,0.0
3,1,48,5,2,5,0,0,15,133.0
3,1,39,5,5,1,0,0,17,56.0
3,1,67,5,8,5,1,21950,11,0.0
3,2,49,5,5,2,0,22350,10,129.0
3,2,17,5,0,2,2,0,11,50.0
3,1,48,5,0,3,0,21453,15,0.0
0,7,22,0,3,5,0,21453,2,0.0
3,1,17,5,3,3,2,22350,19,0.0
3,2,28,4,2,5,0,0,20,0.0
3,0,0,5,1,2,10,0,0,270.0
9,0,0,5,6,3,10,0,22,60.0
3,2,0,5,5,5,0,22350,10,51.0
3,2,0,5,5,5,0,22350,16,15.0
3,2,24,5,5,1,2,0,13,0.0
3,0,0,5,5,1,10,0,0,0.0
9,0,29,4,3,2,10,0,2,399.0
3,2,39,5,5,1,10,21658,16,156.0
3,1,38,5,5,2,8,0,16,0.0
9,1,26,3,8,5,2,0,7,0.0
3,0,0,5,3,3,10,0,14,1211.0
3,1,70,5,5,3,10,0,23,55.0
3,1,28,5,0,2,2,0,8,0.0
3,1,54,5,3,5,1,21703,20,30.0
3,1,57,5,1,1,8,0,13,25.0
3,0,0,5,1,1,10,0,0,213.0
3,5,50,5,0,2,0,0,8,219.0
3,2,21,5,5,3,0,22350,16,0.0
3,2,0,5,2,2,2,22350,22,290.0
3,7,25,4,5,3,0,23152,18,0.0
9,2,0,5,6,5,0,22350,0,200.0
3,2,0,4,6,5,10,0,18,51.0
14,1,16,3,3,5,10,21456,17,0.0
3,2,100,4,5,5,10,0,12,105.0
3,2,0,5,2,3,0,22350,23,284.0
3,1,37,5,0,3,0,0,14,0.0
3,0,0,5,6,2,10,0,0,130.0
3,1,38,4,2,3,0,0,0,1584.0
0,1,25,5,6,5,0,0,6,10.0
9,1,21,5,1,5,0,0,16,0.0
3,2,22,4,5,5,1,0,13,0.0
6,1,36,4,3,5,3,0,20,0.0
3,1,41,5,5,1,1,0,15,138.0
3,1,19,5,3,5,8,0,9,0.0
3,2,36,4,5,5,8,0,16,0.0
3,2,21,5,5,3,0,22350,2,57.0
18,2,0,4,5,5,10,0,21,0.0
3,1,29,5,5,2,8,0,16,488.0
3,1,30,4,3,5,8,0,18,0.0
9,1,44,5,7,1,0,22350,18,0.0
0,1,31,4,7,5,0,0,21,0.0
8,1,20,5,6,2,0,0,11,207.0
3,1,32,5,5,2,8,0,18,100.0
3,7,48,5,5,3,0,22350,14,50.0
3,1,40,5,0,1,0,21802,15,0.0
3,2,61,5,2,3,0,22350,12,450.0