PartyType_Code,Sobriety_Code,Age,PrimaryCollisionFactor_Code,CollisionType_Code,VehicleDamage_Code,MovementPrecedingCollision_Code,ViolationCode,CrashTime,Distance
3,0,0,5,3,2,10,0,2,50.0
3,0,26,5,1,1,0,0,11,0.0
3,0,0,4,5,5,10,0,8,65.0
3,1,47,5,0,3,0,0,18,0.0
3,2,0,5,3,5,10,0,1,500.0
3,2,47,4,6,5,10,0,12,0.0
10,1,38,5,8,5,0,0,16,0.0
3,1,33,5,5,2,1,0,20,0.0
3,0,0,5,5,3,10,0,1,51.0
3,2,18,5,6,2,2,0,8,200.0
3,1,29,5,1,1,0,0,18,0.0
9,1,47,5,5,5,0,0,16,150.0
3,2,0,4,6,5,0,0,10,0.0
3,1,42,4,5,3,10,0,7,0.0
18,2,57,4,5,5,10,0,0,0.0
3,1,20,5,5,1,5,21658,15,45.0
3,1,62,5,8,5,2,21950,13,0.0
3,2,0,5,5,5,4,22350,11,352.0
8,1,51,5,3,1,10,22350,9,0.0
3,2,0,5,0,2,0,21453,1,0.0
3,1,46,4,0,2,0,0,19,0.0
3,2,0,5,5,2,0,0,2,40.0
3,1,56,5,0,3,0,0,7,0.0
3,1,65,5,0,2,10,21804,18,172.0
3,1,41,5,5,2,8,0,15,56.0
9,7,30,5,3,3,0,23152,19,410.0
3,1,24,5,1,3,0,0,22,0.0
3,1,58,5,6,1,0,0,13,0.0
9,1,43,5,5,1,10,22350,19,25.0
3,2,0,5,3,2,0,22350,23,63.0
3,2,28,4,1,5,8,0,17,0.0
9,0,0,5,6,3,10,0,23,36.0
3,1,28,5,5,1,8,0,17,0.0
3,2,27,6,3,1,0,0,14,0.0
10,1,48,5,3,5,0,0,18,100.0
3,0,0,5,5,2,10,0,17,245.0
3,2,23,5,5,3,10,22350,22,140.0
3,2,74,4,5,5,8,0,13,0.0
3,1,30,5,0,2,8,0,12,0.0
3,7,19,5,6,3,1,22107,3,0.0
3,7,26,5,2,1,10,23152,3,405.0
3,0,0,5,5,2,10,0,23,0.0
3,0,0,5,6,2,10,0,22,122.0
9,0,0,4,3,5,10,0,19,0.0
3,7,57,5,5,1,0,23152,22,90.0
3,0,0,5,6,1,10,0,15,0.0
16,2,47,5,3,5,10,21651,19,255.0
0,2,15,5,3,5,0,0,18,0.0
3,2,0,5,0,5,0,21451,6,0.0
3,1,17,5,6,1,5,21658,14,51.0
3,2,0,5,1,2,0,22350,1,128.0
3,5,69,5,0,2,0,0,15,0.0
3,1,46,4,1,2,0,0,15,0.0
3,1,49,5,0,3,2,0,17,0.0
3,1,33,5,8,5,2,21950,18,0.0
3,1,47,5,0,1,3,21804,9,195.0
3,7,26,5,3,2,10,22350,1,0.0
3,2,0,5,1,5,0,0,2,51.0
3,0,0,5,5,3,10,0,22,0.0
3,0,0,4,2,5,10,0,12,51.0
3,0,0,5,5,3,10,0,1,360.0
3,2,0,4,0,5,0,0,14,0.0
3,2,0,4,3,5,10,0,0,51.0
18,2,0,5,7,5,0,22350,0,30.0
6,1,33,5,3,1,10,0,14,0.0
3,2,0,5,6,2,0,22350,6,18.0
18,2,0,4,3,5,10,0,7,100.0
0,2,31,5,7,5,0,0,22,0.0
3,2,0,5,3,3,0,22107,2,87.0
3,1,29,5,5,1,8,0,16,0.0
3,2,0,4,5,5,10,0,16,0.0
3,6,0,5,1,5,2,20002,21,0.0
3,1,56,5,3,2,10,0,9,528.0
9,2,26,4,5,5,8,0,14,0.0
3,0,0,5,3,5,10,0,16,0.0
17,0,0,5,5,1,10,0,16,51.0
3,1,19,5,0,3,0,21453,20,0.0
3,2,25,5,0,2,10,21804,8,46.0
10,7,25,3,8,5,10,21954,22,0.0
3,2,0,5,6,4,0,22350,1,75.0
9,7,37,5,3,1,0,23152,0,0.0
3,2,21,5,6,2,0,0,13,66.0
3,0,0,5,6,2,10,0,0,128.0
3,1,85,0,7,5,1,0,17,0.0
3,1,22,4,3,3,1,0,21,162.0
3,2,32,5,5,1,8,0,16,0.0
3,1,27,5,0,3,2,0,12,0.0
3,2,36,4,5,5,3,0,18,50.0
3,2,0,4,6,5,0,0,18,0.0
18,2,0,4,3,5,10,0,8,0.0
9,2,0,4,5,5,0,0,8,0.0
1,1,66,5,6,1,0,22350,9,135.0
3,2,0,5,0,1,10,21804,18,51.0
3,1,71,4,6,5,2,22350,18,0.0
9,2,0,5,3,5,3,0,1,290.0
9,1,25,5,6,2,0,22350,1,0.0
3,2,0,5,5,3,0,22350,13,250.0
3,4,51,5,3,3,0,22350,23,58.0
6,1,36,4,5,1,10,0,20,0.0
9,0,0,5,5,3,10,0,3,277.0
3,1,67,5,3,1,10,0,11,150.0
9,0,0,5,5,1,10,0,6,116.0
3,2,29,5,6,3,0,22350,18,275.0
3,2,0,5,6,5,2,22350,17,64.0
3,1,33,5,5,1,10,0,14,120.0
3,1,36,4,6,1,0,0,20,0.0
3,1,48,5,3,2,2,0,17,0.0
3,2,0,5,3,5,10,0,0,170.0
3,1,77,5,4,4,0,22350,11,181.0
3,1,39,5,0,5,8,0,14,119.0
3,1,37,5,5,1,0,22350,19,70.0
3,2,56,4,0,5,0,0,19,500.0
3,0,0,5,3,5,10,0,21,0.0
3,7,31,5,2,1,10,22107,0,68.0
3,2,25,5,2,2,0,0,22,0.0
3,1,28,5,0,3,10,0,23,0.0
3,1,63,5,5,1,8,0,10,100.0
18,2,0,4,3,5,10,0,12,0.0
10,2,0,4,8,5,10,0,19,0.0
3,7,30,5,5,2,0,23152,20,150.0
18,2,0,4,5,5,10,0,4,230.0
3,1,44,5,5,1,8,0,11,30.0
3,1,82,5,0,2,2,0,9,0.0
9,0,0,5,6,3,10,0,13,290.0
3,2,41,5,5,5,0,22350,21,241.0
3,0,0,5,5,2,10,0,20,300.0
3,1,34,4,3,1,0,0,13,0.0
3,1,27,4,1,3,0,0,18,0.0
3,2,0,5,5,5,0,22350,17,36.0
3,1,19,5,0,3,2,0,22,0.0
3,2,17,5,0,2,10,21801,8,0.0
3,1,84,4,5,3,10,0,11,0.0
3,2,40,5,5,1,8,0,10,105.0
3,2,43,4,6,5,0,0,9,0.0
3,0,0,5,2,2,10,0,15,207.0
3,7,20,5,3,2,0,23152,4,252.0
3,2,0,4,5,5,8,0,11,50.0
3,1,65,5,5,2,0,0,9,0.0
3,1,22,4,6,3,0,12500,17,126.0
3,1,44,4,0,3,0,0,11,0.0
0,2,14,4,7,5,10,0,19,51.0
3,0,0,5,6,2,10,0,9,300.0
3,0,0,5,3,2,10,0,4,215.0
3,2,0,5,5,5,2,22350,20,0.0
0,1,39,5,3,5,2,0,6,600.0
9,2,42,4,0,5,2,0,19,0.0
9,1,63,5,6,2,5,0,7,0.0
3,1,38,5,5,3,0,22350,8,0.0
9,2,39,4,6,5,0,0,20,0.0
1,1,62,5,0,1,0,0,12,0.0
3,1,32,4,2,1,0,0,0,633.0
3,1,24,5,0,5,0,0,20,0.0
18,2,0,4,0,5,10,0,18,51.0
3,2,0,5,5,1,0,21703,12,108.0
3,2,20,5,3,3,0,23109,21,47.0
3,2,0,4,3,2,10,0,1,837.0
3,1,59,5,5,1,0,22350,14,0.0
3,1,26,5,5,1,0,0,12,0.0
3,1,39,5,6,1,0,0,8,51.0
3,1,65,5,0,2,0,0,14,0.0
3,1,18,5,0,2,2,0,12,0.0
3,2,24,4,5,2,8,0,12,0.0
3,2,20,5,1,5,10,0,17,0.0
9,0,0,5,1,1,10,0,6,85.0
18,1,33,5,0,2,0,22450,17,0.0
3,1,21,5,0,3,2,0,19,0.0
3,1,56,5,0,3,2,22350,17,0.0
3,7,19,5,5,2,10,22350,2,21.0
9,2,37,4,5,5,8,0,23,0.0
3,1,72,4,0,2,2,21801,8,0.0
3,1,34,5,3,1,8,0,8,20.0
3,2,52,4,0,5,10,0,9,0.0
3,0,0,5,5,2,10,0,7,65.0
3,1,24,5,0,2,0,0,14,0.0
3,2,51,0,7,1,1,0,17,0.0
18,2,0,4,0,5,10,0,5,51.0
6,1,38,5,5,2,10,0,13,0.0
3,1,29,5,0,5,8,0,17,0.0
3,1,43,4,0,2,0,0,12,0.0
3,1,28,5,5,2,8,0,10,0.0
3,1,26,5,0,1,0,0,14,0.0
9,2,34,5,5,5,0,21703,13,55.0
3,1,52,5,0,3,0,0,18,0.0
3,0,0,4,3,5,10,0,18,0.0
3,2,60,4,3,5,2,0,12,0.0
3,0,0,5,5,3,10,0,1,360.0
3,1,51,5,5,1,8,0,11,35.0
3,2,0,4,5,5,2,0,19,0.0
3,1,37,4,1,5,0,0,22,0.0
3,2,0,4,3,5,2,0,23,0.0
3,2,49,4,5,5,8,0,12,0.0
3,2,75,5,3,2,0,0,16,20.0
13,2,0,5,5,5,0,22350,16,100.0
3,1,86,5,5,2,0,22350,12,425.0
3,1,54,5,6,2,0,21802,20,0.0
3,1,52,4,0,5,8,0,7,0.0
3,0,0,5,5,3,10,0,5,180.0
9,1,69,5,1,2,0,0,2,42.0
3,2,0,4,8,5,3,0,14,51.0
3,7,18,5,6,2,3,22350,3,320.0
3,2,50,5,5,3,8,0,19,113.0
3,1,23,5,0,2,2,0,13,0.0
3,1,19,5,6,3,0,22350,15,124.0
3,1,43,5,5,2,2,0,14,0.0
3,0,0,5,0,3,10,0,8,0.0
3,2,0,5,1,5,0,21453,16,0.0
3,2,86,5,6,1,10,22107,16,83.0
3,2,0,4,5,5,0,0,23,0.0
9,1,18,4,0,1,0,0,9,0.0
8,1,54,5,1,2,10,21460,16,78.0
3,2,36,5,0,2,0,0,13,665.0
3,2,48,5,2,2,10,22350,4,0.0
0,1,14,0,3,5,0,21200,7,0.0
3,0,0,4,3,1,10,0,0,180.0
3,0,0,4,3,5,10,0,20,0.0
3,0,0,4,5,5,10,0,19,90.0
9,2,59,5,5,1,0,22350,12,33.0
3,2,61,5,8,5,2,21950,15,0.0
18,2,0,4,3,5,3,0,11,0.0
3,2,34,5,3,1,3,22106,8,50.0
3,2,0,5,3,4,10,22350,1,0.0
13,0,0,5,6,2,10,0,5,206.0
3,2,41,4,0,5,10,0,13,51.0
3,1,28,5,0,3,0,21453,17,0.0
3,1,81,4,6,1,2,0,13,0.0
3,2,0,5,5,5,0,22350,15,0.0
18,0,0,4,5,5,10,0,11,51.0
3,1,63,5,0,2,10,0,14,0.0
3,2,34,5,0,2,10,0,15,0.0
3,2,48,4,3,5,2,0,15,0.0
3,1,39,5,0,2,0,0,7,0.0
18,2,0,4,3,5,10,0,0,0.0
11,2,18,0,7,5,0,21456,6,0.0
18,2,0,4,3,5,10,0,10,0.0
3,1,33,5,3,2,8,0,21,10.0
3,2,0,4,5,5,0,0,7,0.0
3,1,80,5,0,3,0,0,11,0.0
3,2,26,5,6,2,0,0,14,450.0
3,1,24,1,2,3,10,1,19,110.0
3,2,30,5,8,5,2,22107,16,0.0
9,0,0,5,6,3,10,0,7,85.0
3,1,62,5,5,2,8,0,13,60.0
3,1,54,5,5,3,0,22350,8,300.0
3,2,56,4,6,5,8,0,17,51.0
3,0,0,5,5,5,10,0,3,277.0
3,1,49,5,0,1,2,22107,17,0.0
3,1,29,5,2,5,10,21663,7,0.0
3,1,26,4,5,2,0,0,8,50.0
0,2,31,5,3,5,10,21650,7,0.0
3,2,20,4,6,5,10,0,23,51.0
3,0,0,5,6,2,10,0,5,375.0
3,0,0,5,1,3,10,0,1,178.0
3,1,25,0,7,1,0,0,4,0.0
8,1,28,5,5,2,0,22350,19,0.0
3,1,41,0,7,1,0,0,18,0.0
3,2,30,5,1,3,0,0,7,0.0
0,1,29,5,7,5,0,21453,17,0.0
3,0,0,5,3,2,10,0,2,0.0
3,1,22,5,0,3,2,21801,9,0.0
9,1,52,5,0,3,0,0,10,0.0
3,2,51,4,5,5,10,0,17,0.0
3,1,23,5,5,3,0,22350,15,173.0
3,1,30,0,3,1,1,0,13,187.0
3,2,39,5,8,2,0,0,23,254.0
3,1,55,5,0,2,2,21453,13,500.0
3,2,0,4,6,5,10,0,8,0.0
3,6,0,5,3,5,3,22106,22,0.0
3,2,0,5,6,5,5,22107,18,55.0
3,0,0,5,3,1,10,0,16,155.0
10,2,49,5,8,5,10,0,1,0.0
9,2,0,4,3,5,10,22100,1,93.0
3,0,0,5,3,2,10,0,20,0.0
3,2,0,5,7,5,1,0,22,0.0
3,0,0,4,3,5,10,0,9,0.0
3,1,77,5,3,3,0,12500,2,332.0
3,2,45,5,5,3,8,0,20,270.0
3,2,0,4,5,5,0,0,8,0.0
3,1,38,5,5,1,8,0,19,0.0
3,0,0,5,5,1,10,0,3,580.0
18,1,34,5,0,3,0,0,13,0.0
3,2,39,5,0,2,0,21453,15,0.0
3,5,0,5,5,3,8,0,11,116.0
3,1,62,4,0,3,0,0,15,0.0
18,2,0,4,6,5,10,0,0,51.0
3,1,23,5,0,2,10,22107,10,151.0
3,2,0,5,5,2,10,22107,18,20.0
9,2,0,4,6,5,0,0,14,0.0
3,1,28,5,2,1,0,22350,13,278.0
3,2,19,4,6,1,5,21658,7,276.0
3,2,28,4,5,5,2,0,23,0.0
3,3,48,4,3,2,2,0,17,17.0
9,2,0,4,1,5,0,0,14,0.0
3,1,0,5,5,1,0,22350,8,1324.0
3,1,63,5,6,5,5,22107,18,0.0
3,1,25,5,5,1,0,0,6,122.0
3,1,35,5,0,3,0,0,10,0.0
3,1,36,5,3,1,2,22107,18,55.0
3,1,30,5,0,2,0,0,23,0.0
3,0,0,5,5,2,10,0,22,51.0
3,7,22,5,5,3,0,23152,23,108.0
10,1,20,5,3,5,10,0,18,0.0
3,0,0,5,2,1,10,0,14,50.0
3,2,0,4,6,5,5,0,16,51.0
3,2,0,5,5,5,0,22350,16,105.0
3,2,22,4,5,5,8,0,15,0.0
3,1,28,4,5,2,0,0,8,39.0
3,2,0,5,6,5,0,22107,2,51.0
3,2,21,5,5,2,3,21703,6,51.0
3,0,0,5,0,3,10,0,11,0.0
3,0,0,5,6,2,10,0,10,16.0
3,1,37,5,5,2,8,0,13,0.0
3,1,28,5,0,3,0,21453,11,0.0
9,1,55,4,0,3,2,0,8,0.0
3,1,63,5,5,1,8,0,10,0.0
3,2,0,5,0,5,10,21804,15,200.0
3,1,42,5,3,5,5,21658,9,80.0
3,1,22,5,0,2,2,21801,14,400.0
3,2,0,4,6,5,5,0,12,0.0
10,1,35,5,8,5,10,0,14,34.0
3,1,18,5,6,2,10,0,10,32.0
3,7,40,5,5,3,0,23153,21,45.0
3,0,0,4,6,5,10,0,0,51.0
3,0,0,4,3,5,10,0,0,0.0
9,1,40,5,0,2,0,0,9,0.0
3,2,0,4,3,5,1,0,16,0.0
3,1,72,2,5,1,0,0,12,0.0
3,2,39,4,0,5,2,0,12,0.0
3,1,23,4,6,1,10,0,3,16.0
0,2,0,4,7,5,10,0,15,20.0
3,1,31,5,5,5,0,22350,18,0.0
9,2,0,5,6,5,10,22107,23,51.0
18,2,0,4,0,5,2,0,10,0.0
3,0,0,5,3,1,10,0,22,127.0
18,2,0,4,0,5,10,0,14,0.0
3,5,19,5,0,2,0,21453,15,0.0
3,1,50,4,0,5,0,0,11,359.0
3,2,54,4,3,5,1,0,14,0.0
3,0,0,5,5,3,10,0,15,326.0
3,7,35,5,6,3,0,23153,2,0.0
9,2,61,5,5,1,8,0,17,0.0
3,0,0,4,3,5,10,0,7,25.0
3,0,0,5,6,2,10,0,2,320.0
3,1,55,5,6,2,2,21801,19,0.0
0,7,55,5,5,3,8,21658,20,142.0
3,2,0,4,5,5,0,0,7,0.0
3,8,20,5,0,1,2,0,20,0.0
3,1,67,5,5,2,0,0,15,150.0
3,0,0,5,6,2,10,0,22,307.0
3,1,65,5,6,5,1,0,20,80.0
3,1,54,5,5,2,8,22350,17,32.0
1,1,51,5,0,2,2,0,9,0.0
3,0,0,5,2,1,10,0,1,64.0
17,0,0,5,3,5,10,0,12,0.0
3,2,0,5,5,5,8,22517,15,50.0
3,0,0,5,3,5,10,0,1,0.0
3,2,0,4,0,5,2,0,8,0.0
3,1,65,5,6,5,0,0,7,0.0
17,1,46,5,5,1,8,0,14,151.0
9,1,31,5,8,5,2,21950,8,0.0
3,1,63,5,5,3,10,22350,8,137.0
18,2,0,4,5,5,0,0,14,0.0
3,7,58,5,2,2,2,23152,17,0.0
0,1,18,5,1,5,10,0,17,0.0
9,1,80,5,5,1,3,22106,17,200.0
3,2,0,5,6,5,0,22350,14,0.0
3,2,16,4,1,1,0,0,0,0.0
3,1,23,5,6,3,5,22107,15,271.0
9,2,66,4,6,5,1,0,10,0.0
3,2,33,4,1,5,10,0,16,900.0
3,2,0,5,1,2,0,22350,1,0.0
3,2,44,4,1,5,0,0,6,0.0
18,2,0,4,3,5,3,0,11,0.0
18,2,33,4,5,5,0,0,9,0.0
9,2,37,5,3,1,10,0,14,0.0
9,7,46,5,0,3,10,23152,22,51.0
8,1,53,1,3,5,2,22350,15,0.0
3,2,41,4,0,5,0,0,17,0.0
3,2,59,4,6,5,0,0,13,327.0
3,0,0,5,1,3,10,0,21,232.0
3,1,53,5,5,1,8,0,11,0.0
3,2,0,4,5,5,0,0,22,0.0
18,1,37,5,1,2,0,0,8,0.0
3,0,0,4,3,5,10,0,2,0.0
3,2,32,4,5,5,8,0,21,0.0
8,1,44,4,5,2,0,0,11,0.0
3,1,24,5,6,2,0,0,11,30.0
3,2,0,5,8,5,0,21950,9,0.0
3,5,21,5,3,2,0,22350,4,150.0
3,1,34,5,5,3,8,0,16,21.0
18,2,0,4,3,5,10,0,9,51.0
3,7,31,5,1,3,0,23152,0,45.0
3,1,42,5,0,1,0,0,13,0.0
9,1,64,4,1,2,2,0,23,0.0
3,1,19,5,5,3,0,22350,14,413.0
3,1,70,5,5,3,0,22350,5,90.0
3,2,0,4,6,5,10,0,16,0.0
3,2,0,5,1,3,0,22350,19,0.0
3,2,0,5,0,5,0,22350,15,105.0
3,7,23,5,2,3,10,23152,2,51.0
9,2,0,4,5,5,1,0,14,0.0
3,2,0,5,5,1,0,22350,23,0.0
3,7,27,5,6,4,0,23152,23,366.0
9,1,55,5,5,1,8,0,12,48.0
8,1,28,5,4,3,0,22350,13,0.0
3,1,36,5,0,3,2,0,17,0.0
18,2,0,4,3,5,10,0,21,0.0
9,1,44,5,1,2,8,0,14,0.0
3,2,59,4,3,1,8,0,14,0.0
3,2,0,5,2,3,0,22350,2,360.0
3,1,84,5,6,3,2,0,21,0.0
3,1,43,5,5,1,8,0,6,296.0
3,1,29,5,5,2,1,22350,16,7.0
9,2,0,4,6,5,2,0,12,0.0
3,0,0,5,3,1,10,0,18,40.0
3,1,50,4,6,2,0,0,18,90.0
3,1,54,5,5,5,8,0,19,0.0
3,5,25,5,2,3,1,22350,16,21.0
3,6,46,5,1,2,2,0,16,0.0
3,1,35,5,5,2,0,22107,17,105.0
0,2,39,4,7,5,0,0,12,0.0
3,1,31,5,1,5,1,21804,21,0.0
3,1,24,5,0,2,0,0,18,585.0
3,2,0,5,1,2,1,22350,23,26.0
3,1,28,5,0,3,0,21453,5,0.0
3,1,22,5,0,3,0,0,18,263.0
3,1,65,4,0,3,0,0,1,0.0
3,1,32,5,3,1,0,21750,14,0.0
3,1,42,5,3,3,2,0,20,0.0
3,2,18,5,0,3,0,21453,21,0.0
3,1,26,5,6,1,0,0,15,0.0
3,1,20,5,0,3,0,21453,8,0.0
3,0,0,5,3,1,10,0,16,90.0
9,0,0,5,3,5,10,0,9,0.0
3,1,19,5,2,2,1,22350,18,0.0
3,2,17,5,6,4,0,22350,18,310.0
3,1,31,5,6,1,1,22107,19,75.0
3,4,21,5,5,3,0,1,3,0.0
3,0,0,5,3,5,10,0,22,0.0
3,1,29,4,6,5,0,0,23,0.0
3,7,18,5,1,3,0,23152,2,45.0
3,1,20,5,7,3,0,0,19,0.0
3,2,0,5,5,5,2,22350,7,230.0
3,1,47,5,5,2,8,0,18,0.0
18,2,0,5,3,2,0,22350,0,60.0
3,1,23,5,0,2,3,22106,20,550.0
3,2,87,4,5,5,1,0,18,0.0
3,1,56,5,6,1,2,0,9,0.0
9,1,31,5,0,2,0,0,8,0.0
3,2,57,5,0,3,0,0,10,0.0
3,2,46,4,6,5,10,0,14,350.0
3,1,47,5,0,2,0,21453,14,59.0
3,1,58,5,6,3,0,21650,15,100.0
3,1,22,4,5,2,0,21453,15,0.0
3,1,32,5,6,1,0,22350,17,43.0
3,2,0,5,0,5,0,0,17,150.0
3,2,0,4,0,5,3,0,14,0.0
18,2,0,5,3,5,3,0,14,0.0
3,2,0,5,5,5,0,21703,14,0.0
3,1,43,5,1,1,0,0,18,600.0
9,1,38,1,0,2,0,0,12,0.0
3,2,21,5,1,5,1,22350,12,0.0
3,1,75,5,0,3,0,0,15,0.0
8,1,41,5,5,1,0,22350,18,114.0
18,2,50,5,6,2,1,21802,12,17.0
6,0,0,5,6,1,10,0,1,343.0
3,0,0,5,0,2,10,0,4,105.0
3,1,61,5,0,2,0,0,15,0.0
3,0,0,5,3,1,10,0,17,228.0
3,1,67,4,0,3,2,0,12,0.0
3,2,52,4,3,5,2,0,13,0.0
3,1,21,5,1,3,2,21801,18,0.0
3,0,0,5,0,1,10,0,12,79.0
3,2,0,5,0,5,0,22350,22,0.0
3,1,65,5,0,2,0,21453,9,0.0
3,1,19,5,1,3,0,21453,16,0.0
18,2,0,4,1,5,0,0,11,0.0
3,1,21,5,6,2,8,0,22,0.0
3,2,24,5,3,2,0,22350,3,0.0
3,1,48,5,3,1,0,22350,9,0.0
3,0,0,5,3,2,10,0,18,100.0
3,2,0,5,5,5,0,0,19,0.0
3,2,44,5,3,3,10,22107,22,3599.0
3,1,47,5,0,1,0,21802,13,0.0
3,2,25,5,8,5,0,21950,11,234.0
3,1,44,5,0,3,0,0,15,0.0
3,2,0,5,0,3,0,21453,19,0.0
9,0,0,5,3,5,10,0,1,0.0
3,1,58,5,5,2,8,0,13,182.0
3,7,19,4,3,2,2,23140,1,50.0
3,2,0,4,5,5,1,0,19,0.0
3,2,46,5,0,3,8,0,17,0.0
3,1,92,5,5,2,1,0,17,0.0
3,2,50,4,3,5,2,0,18,0.0
6,2,0,5,6,1,0,22350,17,88.0
9,1,42,5,4,3,0,21453,10,0.0
3,2,27,4,5,5,0,0,11,0.0
3,1,48,5,1,3,0,0,16,0.0
3,2,22,4,5,1,8,0,20,0.0
3,0,0,5,6,3,10,0,0,154.0
3,7,41,5,4,2,0,23152,2,0.0
3,2,62,4,5,5,8,0,17,0.0
3,1,17,4,5,1,8,0,15,9.0
3,1,42,5,5,2,10,0,20,60.0
3,1,26,5,5,1,8,0,1,0.0
3,2,0,5,3,2,1,22350,21,70.0
18,2,0,4,3,5,10,0,2,51.0
3,2,57,5,0,5,0,0,14,0.0
3,0,0,4,3,5,10,0,0,0.0
3,2,0,4,5,2,0,0,4,70.0
3,1,43,5,0,5,0,0,8,120.0
3,1,23,5,7,1,1,22107,16,0.0
3,1,70,5,0,2,0,0,13,0.0
3,1,34,5,0,3,0,0,17,350.0
18,2,0,5,3,5,10,0,21,0.0
9,7,26,5,5,3,0,23153,2,1000.0
3,1,37,5,5,1,8,0,13,0.0
3,0,0,5,6,1,10,0,1,50.0
3,0,0,5,2,2,10,0,18,0.0
3,1,16,5,0,5,1,22107,15,0.0
10,1,91,5,3,5,0,0,6,0.0
3,2,33,4,5,5,1,0,15,0.0
3,2,0,4,5,5,8,0,11,0.0
3,0,0,4,3,1,10,0,21,0.0
9,1,26,5,5,1,0,0,20,100.0
3,1,49,5,5,3,0,22350,4,195.0
3,2,40,4,0,3,0,0,6,0.0
3,1,60,4,3,5,1,22107,21,132.0
3,2,23,4,6,5,8,0,19,0.0
3,7,37,5,5,1,0,23152,12,39.0
3,0,0,5,6,1,10,0,15,84.0
3,8,60,5,2,5,3,23152,23,298.0
3,0,0,4,5,5,10,0,2,0.0
18,2,0,5,6,5,0,22350,16,90.0
3,0,0,5,3,2,10,0,8,30.0
9,1,38,5,0,1,8,0,16,0.0
12,1,25,5,8,5,8,0,14,0.0
3,1,42,4,3,5,2,0,12,0.0
3,0,0,4,3,5,10,0,0,50.0
9,0,0,5,3,2,10,0,18,0.0
3,1,29,5,6,3,2,22100,18,21.0
9,2,0,4,6,2,0,0,20,348.0
10,2,71,5,8,5,10,0,23,0.0
3,1,74,5,1,1,8,0,15,565.0
3,0,0,5,5,5,10,0,4,165.0
3,1,42,5,6,2,5,21658,8,0.0
3,0,0,5,5,1,10,0,21,216.0
3,2,26,4,0,5,0,0,2,0.0
3,1,21,5,0,2,0,21453,10,0.0
3,0,0,5,3,5,10,0,4,38.0
3,1,54,4,5,5,10,22350,6,0.0
3,1,49,4,5,2,0,0,18,220.0
3,2,0,5,8,5,2,0,13,0.0
3,2,23,4,6,5,8,0,17,0.0
3,2,37,5,5,3,0,22350,14,530.0
10,2,34,5,8,5,10,0,1,0.0
8,2,0,5,6,1,5,22107,23,51.0
3,0,0,5,6,2,10,0,23,420.0
3,2,0,4,5,5,0,0,11,0.0
3,0,0,4,3,5,10,0,11,0.0
3,1,29,5,0,2,0,0,21,0.0
3,2,33,5,2,3,10,21755,2,98.0
3,0,0,5,1,2,10,0,20,18.0
3,2,40,4,3,5,0,0,8,51.0
3,2,26,5,1,3,2,21802,9,0.0
3,2,46,4,0,5,10,0,17,0.0
3,0,0,5,3,5,10,0,23,0.0
3,2,27,4,6,5,0,0,17,200.0
3,2,0,4,5,5,8,0,11,0.0
3,1,22,5,6,1,8,0,16,0.0
3,2,43,4,0,5,10,0,7,0.0
13,1,40,4,5,3,0,0,11,340.0
9,1,0,3,8,1,0,0,8,0.0
3,0,0,4,6,5,10,0,10,0.0
6,1,35,5,6,2,0,0,22,105.0
8,2,30,4,5,3,0,0,16,292.0
3,2,51,0,3,1,0,0,20,0.0
9,1,22,5,5,2,10,0,13,90.0
3,1,48,5,0,3,2,22107,16,0.0
3,2,0,4,7,5,2,0,17,0.0
3,0,0,5,5,2,10,0,17,287.0
3,1,60,5,0,2,2,0,9,0.0
3,2,0,5,0,5,2,21804,12,0.0
11,2,51,0,7,5,0,22350,13,285.0
3,1,30,5,0,3,0,0,8,0.0
3,0,0,5,3,1,10,0,0,300.0
3,0,0,5,0,5,10,0,9,0.0
10,1,17,5,8,5,0,0,9,0.0
3,1,55,5,2,2,0,22350,22,152.0
3,2,0,4,3,5,10,0,23,600.0
3,1,22,5,0,2,0,0,18,0.0
3,7,50,5,0,2,1,22107,14,0.0
3,1,57,5,0,3,0,0,20,0.0
3,1,57,5,0,1,2,0,2,27.0
3,0,0,5,3,3,10,0,21,40.0
3,1,47,5,3,3,0,0,17,25.0
3,2,40,5,1,1,8,0,10,0.0
3,2,21,5,0,5,0,0,6,0.0
10,1,83,5,3,5,0,0,10,0.0
3,1,52,5,5,2,2,0,10,39.0
10,1,26,5,8,5,10,0,19,0.0
3,2,19,5,2,3,2,22107,23,266.0
0,1,23,0,3,1,10,21202,17,0.0
3,2,65,5,5,1,8,0,7,40.0
3,1,20,5,1,2,0,0,18,0.0
9,2,0,5,0,5,0,22350,11,0.0
3,0,0,5,6,3,10,0,0,63.0
3,0,0,5,6,1,10,0,4,133.0
9,0,0,5,3,2,10,0,2,0.0
6,1,26,4,6,1,0,0,17,0.0
3,2,57,0,6,1,4,0,20,150.0
3,2,44,4,5,5,8,0,16,0.0
3,2,22,4,5,5,0,0,7,51.0
3,2,0,5,3,5,10,22350,23,24.0
3,2,63,4,1,5,0,0,16,0.0
8,1,45,5,0,1,0,0,14,0.0
0,1,48,0,3,5,0,21453,12,0.0
3,7,33,5,5,2,0,23152,16,0.0
3,0,0,5,5,1,10,0,2,25.0
18,2,0,4,3,5,10,0,0,0.0
9,0,0,5,5,5,10,0,6,120.0
3,1,37,5,5,2,10,22107,11,400.0
3,1,31,5,0,3,1,22350,10,0.0
3,1,55,5,5,5,8,0,15,500.0