PartyType_Code,Sobriety_Code,Age,PrimaryCollisionFactor_Code,CollisionType_Code,VehicleDamage_Code,MovementPrecedingCollision_Code,ViolationCode,CrashTime,Distance
3,1,27,5,5,1,8,0,7,303.0
3,1,63,5,5,1,10,0,16,500.0
3,0,0,5,3,2,10,0,3,0.0
18,0,54,5,0,3,0,0,11,357.0
3,1,55,5,5,2,0,22350,15,250.0
3,2,31,4,6,5,0,0,11,51.0
3,0,0,5,6,1,10,0,2,51.0
9,2,33,5,5,3,0,22350,15,260.0
3,1,19,5,0,3,2,21451,21,0.0
3,2,18,5,5,1,0,22350,12,0.0
3,1,29,4,7,1,0,0,7,0.0
3,1,76,5,5,5,0,22350,18,530.0
9,0,0,4,6,5,10,0,3,200.0
3,2,65,5,1,3,0,21453,11,0.0
3,2,23,4,0,5,2,0,2,0.0
3,1,42,5,0,2,0,21802,12,0.0
3,1,49,4,0,2,2,0,10,0.0
3,1,49,5,3,5,1,0,12,90.0
3,0,33,5,3,5,0,0,8,0.0
8,2,20,5,3,3,0,22350,14,55.0
3,3,66,5,3,3,0,0,10,0.0
3,0,0,4,3,5,10,0,7,0.0
3,2,0,5,3,5,0,22350,19,51.0
3,2,33,4,5,5,0,0,19,0.0
9,1,56,5,0,5,0,0,13,0.0
3,6,0,5,3,1,4,22350,2,625.0
3,0,0,5,6,3,10,0,12,57.0
4,1,25,5,3,5,8,0,13,105.0
3,2,0,5,5,2,0,22107,23,0.0
9,2,0,5,5,5,0,22350,17,98.0
3,1,48,5,6,2,8,0,7,0.0
9,1,50,5,0,3,2,0,13,0.0
3,2,0,5,1,3,0,20002,10,50.0
9,2,23,5,5,1,0,22350,8,88.0
3,2,0,4,5,2,10,0,20,55.0
18,2,0,5,5,5,0,21801,16,0.0
3,1,34,5,3,5,10,21755,16,6.0
3,1,68,4,0,5,0,0,11,0.0
3,1,25,5,5,1,0,0,14,0.0
3,2,44,4,3,5,8,0,15,0.0
18,2,0,5,5,1,0,22350,17,0.0
3,7,20,5,2,3,10,22107,0,18.0
3,2,0,5,6,5,0,22107,17,51.0
13,1,33,5,3,5,1,22107,12,75.0
9,0,0,4,3,5,10,0,7,0.0
9,2,0,4,3,3,0,20002,16,80.0
8,1,31,5,1,3,0,0,16,0.0
3,1,24,4,1,3,0,22350,18,0.0
3,1,22,5,0,2,8,0,22,18.0
3,1,18,5,5,5,0,22350,16,0.0
9,0,0,5,3,2,10,0,13,102.0
3,4,52,5,2,5,10,22350,20,180.0
3,0,0,4,3,5,10,0,1,0.0
3,1,25,5,0,3,0,21453,18,0.0
3,2,0,5,5,5,0,22350,16,30.0
3,4,26,5,3,2,2,22350,3,92.0
10,2,27,5,8,5,10,0,18,51.0
3,1,75,5,5,5,1,0,11,0.0
3,0,0,5,6,1,10,0,13,105.0
3,1,35,5,5,5,8,0,15,25.0
3,1,51,5,1,5,2,0,13,0.0
3,1,29,5,0,2,2,21801,9,180.0
18,1,51,4,2,5,0,0,8,0.0
9,4,37,5,5,5,0,22350,0,26.0
3,2,0,5,2,5,10,22350,2,60.0
6,1,26,4,5,1,8,0,16,0.0
3,1,33,5,5,1,0,22350,12,0.0
3,1,50,5,5,1,0,0,11,135.0
3,1,48,5,5,1,8,0,15,30.0
3,1,24,5,6,2,0,0,1,99.0
3,0,0,5,5,3,10,0,3,26.0
3,0,0,4,3,5,10,0,8,0.0
3,1,48,1,6,1,2,21804,18,0.0
3,1,46,5,0,2,0,21800,14,0.0
3,1,0,4,7,1,8,0,23,66.0
3,1,20,5,1,2,0,0,18,0.0
3,2,0,5,0,5,0,21453,17,0.0
3,1,51,4,3,5,1,21950,13,0.0
3,1,73,5,2,2,0,22350,15,450.0
9,0,0,5,3,1,10,0,19,89.0
9,7,48,5,0,3,5,23152,23,0.0
3,0,24,4,3,5,10,0,9,51.0
3,2,45,5,5,3,0,21703,14,75.0
3,2,0,5,3,5,0,22350,17,0.0
3,0,0,5,0,1,10,0,16,0.0
9,1,40,5,0,5,0,0,17,0.0
3,2,38,5,0,3,0,0,19,0.0
3,1,43,5,5,2,8,0,7,0.0
10,2,21,4,8,5,0,0,9,0.0
9,1,84,5,5,5,0,22350,18,0.0
3,2,0,5,8,5,0,22350,23,255.0
3,7,25,5,2,2,10,22350,3,141.0
3,1,18,5,4,4,10,22350,18,3992.0
3,2,0,5,6,5,0,0,18,0.0
3,2,0,4,5,2,8,0,9,0.0
18,0,0,5,6,2,10,0,1,140.0
3,1,57,5,7,1,1,0,11,51.0
3,1,25,5,5,2,8,22350,13,400.0
3,1,22,5,6,2,1,22350,7,225.0
3,2,0,4,5,5,0,0,2,0.0
3,1,33,5,3,2,8,0,13,200.0
0,2,0,0,7,5,0,21456,22,0.0
3,1,21,5,0,3,0,21800,23,0.0
3,2,0,5,5,5,1,22350,19,32.0
9,7,41,5,5,3,0,23152,0,28.0
3,1,56,5,5,3,8,0,8,0.0
9,0,0,5,6,1,10,0,1,92.0
3,1,35,5,0,2,10,22105,8,375.0
9,2,0,5,3,5,10,22517,11,50.0
3,2,48,4,5,5,8,0,16,0.0
3,1,23,5,2,3,0,22107,0,0.0
3,1,34,5,5,2,8,0,20,10.0
3,2,0,4,5,5,4,0,16,155.0
3,0,0,5,5,1,10,0,18,27.0
18,2,0,4,6,5,5,0,8,51.0
3,1,49,5,3,1,1,0,15,0.0
3,0,0,4,5,5,10,0,20,51.0
3,7,28,5,2,3,10,21658,20,286.0
3,2,0,5,6,5,10,22350,12,400.0
3,1,27,5,6,2,5,22107,16,124.0
3,0,56,5,5,1,10,0,0,0.0
3,1,31,5,0,1,2,21801,17,150.0
3,1,41,5,5,1,0,0,11,0.0
11,1,28,5,7,5,0,21650,9,383.0
3,2,0,5,3,3,1,22107,1,75.0
3,1,56,5,3,1,0,22107,23,0.0
3,1,36,4,6,3,0,0,22,658.0
3,1,43,5,0,2,0,0,10,0.0
3,1,25,5,5,2,8,0,8,210.0
18,2,0,4,1,5,10,0,9,0.0
3,1,31,5,5,1,8,0,17,309.0
18,2,62,4,6,5,1,0,22,0.0
3,1,30,4,0,2,2,22350,9,78.0
3,1,49,5,7,5,2,21801,16,51.0
9,0,0,5,3,1,10,0,14,98.0
3,1,31,5,3,1,0,0,14,438.0
3,1,31,5,5,5,0,22350,15,0.0
3,1,24,5,5,1,10,0,20,51.0
3,2,36,5,5,3,8,0,7,600.0
3,1,39,5,5,3,8,0,19,0.0
3,1,26,4,6,1,10,21804,8,22.0
3,1,45,4,0,2,2,0,18,665.0
10,2,60,3,8,5,10,21955,19,254.0
3,2,0,4,0,5,2,0,11,0.0
3,1,38,5,5,3,5,22107,10,208.0
3,1,24,5,5,2,8,0,17,42.0
3,1,31,4,0,3,0,0,18,0.0
3,1,17,5,0,2,2,22107,16,165.0
3,2,0,4,5,5,10,0,11,0.0
3,2,29,5,5,3,10,0,9,0.0
3,1,42,5,6,3,0,0,15,170.0
3,7,27,5,5,2,0,22350,18,33.0
3,2,0,5,2,2,10,20002,22,75.0
3,2,0,5,6,5,10,22107,11,297.0
18,1,49,5,5,3,0,22350,5,230.0
9,2,45,5,5,1,0,21703,13,0.0
8,2,24,5,5,1,8,0,16,0.0
3,1,26,0,3,5,8,0,21,138.0
3,1,33,0,3,1,0,0,7,0.0
18,2,0,4,3,5,10,0,22,0.0
3,1,23,5,1,3,2,21451,13,0.0
9,2,0,4,6,5,10,0,22,0.0
9,0,0,5,3,5,10,0,1,30.0
3,2,0,5,6,5,0,22350,17,162.0
3,1,18,5,1,3,10,0,22,125.0
3,0,0,4,6,5,10,0,10,500.0
3,2,0,4,5,5,0,0,19,0.0
3,2,17,5,6,2,10,22350,15,227.0
18,2,0,5,5,5,0,22350,16,0.0
18,2,0,4,6,5,10,0,10,0.0
13,1,50,5,5,2,8,0,10,21.0
3,0,0,5,5,1,10,0,1,54.0
3,2,62,3,8,5,2,0,18,396.0
3,1,72,5,5,1,8,0,12,0.0
4,0,0,4,1,1,10,22500,8,275.0
3,1,36,5,6,2,0,0,20,166.0
13,2,0,4,3,5,10,0,13,0.0
3,1,64,5,1,3,0,21453,9,0.0
3,1,72,4,0,2,10,0,14,0.0
3,0,0,5,5,2,10,0,1,60.0
3,1,59,4,5,2,8,0,13,0.0
3,2,82,4,5,5,8,0,11,0.0
3,2,41,4,5,5,1,0,8,0.0
3,0,0,5,6,3,10,0,11,111.0
18,2,0,4,5,5,1,0,19,0.0
3,1,21,5,5,2,0,0,9,0.0
3,0,0,5,5,3,10,0,11,81.0
9,7,20,5,1,3,0,22450,20,0.0
3,2,0,4,5,5,10,0,4,0.0
9,2,56,4,8,1,10,0,5,0.0
3,2,0,4,3,5,0,0,18,790.0
9,1,58,5,5,2,1,0,18,0.0
3,1,22,5,0,1,0,21802,16,0.0
9,2,48,5,6,3,0,0,9,0.0
3,1,34,6,1,3,2,21801,16,0.0
3,1,25,5,1,3,0,21658,19,40.0
3,1,47,5,5,5,8,0,18,0.0
3,2,0,4,0,5,10,0,6,0.0
16,2,68,4,3,5,10,0,5,0.0
3,2,42,4,5,5,2,0,8,0.0
3,2,0,4,5,5,0,0,16,0.0
3,1,53,5,0,3,0,21453,6,18.0
3,1,45,4,0,1,10,22103,7,0.0
3,2,44,4,3,5,10,0,14,0.0
3,2,0,5,2,5,10,0,8,0.0
3,1,23,5,0,3,0,0,18,0.0
9,0,0,5,3,2,10,0,20,123.0
3,2,36,5,5,3,0,21703,16,166.0
18,2,0,4,6,5,1,0,16,51.0
18,2,0,5,8,5,0,22350,23,0.0
3,2,0,5,3,5,1,20002,16,27.0
3,1,51,5,0,5,0,21453,18,0.0
3,1,78,5,6,5,0,0,16,122.0
18,2,0,4,6,5,10,0,0,0.0
3,1,15,5,6,1,0,22350,22,562.0
3,1,42,5,5,2,8,0,16,72.0
3,2,62,5,3,1,8,0,14,48.0
3,2,0,4,5,5,0,0,19,0.0
3,2,0,3,3,5,0,0,18,0.0
3,0,0,4,6,2,10,0,5,99.0
3,1,25,5,1,3,0,0,2,0.0
3,1,48,5,5,1,0,0,19,0.0
3,2,31,5,0,1,10,21801,18,51.0
9,0,0,5,1,1,10,0,13,0.0
3,2,37,4,6,5,0,0,15,0.0
3,1,27,5,5,2,8,0,17,0.0
3,2,0,4,5,5,3,0,8,51.0
3,1,31,5,5,1,8,0,15,200.0
13,1,30,5,0,1,0,22350,9,0.0
3,1,32,5,5,1,8,0,17,100.0
3,2,20,4,5,2,8,0,13,90.0
3,7,39,5,5,3,0,23152,22,95.0
3,1,27,5,0,2,0,0,14,122.0
3,0,0,5,6,1,10,0,16,260.0
0,2,24,0,7,5,2,21453,20,0.0
1,2,45,5,0,2,0,21804,19,0.0
3,2,37,4,5,5,8,0,12,0.0
0,2,21,6,3,5,0,0,16,40.0
3,1,0,5,3,1,1,22350,14,0.0
3,2,0,4,5,5,0,0,9,0.0
3,1,20,5,0,3,0,21453,21,0.0
3,1,43,5,0,3,0,21453,15,0.0
9,0,0,5,5,3,10,0,4,60.0
3,0,0,5,6,2,10,0,19,150.0
9,2,0,4,3,5,10,0,20,51.0
3,2,0,4,1,5,8,0,11,0.0
9,2,0,5,6,3,0,22350,2,285.0
3,1,36,5,5,5,8,0,16,341.0
9,1,56,5,0,2,0,0,8,0.0
3,1,17,0,7,2,0,0,12,0.0
3,1,19,5,5,1,8,0,8,68.0
3,1,68,5,5,3,0,22350,22,45.0
3,2,26,4,5,5,0,0,12,51.0
10,2,26,5,8,5,0,0,0,0.0
3,1,46,5,1,5,8,0,13,0.0
3,2,0,4,5,5,0,0,6,0.0
3,1,21,5,0,3,0,0,19,0.0
3,1,17,0,7,1,0,0,17,0.0
18,2,0,4,3,5,10,0,21,0.0
3,0,0,5,3,2,10,0,7,110.0
3,1,43,5,0,3,10,22107,7,0.0
3,2,35,0,7,1,1,0,12,0.0
3,5,22,5,0,3,0,21453,3,0.0
3,1,35,5,3,1,8,0,13,0.0
3,1,39,4,5,5,8,0,7,12.0
3,2,0,4,5,5,0,0,21,0.0
3,2,0,4,6,5,10,0,18,140.0
3,2,24,4,5,2,3,0,21,51.0
3,1,51,5,5,1,2,0,13,607.0
18,1,33,5,5,2,8,0,18,135.0
3,0,0,5,0,5,10,0,13,0.0
3,1,12,5,6,3,0,22350,7,110.0
3,0,0,5,0,1,10,0,19,465.0
3,1,41,4,5,1,0,0,20,0.0
6,1,51,5,0,1,0,0,11,0.0
3,1,57,5,5,1,0,22350,17,28.0
3,1,58,5,5,2,0,0,15,0.0
9,2,32,4,5,5,0,0,10,0.0
3,2,0,5,5,5,5,22101,11,0.0
3,2,27,5,1,3,0,0,6,122.0
3,1,20,5,0,1,2,21801,7,0.0
3,1,59,5,0,3,2,21804,20,0.0
3,1,33,5,5,3,0,0,21,0.0
3,1,42,5,3,2,2,21453,19,0.0
3,2,41,4,5,5,8,0,15,50.0
3,2,0,5,5,5,10,0,12,0.0
3,1,58,5,0,2,8,0,7,0.0
18,2,0,4,6,5,10,0,7,51.0
3,2,33,5,0,2,8,0,9,0.0
3,1,42,4,6,2,0,0,8,0.0
0,1,74,5,1,5,0,0,15,0.0
3,2,19,5,0,2,1,21453,2,0.0
3,1,52,5,8,5,0,22350,8,0.0
3,0,0,4,6,5,10,0,7,51.0
3,2,48,5,5,5,0,0,15,0.0
3,2,0,5,2,5,10,22350,2,0.0
8,1,55,4,6,1,0,0,14,250.0
3,0,0,5,1,2,10,0,19,0.0
3,2,26,4,5,5,0,0,10,0.0
3,2,0,5,2,3,10,22107,22,0.0
3,1,20,0,7,1,1,0,19,0.0
3,2,0,5,3,5,1,0,12,0.0
3,0,0,4,3,5,10,0,12,0.0
3,0,0,5,5,2,10,0,2,26.0
3,2,0,5,6,1,10,22450,16,0.0
3,1,80,5,2,2,10,22350,11,127.0
15,1,54,5,0,1,9,0,23,36.0
3,1,57,0,6,1,10,0,14,290.0
18,2,0,4,6,5,10,0,7,0.0
3,2,37,0,3,5,2,0,17,0.0
18,2,0,4,3,5,10,0,13,0.0
3,2,64,4,0,2,0,0,18,0.0
3,0,0,4,5,5,10,0,23,51.0
10,2,24,5,3,5,0,0,7,0.0
3,0,0,5,3,1,10,0,17,47.0
3,1,59,5,5,3,8,0,15,30.0
3,1,48,5,3,5,0,0,21,220.0
3,2,46,4,1,5,10,0,17,0.0
3,2,0,5,5,5,0,21802,13,0.0
9,1,54,5,0,2,0,0,5,0.0
18,2,0,4,3,5,10,0,22,0.0
9,7,18,5,2,3,0,22350,23,238.0
3,2,20,4,5,5,0,0,8,0.0
3,0,0,5,0,1,10,0,12,90.0
9,2,40,5,0,1,0,0,10,0.0
3,0,0,5,1,5,10,0,23,0.0
3,2,18,5,2,3,10,22350,12,319.0
9,1,18,5,2,1,10,0,14,300.0
9,1,41,4,0,2,0,22450,15,0.0
3,2,0,5,3,2,10,0,11,20.0
3,2,65,4,5,5,8,0,11,0.0
3,0,0,5,3,2,10,0,1,447.0
18,2,0,5,3,5,3,22106,6,210.0
3,2,30,4,6,5,10,0,7,51.0
3,2,28,5,5,1,0,0,21,0.0
9,2,0,4,3,5,3,0,17,0.0
3,1,27,5,3,5,10,21804,19,65.0
3,2,0,4,5,5,10,0,23,0.0
18,2,0,5,6,5,0,21453,20,40.0
6,1,34,5,3,5,0,22350,22,539.0
0,1,52,5,3,1,0,0,16,180.0
3,1,41,5,5,1,8,0,18,0.0
10,2,15,5,3,5,10,0,7,0.0
3,2,0,5,5,2,10,22350,11,107.0
3,0,0,5,3,3,10,0,3,0.0
3,1,20,5,2,3,0,22350,2,114.0
3,1,38,5,5,5,10,0,17,0.0
17,0,0,5,6,2,10,0,23,114.0
3,1,77,5,0,5,2,22100,12,0.0
3,1,62,5,0,2,8,0,7,20.0
3,2,0,4,5,5,0,0,20,0.0
3,1,29,5,0,3,2,0,13,0.0
3,7,26,5,1,2,2,23152,22,0.0
14,2,17,3,8,5,10,21954,23,0.0
3,1,66,5,7,5,1,22107,17,165.0
3,1,18,5,0,4,0,21453,11,0.0
3,0,0,5,2,1,10,0,3,0.0
3,1,48,5,5,1,0,0,12,39.0
3,1,30,5,1,3,0,0,14,0.0
3,1,31,5,8,1,2,21950,14,20.0
3,2,0,4,0,5,2,0,18,0.0
18,2,0,5,3,5,0,0,20,0.0
3,2,0,4,5,5,2,0,8,0.0
3,5,47,5,1,2,0,0,17,0.0
3,1,33,5,0,2,1,0,17,0.0
3,0,0,4,3,5,10,0,12,0.0
3,2,0,5,5,5,0,21703,15,60.0
3,2,50,5,0,2,0,0,12,0.0
3,1,65,3,8,2,0,0,19,311.0
3,0,0,4,5,5,10,0,0,51.0
3,1,48,5,5,1,0,0,7,0.0
3,0,0,5,3,3,10,0,22,0.0
3,1,81,5,3,5,1,22350,13,45.0
3,1,55,5,5,2,10,0,15,100.0
3,0,34,5,6,1,8,0,20,28.0
3,1,34,5,8,5,2,21950,19,48.0
3,0,0,5,5,2,10,0,20,112.0
3,1,48,5,0,2,2,22107,9,0.0
3,1,23,5,0,3,0,0,23,0.0
10,1,24,5,8,5,10,0,16,0.0
3,0,0,5,5,3,10,0,21,80.0
3,1,18,5,0,3,0,0,22,0.0
3,1,53,5,0,2,2,0,17,0.0
3,1,32,5,6,1,0,0,18,100.0
18,1,20,5,0,1,2,0,8,0.0
9,1,35,5,5,1,0,22350,1,85.0
3,1,28,5,5,5,0,0,8,0.0
3,2,24,4,6,5,0,0,20,51.0
3,1,23,5,0,1,0,0,17,0.0
3,0,0,4,2,5,10,0,1,190.0
3,1,26,5,0,2,0,21453,9,0.0
8,1,24,5,6,1,8,0,10,77.0
3,1,78,5,6,2,0,21804,12,0.0
9,2,19,5,6,5,10,21804,15,0.0
10,6,58,6,8,5,10,21954,21,75.0
3,0,0,5,6,1,10,0,13,20.0
3,1,48,5,5,2,0,22350,13,60.0
3,1,29,5,7,1,3,22350,15,36.0
3,2,0,4,6,5,1,0,18,0.0
3,0,0,4,3,5,10,0,19,0.0
18,6,0,5,3,5,0,21658,22,100.0
9,2,32,1,6,5,2,0,18,0.0
3,1,27,5,3,5,10,21755,8,0.0
3,1,34,5,1,3,0,23153,21,50.0
3,2,26,5,2,3,2,22350,4,0.0
3,0,0,5,6,5,10,0,10,30.0
3,1,31,5,1,2,0,0,8,0.0
0,1,59,0,3,5,10,21650,10,0.0
0,1,18,5,7,5,1,0,15,0.0
3,1,49,5,0,3,2,21451,13,0.0
3,1,70,5,1,5,0,0,21,0.0
3,0,0,5,1,3,10,0,23,57.0
10,1,55,5,8,5,10,0,19,0.0
3,0,0,4,6,5,10,0,18,125.0
9,0,0,5,6,1,10,0,7,0.0
10,2,81,4,8,5,10,0,15,0.0
3,1,52,5,5,3,8,0,17,0.0
3,1,29,5,3,5,1,21949,16,0.0
3,2,21,5,3,5,0,0,12,0.0
3,2,29,5,0,4,0,0,14,51.0
3,0,0,5,3,2,10,0,18,0.0
3,0,0,5,6,1,10,0,22,37.0
3,1,25,5,3,5,0,12500,17,0.0
3,1,53,5,3,2,2,21802,7,159.0
3,1,0,5,5,5,0,22350,16,249.0
3,0,0,5,1,2,10,0,7,20.0
3,0,0,5,5,2,10,0,12,51.0
3,0,0,5,3,1,10,0,7,19.0
3,1,49,5,3,5,2,21801,17,0.0
3,1,41,5,3,2,10,22107,23,45.0
3,2,42,5,3,2,10,0,8,0.0
3,1,65,5,0,2,0,21453,18,0.0
3,1,23,4,0,2,0,0,18,0.0
3,2,0,4,5,5,0,0,15,51.0
18,3,20,5,5,2,0,22107,17,150.0
3,1,21,5,5,1,0,22350,6,1.0
3,1,41,5,3,5,8,0,14,749.0
10,2,38,4,8,5,10,0,22,0.0
3,1,24,5,0,3,2,0,21,0.0
3,0,0,5,2,3,10,0,7,75.0
3,1,62,5,6,2,10,21804,10,35.0
18,2,67,4,1,5,10,0,14,0.0
3,2,40,5,4,4,1,23103,2,0.0
3,2,0,4,6,5,0,0,18,0.0
3,1,17,5,1,2,2,0,17,0.0
3,2,48,4,5,5,8,0,16,0.0
3,1,48,5,6,1,0,0,17,30.0
3,1,54,5,6,5,0,0,8,0.0
3,1,28,5,0,2,2,0,17,0.0
3,1,60,5,0,3,0,0,10,0.0
3,1,66,5,8,5,2,22107,17,22.0
9,0,0,5,6,2,10,0,21,120.0
3,1,67,5,5,2,8,0,18,135.0
0,1,85,5,7,5,0,0,15,0.0
3,6,28,4,3,2,0,22107,2,0.0
3,2,0,5,5,5,0,22350,15,0.0
3,2,25,4,5,5,1,0,18,0.0
6,1,0,5,5,1,8,0,1,60.0
0,1,14,4,3,2,10,0,18,415.0
3,2,0,5,3,5,3,22106,18,155.0
3,2,0,4,5,5,10,0,12,20.0
3,2,35,4,0,2,0,0,2,0.0
3,1,0,5,0,3,8,0,12,0.0
3,0,0,5,6,1,10,0,5,221.0
3,2,25,4,5,5,10,0,15,51.0
9,2,0,5,2,3,0,22350,19,420.0
3,1,33,4,1,2,2,22107,15,0.0
3,1,35,5,5,2,0,0,15,0.0
3,1,56,5,2,2,10,22107,21,87.0
3,1,48,5,0,2,0,0,11,0.0
3,1,27,4,0,2,0,0,11,0.0
3,1,28,5,6,3,0,0,21,230.0
3,1,38,5,5,2,0,22350,18,0.0
3,0,0,4,6,5,10,0,13,50.0
3,1,22,5,0,2,2,22100,19,0.0
3,1,52,5,5,2,8,0,17,43.0
13,1,37,5,0,5,0,21453,13,0.0
3,2,46,5,0,2,0,21453,16,0.0
3,1,21,5,5,3,0,22350,19,238.0
3,1,27,5,0,5,0,0,17,158.0
3,0,0,5,6,1,10,0,5,51.0
9,1,47,5,0,5,10,21804,15,0.0
3,2,26,5,6,3,10,22350,19,141.0
3,1,29,5,5,3,0,0,20,0.0
18,2,0,4,3,5,10,0,15,51.0
0,1,13,5,3,1,10,0,19,78.0
3,1,42,4,7,2,1,0,18,0.0
3,1,21,5,0,2,2,22450,9,0.0
3,2,36,4,0,5,5,0,8,300.0
3,1,19,5,0,2,1,21950,14,0.0
3,2,17,5,5,2,0,22350,8,1320.0
3,2,23,4,3,5,8,0,11,0.0
3,2,0,4,3,5,2,0,8,0.0
3,2,64,1,7,5,10,21952,9,341.0
3,2,25,5,6,2,0,0,6,270.0
3,2,82,5,0,5,0,0,14,0.0
3,0,0,5,6,5,10,0,17,15.0
3,1,62,5,6,1,2,22107,16,30.0
9,1,69,5,5,2,8,0,17,0.0
3,1,0,6,0,3,2,0,21,0.0
3,1,60,5,1,1,8,0,22,0.0
0,2,46,4,3,5,10,0,17,0.0
3,2,38,5,0,3,2,0,12,0.0
3,0,0,5,0,3,10,0,10,19.0
3,2,0,4,5,5,0,0,12,51.0
3,2,22,5,5,1,0,22350,13,0.0
3,2,19,4,0,5,2,0,18,0.0
3,1,18,4,0,5,8,0,15,0.0
9,1,29,5,5,1,8,0,19,40.0
3,1,26,5,5,5,0,22350,17,145.0
3,0,0,5,6,2,10,0,22,18.0
3,1,55,5,0,3,2,0,7,0.0
6,2,0,2,3,2,0,0,9,40.0
3,1,22,5,6,1,0,0,17,246.0
10,2,69,3,8,5,10,21950,19,60.0
3,1,26,5,3,1,10,21804,16,600.0
3,0,0,4,2,5,10,0,1,385.0
9,2,0,5,3,5,9,29003,10,120.0
3,1,45,5,6,1,10,22107,19,200.0
0,1,25,5,7,3,0,0,7,210.0
3,1,26,5,1,3,2,21801,5,0.0
3,2,0,5,5,2,0,0,9,167.0
3,4,28,5,3,2,0,22350,3,20.0
3,2,0,5,6,5,10,20002,7,0.0
3,2,41,4,3,5,10,0,20,51.0
3,5,43,5,5,1,8,0,8,67.0
3,2,0,5,1,3,0,22350,13,0.0
3,2,26,4,5,5,0,0,15,0.0
9,2,0,4,5,5,3,0,23,0.0
3,2,0,4,5,5,0,0,20,0.0
3,8,35,5,5,3,0,22350,7,0.0
3,2,26,5,5,2,8,0,11,0.0
6,1,44,5,3,1,10,21755,20,0.0
3,1,54,5,6,1,0,0,21,300.0
3,0,0,5,6,2,10,0,16,0.0
3,1,76,4,1,3,0,0,9,0.0
10,1,6,5,3,5,10,0,19,0.0
3,1,43,5,0,3,8,0,8,0.0
8,1,43,5,2,1,0,22350,19,0.0
3,2,59,4,5,5,8,0,17,0.0
3,3,49,5,3,2,2,22107,14,0.0
9,2,40,5,6,1,5,22107,22,51.0
3,1,49,5,0,3,0,0,15,0.0
3,2,67,5,5,5,3,22350,17,44.0
3,1,62,5,2,3,0,22350,5,23.0
3,1,32,5,5,2,8,0,7,0.0
9,6,0,5,2,2,0,22350,21,241.0
3,2,0,4,5,5,0,0,8,0.0
3,1,46,5,5,1,0,0,11,0.0
3,1,50,5,5,1,0,0,11,0.0
3,2,0,5,3,2,3,22106,23,0.0
3,1,22,4,5,1,8,0,17,0.0
3,1,56,4,1,5,2,0,5,0.0
3,1,43,6,5,1,8,0,9,35.0
3,2,0,5,0,2,0,0,12,0.0
9,2,0,5,5,5,0,22350,21,0.0
3,2,43,4,6,5,2,0,0,0.0
3,2,26,5,5,2,10,0,15,0.0
3,1,49,5,5,1,0,22350,8,222.0
3,1,65,5,0,1,10,21804,15,110.0
3,1,36,5,1,2,8,0,20,0.0
9,1,57,5,5,1,2,22350,14,0.0
3,1,21,4,5,1,0,22350,16,0.0
3,2,0,4,5,5,0,0,9,0.0
18,2,0,5,5,5,0,21703,12,0.0
3,0,0,4,3,5,10,0,15,0.0
0,1,28,0,7,5,0,21453,19,0.0
9,2,40,5,6,1,2,0,23,0.0
0,2,20,4,3,5,0,0,16,100.0
3,2,20,4,6,5,8,0,8,0.0
3,7,18,5,5,3,0,26452,22,47.0
9,0,0,5,6,5,10,0,10,173.0
3,1,29,5,0,3,0,21453,14,0.0
3,0,0,5,5,3,10,0,21,93.0
3,1,50,5,0,2,0,0,16,0.0
3,2,19,4,5,5,2,0,18,0.0
0,2,31,1,3,2,0,21202,11,155.0
3,2,0,4,3,5,0,0,21,0.0
3,1,40,4,0,2,0,0,11,0.0
3,1,17,5,3,2,2,22350,21,5.0
3,1,26,5,5,2,0,22350,10,0.0
3,7,21,5,1,2,2,23152,3,40.0
3,2,0,5,6,1,0,20002,11,0.0
3,1,22,5,0,3,0,21453,11,0.0
3,0,0,4,1,5,10,0,15,612.0
18,2,0,4,6,5,2,0,11,0.0
3,1,30,0,3,1,10,0,18,14.0
3,0,0,5,5,5,10,0,21,0.0
3,5,48,5,1,5,0,0,1,188.0
3,2,42,4,0,5,0,0,16,51.0
10,1,81,5,8,5,10,0,17,51.0
3,1,28,5,3,2,2,21801,17,0.0
3,0,0,1,1,2,10,0,12,46.0
3,1,21,5,6,1,8,0,8,100.0
3,2,0,4,6,5,0,0,18,51.0
3,2,49,4,0,5,10,0,0,0.0
3,1,37,5,5,2,8,0,23,0.0
3,2,33,4,5,5,8,0,19,0.0
3,1,31,5,5,1,8,0,17,173.0
3,7,26,5,3,3,10,22107,1,160.0
3,1,33,5,0,2,10,21804,9,450.0
3,2,0,4,3,5,2,0,19,0.0
3,1,43,5,5,2,10,0,18,153.0
3,0,0,5,1,1,10,0,5,115.0
3,0,0,4,2,5,10,0,16,295.0
3,2,0,5,0,5,0,22350,0,92.0
13,1,28,5,2,1,1,22107,7,533.0
3,1,26,0,7,1,0,0,18,0.0
3,2,38,5,1,1,10,20002,23,64.0
9,2,0,5,3,5,3,22106,9,275.0
11,1,32,0,7,5,10,21651,11,635.0
18,2,0,5,6,5,1,22107,8,0.0
3,3,79,4,1,3,10,0,14,156.0
18,2,0,4,3,5,10,0,9,0.0
0,2,16,5,7,5,0,0,20,0.0
10,1,47,5,3,5,0,0,18,0.0
9,1,18,5,2,5,0,22350,2,0.0
3,2,0,4,5,5,0,0,15,0.0
3,2,0,4,1,5,0,21453,20,0.0