PartyType_Code,Sobriety_Code,Age,PrimaryCollisionFactor_Code,CollisionType_Code,VehicleDamage_Code,MovementPrecedingCollision_Code,ViolationCode,CrashTime,Distance
3,1,22,4,0,5,0,0,21,0.0
18,2,0,4,3,5,10,0,3,0.0
13,2,0,4,6,5,10,0,8,0.0
3,2,20,4,3,5,10,0,19,51.0
3,2,35,5,5,1,8,0,17,150.0
9,0,0,5,2,3,10,0,22,0.0
0,1,34,5,7,5,0,0,12,540.0
3,2,0,5,3,2,10,21650,18,265.0
3,1,21,5,0,1,2,0,17,0.0
18,2,0,5,3,5,10,0,10,0.0
3,2,0,5,3,1,0,21453,15,0.0
3,1,19,5,0,5,0,0,19,0.0
3,2,0,5,2,3,10,22350,7,94.0
3,1,60,4,0,1,0,22350,10,0.0
3,2,0,4,0,5,2,0,20,0.0
3,1,85,5,8,5,2,21950,10,0.0
3,1,46,5,5,2,8,0,15,108.0
3,0,29,4,6,2,10,0,6,150.0
3,2,26,5,6,5,1,22100,8,0.0
3,0,0,5,5,5,10,0,7,0.0
3,1,51,5,8,5,2,21952,19,21.0
3,2,23,4,6,5,10,0,9,51.0
3,0,0,5,2,1,10,0,1,0.0
3,0,0,5,1,1,10,0,21,236.0
3,1,76,5,6,2,0,0,10,0.0
3,2,77,5,0,1,10,21804,10,113.0
3,1,24,5,5,2,8,0,18,0.0
3,0,0,5,3,5,10,0,20,0.0
3,0,0,5,5,2,10,0,0,57.0
3,2,0,5,0,5,0,21453,12,0.0
3,1,24,5,1,3,0,0,21,0.0
9,7,42,5,5,2,1,22350,19,69.0
3,1,19,5,3,2,8,0,14,0.0
3,1,20,5,2,2,2,21801,17,72.0
3,1,96,5,5,5,0,21703,15,0.0
3,1,91,5,6,4,0,22107,16,205.0
3,7,22,5,0,3,0,22350,22,0.0
6,1,34,5,6,1,0,0,0,0.0
3,2,51,4,6,5,0,0,8,9.0
3,1,72,5,5,2,8,0,19,0.0
3,0,0,5,1,2,10,0,22,89.0
3,1,62,5,1,5,0,0,17,0.0
3,0,0,5,5,5,10,0,1,51.0
9,0,0,5,1,2,10,0,15,140.0
3,7,26,5,0,5,0,21658,18,0.0
3,1,49,5,6,2,0,0,17,380.0
3,2,41,4,5,5,0,0,8,51.0
3,2,23,5,6,3,5,21658,12,10.0
3,1,42,6,5,2,1,0,20,18.0
3,2,0,5,6,2,0,21650,18,0.0
3,1,52,5,3,1,10,0,14,80.0
0,1,31,4,3,5,0,21650,13,0.0
3,2,0,5,3,1,1,22350,19,0.0
3,2,50,4,0,5,0,0,20,0.0
3,1,50,0,3,1,1,0,15,0.0
3,2,0,4,5,5,8,0,8,51.0
3,2,55,5,5,1,0,0,21,0.0
3,2,31,5,0,2,0,0,9,0.0
3,0,0,5,0,1,10,0,19,0.0
18,0,0,4,3,5,10,0,8,419.0
3,2,0,4,7,5,1,0,18,0.0
9,2,0,4,5,5,1,0,14,0.0
3,1,24,4,0,2,10,21804,14,0.0
3,0,0,5,6,3,10,0,23,361.0
18,2,0,4,3,5,10,0,22,0.0
18,2,0,5,0,5,0,20002,12,0.0
9,1,26,4,0,5,2,0,16,0.0
3,1,38,5,1,3,2,21801,15,225.0
3,7,57,5,3,3,1,22350,21,9.0
18,2,0,5,5,5,0,22350,9,100.0
9,1,25,5,6,2,0,0,23,51.0
17,1,45,5,6,1,5,21658,15,175.0
3,2,0,5,2,5,3,22106,16,51.0
3,7,40,5,6,3,0,21658,1,70.0
3,2,0,5,3,3,1,22350,20,153.0
3,1,19,5,3,2,0,22107,15,0.0
3,1,28,5,0,3,0,21453,11,0.0
3,1,26,5,0,2,0,0,8,0.0
18,2,0,5,6,5,10,22107,15,134.0
3,1,32,5,5,1,8,0,21,35.0
3,2,69,4,5,5,10,0,19,0.0
9,0,0,4,3,2,10,0,2,86.0
3,2,35,4,5,5,8,0,23,0.0
3,2,0,5,5,5,0,22350,10,20.0
6,1,30,5,6,1,0,22350,22,185.0
8,2,30,5,0,3,0,0,15,0.0
3,1,41,5,0,3,2,0,11,0.0
3,2,0,5,1,5,1,22107,13,0.0
3,1,44,5,6,3,8,0,10,247.0
18,2,0,5,5,5,0,22107,1,170.0
3,1,36,5,0,3,2,21801,18,0.0
3,0,0,5,3,5,10,0,1,75.0
3,1,44,5,5,2,1,0,13,0.0
18,2,0,4,6,5,10,0,7,0.0
3,2,0,5,2,4,0,22350,1,32.0
9,1,61,5,5,1,0,21703,17,120.0
10,2,41,5,8,5,0,0,7,0.0
9,1,24,5,6,1,0,22350,8,120.0
8,2,19,5,2,3,0,22350,23,0.0
3,2,45,4,5,5,10,0,6,0.0
3,2,0,5,5,3,0,22350,20,0.0
3,1,73,5,5,3,10,22102,10,530.0
3,0,0,4,3,5,10,0,21,0.0
3,2,0,4,5,5,0,0,12,0.0
3,7,26,5,2,3,1,22107,0,0.0
0,2,54,5,7,5,0,0,16,363.0
3,2,0,5,6,5,3,22106,20,203.0
3,2,61,4,7,5,10,0,20,51.0
9,2,0,5,8,5,2,21950,16,0.0
10,1,59,3,8,5,0,21456,10,0.0
3,1,56,5,6,1,0,0,20,107.0
17,1,31,5,6,1,1,0,13,10.0
3,2,32,4,1,3,0,0,15,0.0
3,1,61,5,3,5,2,0,9,0.0
3,1,52,5,5,1,8,0,9,149.0
0,1,16,5,0,1,0,0,13,0.0
3,1,0,1,5,1,0,22109,13,500.0
0,1,38,0,7,5,0,21456,18,0.0
3,1,49,1,5,1,8,0,23,8.0
3,1,59,5,5,1,10,0,13,240.0
18,2,0,5,3,5,0,21658,5,0.0
3,2,0,5,3,2,3,22106,9,180.0
3,1,37,5,5,2,8,0,1,0.0
3,1,58,5,6,2,2,21801,18,26.0
8,1,36,5,0,2,0,0,14,700.0
3,1,46,5,0,2,0,0,19,0.0
3,1,61,5,0,2,2,0,8,0.0
6,2,30,5,6,5,0,0,23,0.0
3,0,0,5,3,1,10,0,23,507.0
8,2,18,5,6,4,0,0,11,650.0
10,2,22,5,3,5,0,21954,22,0.0
3,1,19,5,0,3,0,0,23,0.0
3,1,49,5,5,2,10,0,12,147.0
18,2,0,4,3,5,10,0,0,675.0
3,1,65,5,0,2,0,0,15,0.0
3,2,23,4,5,5,8,0,12,0.0
3,2,0,5,6,5,0,22350,16,0.0
10,0,19,5,8,5,10,0,2,0.0
3,2,22,5,5,1,0,22350,16,35.0
3,2,19,4,5,5,8,0,14,0.0
3,2,0,5,0,3,0,22450,10,19.0
3,2,0,5,1,3,0,22350,0,61.0
8,1,55,5,0,2,0,0,17,287.0
6,1,0,5,5,1,10,0,16,51.0
18,2,0,4,1,5,10,0,14,0.0
3,2,32,4,3,5,10,0,15,0.0
3,0,0,5,3,1,10,0,3,528.0
9,0,0,5,3,1,10,0,15,60.0
3,1,19,5,1,5,2,21801,22,0.0
3,1,36,5,5,1,8,0,23,0.0
3,1,35,5,1,3,2,0,7,0.0
3,1,32,5,1,2,0,0,15,240.0
3,1,36,5,1,3,0,0,16,0.0
6,1,28,5,0,3,0,0,22,0.0
18,2,0,4,3,5,10,0,0,51.0
9,2,0,5,1,2,3,22106,17,675.0
3,2,39,4,5,5,8,0,7,0.0
3,2,28,5,1,2,0,0,22,0.0
3,2,67,5,5,1,8,0,8,306.0
3,2,55,4,0,5,2,0,20,0.0
3,0,0,5,3,2,10,0,23,312.0
3,1,20,5,5,3,0,22350,20,186.0
3,1,43,5,0,1,2,0,20,0.0
3,2,40,5,0,3,2,0,8,0.0
3,2,18,5,0,3,0,23103,1,0.0
6,1,0,5,0,1,3,22515,21,397.0
18,2,0,5,3,5,9,0,16,0.0
9,2,0,4,5,5,0,0,16,51.0
3,1,30,4,0,3,0,0,5,0.0
3,0,0,5,6,1,10,0,5,364.0
3,1,24,5,0,2,0,21802,16,0.0
3,1,40,5,0,2,2,0,7,150.0
3,5,23,5,5,3,0,22350,18,20.0
3,1,35,5,6,3,0,22107,13,24.0
3,1,35,5,0,2,2,21453,19,0.0
18,2,0,4,6,5,10,0,14,51.0
3,1,76,6,1,5,8,0,13,0.0
9,0,18,5,5,2,10,0,18,0.0
3,1,59,5,1,2,0,21453,21,0.0
3,0,0,5,1,3,10,0,22,0.0
3,2,0,5,3,5,0,22350,13,22.0
3,1,37,5,0,2,0,21802,8,0.0
3,1,83,5,7,1,10,21800,21,0.0
3,1,39,5,5,1,8,0,16,51.0
3,1,23,5,1,5,0,0,23,0.0
3,2,0,4,0,5,0,0,12,0.0
3,0,0,4,3,5,10,0,0,0.0
10,2,34,5,8,5,10,0,22,0.0
18,2,0,4,6,5,10,0,4,0.0
13,1,44,5,2,5,1,22107,21,0.0
3,1,27,4,5,2,0,22350,14,10.0
3,2,41,4,0,5,0,0,7,0.0
3,2,0,5,5,5,8,0,20,0.0
3,1,35,5,0,2,0,0,19,0.0
3,1,18,5,0,3,0,0,22,0.0
9,6,0,5,3,5,10,0,15,710.0
3,7,30,5,3,1,3,22106,1,0.0
18,2,0,4,3,5,10,0,4,51.0
3,2,0,4,2,2,10,0,15,125.0
3,2,31,4,3,5,8,0,17,0.0
3,2,49,5,3,1,1,21703,21,0.0
3,0,44,5,6,1,10,0,0,333.0
3,0,0,5,5,1,10,0,15,45.0
3,1,30,5,6,1,0,0,21,81.0
3,1,16,5,1,3,10,22350,17,0.0
3,1,17,5,1,3,2,22107,16,0.0
3,1,28,5,0,3,2,22107,15,0.0
3,1,28,5,5,2,0,22350,17,10.0
3,5,26,3,8,1,0,0,19,134.0
3,0,0,5,5,3,10,0,9,61.0
3,0,0,5,1,3,10,0,6,85.0
9,1,30,5,0,2,0,21453,6,0.0
18,2,0,4,6,5,10,0,3,292.0
3,5,20,5,5,1,8,0,19,0.0
3,1,20,5,5,3,10,22350,3,34.0
3,0,0,5,6,2,10,0,5,96.0
9,0,0,5,6,1,10,0,4,230.0
3,0,0,5,3,3,10,0,10,100.0
3,1,19,5,0,1,1,22107,16,13.0
3,1,70,5,5,1,8,0,18,40.0
3,1,79,4,3,4,10,22107,14,0.0
9,2,54,4,0,5,2,0,15,0.0
3,2,28,5,3,3,0,22350,1,243.0
9,0,0,5,6,1,10,0,4,156.0
3,2,0,5,5,3,0,22350,2,34.0
3,0,0,5,6,1,10,0,20,132.0
3,0,0,5,3,3,10,0,3,80.0
3,1,29,3,8,5,0,0,6,25.0
3,1,24,5,6,2,0,0,1,0.0
18,2,0,4,6,5,10,0,22,0.0
9,1,56,5,6,1,0,0,9,117.0
0,1,59,4,0,5,0,0,8,0.0
3,2,0,4,7,5,1,0,18,0.0
9,0,0,4,6,5,10,0,0,678.0
3,1,22,5,0,2,0,0,18,0.0
3,3,0,4,6,5,10,0,18,51.0
3,1,37,4,0,2,0,0,13,0.0
3,2,26,4,3,5,0,0,19,0.0
3,2,23,4,5,5,0,0,8,51.0
3,1,29,5,6,2,10,0,14,51.0
3,1,19,5,1,5,2,21453,19,0.0
3,2,0,4,5,5,1,0,15,0.0
3,1,31,5,8,5,1,21950,11,0.0
3,0,0,4,3,5,10,0,8,0.0
3,1,40,5,8,1,2,21950,6,0.0
18,2,0,5,7,5,0,21658,0,364.0
3,1,18,5,5,1,8,21703,9,30.0
9,1,21,0,7,5,10,0,17,100.0
3,2,53,4,1,3,0,0,23,0.0
3,2,0,5,5,3,0,22350,6,60.0
3,1,24,5,5,3,0,22350,16,30.0
3,1,37,5,0,3,0,0,20,0.0
3,1,22,5,0,3,0,21453,20,0.0
3,1,61,5,0,2,0,0,12,51.0
3,1,35,5,0,5,0,0,16,0.0
3,1,54,5,5,2,10,0,17,0.0
3,0,0,5,3,1,10,0,3,114.0
8,7,41,5,5,1,8,23152,0,12.0
3,2,0,5,2,3,10,22107,2,847.0
3,1,32,5,5,5,8,0,11,25.0
3,1,40,5,5,2,8,22350,12,102.0
3,2,18,5,2,4,0,22350,3,250.0
3,1,41,5,5,1,1,0,11,195.0
3,1,28,4,0,1,0,0,12,0.0
12,2,52,5,7,5,0,0,20,604.0
3,1,44,5,3,1,3,22106,10,0.0
18,2,0,4,3,5,10,0,6,0.0
3,1,47,5,6,1,0,0,7,0.0
3,1,38,5,1,1,0,0,15,0.0
3,1,30,5,5,5,0,22350,21,0.0
3,4,22,5,5,3,10,2,1,51.0
3,1,80,5,0,3,2,21801,19,0.0
18,2,0,5,2,5,10,22350,7,0.0
3,2,0,4,5,5,0,0,12,0.0
3,1,34,5,0,3,0,21453,21,0.0
3,2,0,5,2,3,2,22350,4,39.0
3,0,0,4,6,5,10,0,0,20.0
3,2,29,4,5,5,8,0,17,0.0
3,0,0,5,5,3,10,0,5,0.0
12,2,18,5,8,5,0,22350,10,113.0
3,1,64,5,0,3,2,21453,15,0.0
3,2,0,5,8,5,0,21453,21,0.0
18,2,0,4,6,5,10,0,12,100.0
3,2,47,4,5,5,0,0,8,0.0
9,2,51,5,5,3,0,22350,5,340.0
3,1,25,5,5,2,3,21804,18,295.0
3,2,0,4,2,2,0,0,3,0.0
3,2,62,4,5,5,8,0,18,0.0
3,1,31,5,6,1,0,0,7,0.0
3,2,43,4,5,5,8,0,12,0.0
8,2,33,5,5,2,5,22350,14,300.0
3,2,31,5,0,3,2,22107,20,0.0
9,2,0,5,3,5,10,0,1,0.0
3,1,95,5,0,2,10,22101,14,425.0
3,2,0,4,5,5,10,0,8,50.0
10,1,21,5,8,1,0,0,18,0.0
3,2,40,4,6,5,10,0,20,51.0
3,0,0,5,5,1,10,0,0,30.0
3,2,19,4,6,5,10,0,13,0.0
3,2,0,4,8,5,0,0,3,0.0
3,1,68,4,5,3,0,0,12,450.0
3,1,44,5,0,3,0,21453,22,0.0
3,1,28,5,0,4,0,0,17,0.0
9,2,0,4,6,5,10,0,8,51.0
3,1,24,5,4,3,0,22350,16,0.0
3,1,20,5,6,2,2,22107,19,0.0
18,2,0,4,2,5,10,0,0,0.0
2,2,0,4,6,5,1,0,20,0.0
3,0,0,5,1,3,10,0,20,80.0
3,1,50,4,5,1,8,0,17,0.0
3,1,25,5,0,2,0,21453,11,0.0
9,2,0,4,5,5,10,0,14,0.0
0,1,50,5,5,5,0,21703,17,0.0
13,2,0,4,6,5,0,0,17,0.0
3,2,59,4,0,5,2,0,19,0.0
3,1,18,4,3,1,1,21802,8,0.0
3,1,47,5,0,5,0,0,10,400.0
10,1,68,5,8,5,0,0,20,60.0
18,2,0,5,6,3,8,22350,17,305.0
3,2,0,4,5,5,0,0,13,0.0
3,1,20,4,0,2,0,0,21,0.0
3,1,28,5,1,3,0,0,20,0.0
3,2,0,4,6,5,5,0,15,51.0
3,0,0,5,6,1,10,0,17,175.0
3,1,17,5,2,1,0,22350,13,56.0
3,1,25,5,5,3,0,22107,0,261.0
3,2,40,4,6,1,4,0,7,436.0
3,1,28,5,0,2,0,21453,14,0.0
9,0,0,5,0,1,10,0,15,0.0
3,2,52,4,6,5,0,0,14,0.0
3,1,75,5,6,2,0,22350,13,37.0
3,2,0,4,5,5,1,0,0,0.0
3,2,0,5,3,5,3,22106,22,41.0
9,2,0,5,6,5,0,21658,17,125.0
18,2,0,4,3,5,3,0,14,0.0
3,1,41,5,5,2,8,0,10,0.0
3,0,0,5,1,3,10,0,5,205.0
3,1,42,5,0,1,0,0,11,131.0
3,2,54,4,3,5,0,0,3,51.0
3,1,51,5,5,1,10,0,10,25.0
3,1,28,5,3,1,10,0,19,70.0
3,2,0,5,5,5,10,22350,23,35.0
3,2,0,5,6,2,0,22107,23,93.0
3,2,0,5,1,3,10,22103,16,0.0
3,1,29,0,7,2,0,0,17,6.0
0,1,47,4,7,5,0,0,23,66.0
9,1,22,5,5,1,0,22350,14,0.0
9,2,0,5,1,5,10,22350,4,0.0
3,1,19,5,5,1,0,22350,16,0.0
18,2,0,5,3,5,10,0,2,0.0
3,0,0,5,5,3,10,0,1,495.0
3,1,24,5,1,3,0,21453,20,447.0
18,2,0,4,6,5,10,0,10,855.0
3,1,43,5,0,1,10,21801,16,0.0
3,1,31,5,7,5,0,21800,8,0.0
3,7,33,5,0,1,1,23152,17,0.0
3,1,42,5,0,2,0,0,17,0.0
3,2,0,5,6,2,10,0,0,195.0
3,1,30,5,6,2,10,21658,9,34.0
3,1,32,5,5,5,0,21703,15,17.0
3,1,46,5,5,1,8,0,21,67.0
3,1,24,5,5,2,8,0,8,18.0
3,2,27,5,4,3,1,22107,6,63.0
3,7,21,5,5,2,0,23152,23,69.0
3,2,0,5,5,5,0,22107,3,232.0
18,2,0,4,3,5,2,0,18,0.0
3,2,0,5,0,2,2,22450,22,0.0
3,2,54,1,0,2,0,0,8,0.0
3,0,0,2,3,1,10,0,10,93.0
3,1,59,5,6,2,8,0,18,0.0
3,0,0,5,6,1,10,0,21,140.0
3,0,0,5,5,1,10,0,1,28.0
3,0,0,4,5,2,10,0,1,710.0
10,2,25,5,8,5,10,0,19,93.0
3,1,54,5,7,1,0,21950,12,0.0
3,1,34,5,0,3,0,21453,14,0.0
9,2,0,4,3,5,1,21949,14,0.0
3,0,0,5,3,1,10,0,22,0.0
3,1,46,5,5,2,0,22114,19,0.0
3,2,21,5,4,4,0,0,11,1139.0
3,1,26,5,3,2,10,22350,15,1145.0
3,0,0,4,3,5,10,0,0,0.0
3,2,0,0,7,5,0,0,20,0.0
3,1,52,4,6,1,0,0,21,0.0
3,2,28,4,6,5,0,0,2,51.0
3,2,0,4,0,5,0,0,10,0.0
3,1,22,5,3,3,0,21658,0,271.0
3,6,21,5,3,2,5,22350,12,37.0
3,1,32,5,5,1,10,0,12,42.0
3,1,40,3,3,5,0,0,17,0.0
3,1,68,5,5,2,8,0,9,42.0
3,7,25,5,0,3,0,23152,22,0.0
3,1,33,4,5,1,0,0,21,0.0
3,1,37,5,5,2,8,0,18,0.0
1,2,64,5,6,5,5,21658,8,45.0
3,1,45,5,5,1,8,0,2,108.0
3,7,47,5,5,1,0,22350,21,0.0
3,1,28,5,0,1,2,0,13,0.0
3,7,26,5,2,2,0,23152,15,170.0
9,1,21,5,5,2,8,0,10,0.0
3,0,0,5,4,3,10,0,8,0.0
3,1,49,5,0,3,0,21802,7,0.0
3,1,50,0,3,1,1,0,20,55.0
9,2,35,5,0,2,0,21453,12,0.0
3,0,0,5,5,5,10,0,2,57.0
3,2,0,5,6,2,2,22350,20,0.0
3,1,20,5,0,3,0,21453,7,0.0
18,2,24,3,8,5,10,0,10,112.0
3,2,37,5,5,3,0,21703,16,97.0
16,1,66,5,3,1,10,0,12,0.0
9,1,34,2,2,1,0,0,9,273.0
3,1,27,4,5,2,2,0,18,0.0
3,1,18,5,2,4,1,22350,14,0.0
3,0,0,5,6,2,10,0,2,0.0
3,2,39,4,0,5,1,0,20,0.0
9,2,0,5,3,5,0,20002,8,169.0
3,0,0,5,5,3,10,0,3,492.0
3,0,0,4,3,2,10,0,13,0.0
3,1,30,5,5,1,0,22350,10,23.0
9,7,38,5,2,3,0,22350,22,185.0
9,2,31,4,6,5,0,0,14,0.0
3,2,0,4,6,5,10,0,15,51.0
3,1,36,5,5,5,1,22107,8,0.0
3,0,0,4,3,2,10,0,7,0.0
3,1,49,4,0,2,0,0,11,0.0
3,2,0,5,0,5,0,22450,18,0.0
3,1,20,5,1,3,2,22107,9,175.0
18,2,0,4,6,5,5,0,7,0.0
8,1,24,5,3,1,10,21804,7,0.0
10,2,15,5,8,5,10,0,19,0.0
3,2,0,4,5,5,0,0,19,100.0
3,0,0,5,6,2,10,0,11,150.0
3,1,38,5,0,3,2,0,14,50.0
3,1,16,5,6,3,2,21804,16,0.0
3,1,36,4,3,1,10,22350,8,99.0
3,1,46,5,0,2,0,0,19,0.0
3,1,39,5,3,2,10,0,6,54.0
3,2,26,5,5,3,0,22350,20,60.0
3,1,33,4,0,2,0,0,13,0.0
3,1,61,5,0,1,2,21801,7,0.0
3,1,46,5,2,1,8,0,16,300.0
9,1,53,5,3,3,10,0,11,0.0
18,2,0,4,3,5,10,0,0,0.0
3,2,59,4,5,5,8,0,13,51.0
3,0,20,5,5,2,10,0,15,125.0
3,2,0,4,5,5,0,0,12,0.0
3,1,21,5,5,3,8,0,5,12.0
3,1,23,5,0,3,0,0,18,0.0
6,1,57,5,6,1,3,22106,17,40.0
10,1,51,3,0,5,10,21954,17,0.0
1,2,30,5,0,2,0,0,22,51.0
3,0,0,5,5,3,10,0,19,79.0
3,0,0,5,6,1,10,0,10,70.0
9,7,42,5,6,2,0,23152,19,160.0
3,2,44,4,5,5,10,0,17,0.0
9,0,0,5,6,2,10,0,2,124.0
3,0,0,5,7,1,10,0,17,51.0
3,2,27,4,0,5,0,0,23,0.0
3,2,38,5,4,2,8,0,16,0.0
2,0,53,5,5,5,10,0,2,210.0
10,2,27,3,8,5,10,21954,17,0.0
18,2,0,5,2,5,10,20002,15,25.0
3,2,55,5,5,5,8,0,10,0.0
3,0,0,5,3,1,10,0,15,54.0
3,1,38,5,5,2,8,0,18,40.0
3,1,25,5,3,2,3,22106,21,100.0
3,1,32,5,5,1,8,0,15,363.0
9,2,0,5,6,5,2,22350,15,0.0
3,1,33,5,5,1,0,22350,9,104.0
18,2,0,4,3,5,10,0,14,0.0
8,2,50,5,0,2,0,21750,8,51.0
3,2,34,5,2,2,0,22107,23,348.0
10,1,11,3,8,5,10,21950,19,0.0
3,1,30,5,1,3,10,0,18,0.0
3,2,0,4,6,5,0,0,10,0.0
3,0,0,5,5,1,10,0,18,210.0
3,2,0,5,3,5,0,0,11,0.0
3,1,27,0,7,5,8,0,16,0.0
10,2,47,3,8,5,10,21955,18,128.0
18,2,0,6,5,5,10,22350,23,300.0
0,1,39,5,7,5,0,0,15,0.0
3,1,78,5,3,1,10,21804,17,375.0
0,2,26,4,7,5,0,0,13,255.0
3,0,0,5,6,1,10,0,15,0.0
3,6,0,5,5,5,0,22350,20,0.0
3,2,50,5,5,5,0,22350,19,0.0
9,2,27,5,5,1,0,22350,9,0.0
3,1,75,5,0,3,0,21453,16,0.0
3,2,0,5,0,5,2,22350,22,122.0
9,0,0,5,6,1,10,0,16,24.0
3,1,58,5,5,2,0,22350,17,28.0
9,1,33,5,5,3,0,22350,19,200.0
3,0,0,5,5,1,10,0,18,51.0
3,0,0,5,5,2,10,0,21,35.0
9,1,21,5,5,3,0,22350,16,0.0
3,1,45,5,5,5,8,0,18,48.0
18,2,0,4,6,5,10,0,0,0.0
3,0,0,4,3,1,10,0,22,320.0
3,1,45,5,6,1,0,0,5,66.0
3,2,0,4,5,5,0,0,0,0.0
3,1,22,5,6,1,5,21658,15,50.0
3,2,0,5,3,5,10,21657,13,275.0
3,1,40,5,5,1,8,0,22,49.0
3,2,0,4,5,5,0,0,16,0.0
18,2,0,4,3,5,10,0,14,0.0
9,2,22,5,1,3,2,0,9,0.0
3,0,0,5,5,1,10,0,15,0.0
8,1,24,5,3,2,0,0,14,0.0
3,2,43,4,5,5,10,0,13,51.0
3,1,38,5,6,3,0,0,21,786.0
9,1,52,5,3,5,1,22107,13,150.0
9,1,34,5,8,5,1,21950,17,0.0
6,2,29,2,3,1,3,0,0,0.0
3,7,28,5,3,1,0,22107,22,350.0
3,1,29,0,3,1,2,0,8,0.0
18,2,0,4,6,5,10,0,17,70.0
9,7,0,5,6,2,8,0,23,60.0
9,0,0,5,5,2,10,0,2,400.0
3,0,0,5,5,2,10,0,5,27.0
18,2,0,5,6,5,0,0,0,83.0
9,3,42,5,3,3,10,21650,15,0.0
3,2,47,5,1,3,0,0,9,255.0
3,1,59,3,3,1,0,0,17,385.0
3,1,29,5,5,2,0,22350,18,0.0
3,2,0,5,8,5,0,21453,16,52.0
3,0,0,5,5,5,10,0,16,153.0
3,0,0,5,6,3,10,0,19,114.0
18,2,0,5,6,5,0,21453,18,0.0
3,1,74,4,3,3,0,21651,10,0.0
3,1,54,5,1,5,0,0,16,0.0
3,2,0,5,5,5,0,22350,2,245.0
3,1,54,5,5,3,2,0,6,0.0
3,1,39,5,5,2,0,0,11,1183.0
3,2,29,5,0,2,2,0,19,0.0
3,0,0,5,1,3,10,0,22,60.0
3,1,30,4,0,5,0,0,17,50.0
3,0,0,5,5,5,10,0,15,196.0
3,2,37,4,0,3,10,0,16,0.0
3,1,45,5,5,2,0,22350,12,0.0
3,2,49,5,0,2,0,0,8,100.0
3,2,37,5,6,5,0,0,8,100.0
3,1,25,3,8,1,0,0,10,325.0
3,1,27,5,8,1,1,22100,10,273.0
3,2,71,5,6,1,10,21804,15,76.0
3,1,22,5,5,3,8,0,17,628.0
3,1,22,5,3,1,0,22350,2,0.0
3,1,60,5,5,2,0,22350,10,150.0
3,0,0,5,5,2,10,0,4,0.0
3,1,39,5,5,3,8,0,15,0.0
3,1,28,5,3,1,2,0,11,135.0
9,1,40,5,8,5,1,22350,20,0.0
3,2,0,4,6,5,8,0,7,0.0
3,0,0,5,6,3,10,0,21,334.0
3,2,0,5,8,5,10,21950,6,0.0
18,1,48,5,6,1,0,22350,7,0.0
3,0,0,4,3,5,10,0,0,0.0
3,1,61,5,0,2,0,21453,18,0.0
3,2,25,5,2,3,2,22107,4,60.0
6,1,0,4,6,1,0,0,20,25.0
3,6,0,5,3,5,0,20002,18,100.0
3,0,0,5,6,2,10,0,19,45.0
3,0,0,5,6,1,10,0,21,270.0
3,0,0,4,3,5,10,0,0,0.0
3,1,52,5,5,1,8,0,17,0.0
3,1,26,2,0,1,8,0,17,0.0
3,2,0,5,3,5,3,21952,11,104.0
8,1,24,4,3,2,8,0,18,0.0
3,2,0,5,6,1,0,21453,13,0.0
3,6,19,5,6,1,10,21755,15,0.0
3,1,27,5,3,5,10,0,15,0.0
3,1,69,5,6,1,0,22350,15,257.0
3,1,35,4,5,1,0,21703,11,0.0
3,1,32,5,2,3,10,0,14,5.0
3,2,20,4,6,5,5,0,16,0.0
3,1,31,5,5,3,8,0,16,0.0
9,1,34,5,1,1,0,0,17,50.0
3,1,19,4,5,1,8,0,15,0.0
3,2,23,4,5,5,8,0,13,0.0
3,1,77,5,0,5,2,22107,21,0.0
3,1,15,5,0,5,10,21804,15,237.0
3,1,45,5,0,2,10,21804,17,220.0
3,2,19,5,0,3,0,0,0,0.0
3,1,71,5,5,1,8,0,0,0.0
18,2,0,4,3,5,1,0,6,0.0
3,1,30,5,5,1,8,0,14,22.0
3,1,68,5,5,3,1,0,9,235.0
3,2,0,5,6,5,0,22350,17,202.0
3,7,32,5,6,3,2,22350,9,45.0
3,1,22,5,0,3,0,0,8,0.0
9,2,0,5,5,5,8,0,18,0.0
3,2,0,5,6,5,0,22107,15,54.0
3,1,20,5,0,3,0,21802,19,0.0
3,2,0,4,5,5,0,0,13,0.0
3,1,34,4,0,3,0,0,17,126.0
3,1,25,5,3,1,0,0,1,147.0
3,2,0,5,3,5,10,0,9,0.0
9,1,20,5,0,2,1,21804,16,139.0
3,0,0,5,3,3,10,0,7,135.0
3,2,0,5,5,2,2,22350,16,57.0
9,2,0,5,6,5,5,22350,12,0.0
3,0,0,5,6,2,10,0,3,182.0
3,2,0,5,3,3,10,22107,0,343.0
8,1,50,5,5,2,0,0,16,0.0
3,7,36,5,2,2,2,1,17,49.0
3,0,0,4,3,2,10,0,21,150.0
3,1,48,5,6,1,0,0,8,0.0
18,2,0,5,5,5,10,0,7,0.0
3,7,35,5,3,2,0,22350,21,0.0
3,2,0,5,6,2,0,22350,20,75.0
3,5,57,5,1,3,0,0,11,0.0
3,0,0,4,3,5,10,0,13,20.0
9,0,0,5,6,2,10,0,18,39.0
9,0,0,5,6,2,10,0,19,135.0
3,2,0,4,5,5,0,0,13,0.0
3,6,25,5,6,3,10,22107,20,528.0
3,0,0,5,1,1,10,0,18,350.0
9,0,0,5,5,1,10,0,20,118.0