PartyType_Code,Sobriety_Code,Age,PrimaryCollisionFactor_Code,CollisionType_Code,VehicleDamage_Code,MovementPrecedingCollision_Code,ViolationCode,CrashTime,Distance
3,2,0,5,6,1,10,22100,22,0.0
3,1,72,5,3,2,2,21801,13,0.0
3,1,41,5,3,5,0,0,11,0.0
9,0,41,5,0,2,0,21453,11,0.0
3,2,35,5,5,3,10,0,7,32.0
9,2,45,4,5,5,1,0,18,0.0
3,1,43,5,5,3,1,22350,18,37.0
3,2,26,5,1,2,0,0,17,79.0
18,2,0,5,6,5,9,22350,0,48.0
9,1,0,5,0,2,0,0,7,522.0
3,2,19,5,5,5,8,0,12,0.0
3,1,34,4,3,1,10,0,10,196.0
3,2,0,5,6,2,0,22350,0,50.0
3,0,0,5,3,1,10,0,17,140.0
18,2,0,4,3,5,10,0,20,0.0
3,2,0,4,3,5,2,0,20,0.0
3,1,24,5,1,3,0,0,15,0.0
10,2,14,5,8,5,0,0,15,0.0
3,2,25,4,5,5,10,0,20,0.0
3,2,58,5,0,1,0,0,11,51.0
3,1,36,4,6,5,0,0,6,51.0
18,2,28,5,5,5,8,0,14,0.0
3,1,60,4,5,2,0,0,17,0.0
3,1,20,5,7,2,0,12500,12,0.0
3,2,43,4,5,5,1,0,17,51.0
3,2,0,4,5,5,10,0,21,0.0
3,2,28,5,4,3,0,0,12,0.0
3,2,53,4,3,5,8,0,12,0.0
18,2,0,5,3,5,10,0,7,0.0
3,1,20,5,0,3,0,0,0,0.0
3,1,34,5,5,1,8,0,9,2000.0
3,0,0,5,3,2,10,0,13,0.0
3,0,0,5,1,1,10,0,21,55.0
18,2,17,0,7,5,0,0,16,455.0
9,2,29,4,3,5,3,0,11,51.0
3,0,0,5,3,3,10,0,0,0.0
3,2,0,5,6,5,2,22450,10,0.0
10,1,17,5,8,5,10,0,3,0.0
3,0,0,5,5,2,10,0,0,29.0
0,1,37,5,7,1,0,0,17,0.0
3,2,0,4,6,5,10,0,19,260.0
3,1,21,4,0,2,2,0,16,291.0
3,1,52,5,5,5,8,0,21,0.0
18,2,0,4,6,5,10,0,2,51.0
18,2,0,5,5,5,10,23103,21,80.0
3,0,0,5,3,5,10,0,9,0.0
18,2,0,4,6,5,10,0,12,51.0
3,2,0,5,0,5,0,21453,14,0.0
3,2,0,5,5,5,2,22350,21,125.0
3,1,43,5,7,5,1,22107,13,143.0
3,7,0,5,5,5,10,0,1,116.0
3,2,18,5,5,5,0,0,5,0.0
3,2,0,5,2,5,0,0,4,205.0
3,1,31,4,5,5,8,0,10,0.0
3,0,0,5,1,1,10,0,17,0.0
3,1,50,5,0,3,0,0,12,0.0
3,0,0,5,3,3,10,0,2,463.0
0,2,49,5,7,5,0,0,18,360.0
3,2,51,4,0,5,10,0,12,0.0
3,1,29,5,6,1,0,0,19,33.0
3,7,21,5,2,3,2,22350,23,30.0
3,1,21,5,0,3,0,21800,19,0.0
3,0,0,5,6,2,10,0,15,68.0
3,1,67,5,3,2,0,21651,18,231.0
3,0,0,5,3,2,10,0,21,100.0
3,1,55,5,6,1,1,0,14,0.0
3,2,0,4,3,5,10,0,0,0.0
3,1,32,4,0,1,0,0,17,0.0
3,7,29,5,3,1,10,0,4,0.0
3,7,46,5,3,3,0,20002,2,360.0
18,2,0,4,6,5,1,0,11,0.0
3,1,32,4,0,3,0,0,13,0.0
13,1,63,5,5,1,3,22106,8,390.0
3,1,24,5,5,3,0,0,17,0.0
3,1,22,5,5,5,0,22350,18,150.0
8,1,61,5,0,3,0,0,7,300.0
3,1,45,5,5,5,8,0,13,0.0
0,1,36,5,3,5,0,0,19,0.0
9,1,39,5,0,2,10,21804,21,25.0
3,2,74,4,3,1,2,0,10,0.0
3,1,27,5,1,3,2,0,5,0.0
3,6,0,5,2,1,10,22350,2,34.0
3,1,23,5,5,3,0,22350,20,0.0
3,2,0,4,5,5,5,0,8,0.0
0,2,9,0,3,5,10,21954,19,108.0
9,0,0,5,6,2,10,0,23,69.0
8,2,0,5,6,3,10,20002,8,34.0
3,2,0,4,3,5,5,0,17,0.0
3,2,0,5,0,2,0,22350,14,0.0
3,2,0,5,1,5,0,20002,21,0.0
3,2,39,5,5,5,0,21703,14,0.0
3,0,0,5,6,2,10,0,23,51.0
3,2,0,5,2,2,8,22350,22,256.0
3,4,41,5,2,3,10,22350,0,30.0
9,1,43,0,7,1,0,0,11,0.0
3,0,0,4,3,5,10,0,6,0.0
3,2,0,5,5,1,2,21453,14,0.0
3,7,51,5,5,2,0,23152,18,0.0
18,2,0,4,5,5,0,0,21,0.0
3,5,55,5,5,2,0,22350,22,66.0
9,2,0,5,4,4,0,23103,2,264.0
3,2,34,5,6,1,0,0,16,262.0
9,1,27,6,3,1,0,0,9,25.0
0,1,26,5,0,5,0,0,17,0.0
3,1,62,5,0,3,0,0,7,0.0
3,2,0,5,1,1,0,0,10,87.0
10,0,79,5,8,5,10,0,8,0.0
3,1,82,5,0,2,2,0,16,0.0
3,1,29,5,6,2,0,21453,19,0.0
3,0,0,5,1,2,10,0,3,33.0
3,1,31,5,8,5,2,21950,14,0.0
3,2,30,5,0,2,0,21802,18,0.0
0,2,18,5,7,5,0,0,6,0.0
0,1,49,5,7,5,0,0,16,0.0
3,2,29,5,5,3,0,0,22,87.0
3,7,27,5,5,1,2,21801,20,0.0
3,2,46,4,5,5,8,0,8,0.0
16,1,59,5,3,5,0,0,19,0.0
3,0,0,5,3,2,10,0,17,168.0
3,0,0,5,1,1,10,0,1,318.0
9,0,0,5,3,2,10,0,4,150.0
3,1,53,5,0,3,0,21453,12,0.0
3,1,72,5,5,5,8,0,12,0.0
3,2,28,5,3,5,2,21950,16,0.0
3,1,24,5,5,1,8,0,17,300.0
3,0,0,5,5,2,10,0,18,83.0
3,2,36,4,0,5,0,0,8,0.0
3,7,32,5,6,3,8,23152,23,117.0
3,1,41,5,5,3,8,0,11,145.0
3,1,25,5,0,5,0,0,9,0.0
3,2,75,5,5,3,8,0,11,0.0
17,2,0,4,6,5,3,0,9,440.0
3,0,0,5,3,2,10,0,20,145.0
3,2,23,4,1,2,2,0,10,0.0
3,0,0,5,2,2,10,0,20,126.0
18,2,0,4,3,5,10,0,12,51.0
18,2,0,4,6,5,0,0,17,0.0
18,2,0,4,6,5,10,0,4,0.0
3,0,0,4,6,5,10,0,16,0.0
9,1,20,5,1,1,0,0,7,0.0
3,2,0,5,6,2,10,0,6,0.0
0,2,53,5,7,5,10,0,1,24.0
3,0,0,5,5,3,10,0,22,77.0
3,0,0,5,6,2,10,0,10,96.0
3,7,56,5,3,1,10,22107,15,0.0
3,0,0,4,2,5,10,0,0,216.0
3,1,23,4,0,2,2,0,22,0.0
18,2,0,4,6,5,10,0,0,0.0
3,2,40,5,0,3,0,0,8,0.0
9,2,0,5,5,5,0,22350,10,0.0
3,2,0,4,6,5,5,0,12,0.0
18,2,0,5,3,5,10,21658,20,175.0
3,7,33,5,3,3,0,22350,21,157.0
18,2,0,5,6,5,10,21651,4,156.0
3,2,0,5,3,5,0,22350,18,0.0
3,0,0,5,0,1,10,0,11,0.0
3,1,55,5,0,1,1,21658,5,0.0
9,2,36,4,6,5,0,0,7,51.0
3,1,63,4,0,1,0,0,8,0.0
3,1,77,5,1,3,2,22107,14,0.0
8,1,18,5,3,3,1,0,11,51.0
3,1,51,5,3,3,0,0,11,0.0
3,0,0,5,4,3,10,0,8,0.0
18,2,0,4,5,5,0,0,9,0.0
3,1,47,5,5,1,8,0,18,385.0
3,2,32,4,5,5,8,0,14,0.0
3,1,40,5,5,2,0,22350,11,0.0
10,0,22,5,3,5,10,0,18,0.0
3,1,31,5,6,1,0,0,15,0.0
3,2,21,5,3,5,2,22107,1,30.0
0,2,33,5,7,5,0,0,18,20.0
3,0,48,5,5,1,10,0,7,484.0
7,1,34,5,0,1,0,0,19,0.0
3,1,44,5,6,1,0,0,18,0.0
3,1,57,5,6,2,1,0,16,0.0
3,1,22,5,0,3,0,0,23,0.0
3,1,79,5,6,1,10,0,8,121.0
3,2,0,4,5,5,8,0,22,0.0
18,2,0,6,5,5,3,22106,16,0.0
9,1,36,5,6,1,1,0,2,22.0
3,2,0,4,5,5,0,0,17,51.0
3,2,78,5,5,1,8,0,17,0.0
3,1,19,5,8,5,2,21950,20,0.0
3,1,18,5,2,3,1,22350,0,0.0
3,2,55,4,0,5,10,0,10,51.0
3,1,74,5,6,1,10,21651,10,80.0
3,5,22,5,2,3,10,22107,22,51.0
3,2,33,5,6,1,0,0,15,51.0
18,2,0,5,3,5,4,23101,22,0.0
3,0,0,5,3,5,10,0,23,0.0
6,2,0,4,5,2,0,0,11,150.0
6,1,39,5,5,1,0,22350,17,0.0
3,1,28,5,0,2,10,21801,21,0.0
3,2,50,4,1,5,0,0,14,0.0
3,1,37,5,0,5,0,0,10,0.0
3,0,0,4,5,5,10,0,6,0.0
3,2,44,5,5,2,8,0,15,0.0
3,2,32,5,5,2,8,0,14,0.0
3,1,50,5,0,2,2,21802,9,0.0
3,3,16,5,3,2,0,21657,22,0.0
13,1,31,5,5,5,0,22350,7,0.0
3,1,17,5,0,2,0,22350,13,405.0
9,2,23,5,5,1,0,0,16,0.0
3,1,39,5,7,5,0,21804,11,0.0
9,0,0,5,6,1,10,0,16,18.0
3,0,43,5,6,1,10,0,1,51.0
3,1,45,5,2,3,0,22350,9,60.0
3,1,26,5,3,2,0,0,9,40.0
9,2,0,4,5,5,0,0,16,0.0
3,1,36,5,1,3,0,0,17,17.0
18,2,0,4,5,5,0,0,20,75.0
9,2,0,5,3,5,1,21949,13,0.0
3,0,0,5,3,1,10,0,23,217.0
3,1,27,5,5,1,0,22350,19,6.0
3,1,28,5,6,5,0,0,6,0.0
3,2,28,0,7,1,10,0,6,0.0
3,1,49,5,0,3,0,0,13,342.0
3,1,34,5,0,3,0,21806,19,0.0
3,1,41,5,3,1,2,0,14,0.0
18,2,0,4,0,5,2,0,22,0.0
3,1,81,5,0,2,0,0,15,0.0
3,4,21,5,2,3,10,22107,3,0.0
9,1,40,5,5,1,10,0,8,95.0
3,1,23,5,6,2,0,0,18,60.0
18,2,0,4,6,5,10,0,14,134.0
18,2,0,4,6,5,10,0,19,51.0
3,0,0,4,3,5,10,0,7,0.0
3,1,21,5,6,3,0,0,17,45.0
3,1,34,5,0,2,2,21453,5,0.0
18,2,0,5,5,5,0,21703,11,0.0
3,2,56,4,0,2,0,21802,16,0.0
3,2,0,4,6,5,0,0,18,0.0
0,2,32,4,3,5,10,0,19,9.0
3,1,56,5,3,1,2,22350,18,15.0
3,2,0,5,5,5,0,21703,18,0.0
18,0,0,4,6,5,10,0,0,217.0
13,1,35,5,6,5,0,0,15,51.0
3,1,26,5,0,3,2,21804,6,0.0
3,2,35,5,0,1,10,0,17,0.0
8,2,20,5,6,2,1,0,20,0.0
3,1,55,5,8,5,2,21950,19,0.0
3,2,51,5,6,3,0,21453,18,0.0
10,1,31,5,8,5,0,0,13,0.0
9,1,33,5,1,2,0,0,13,0.0
3,1,25,5,0,5,0,0,9,30.0
18,2,0,4,3,5,10,0,2,0.0
9,1,33,5,6,3,0,0,19,0.0
3,0,0,5,3,2,10,0,22,120.0
3,1,24,5,5,1,0,0,20,57.0
3,1,25,5,5,2,8,0,19,75.0
3,1,63,5,5,2,8,0,9,0.0
3,0,0,4,3,5,10,0,14,0.0
3,1,26,5,0,3,0,0,16,133.0
3,2,21,5,3,3,10,22350,2,0.0
3,2,0,5,5,1,0,22350,23,0.0
3,2,21,5,5,2,0,22350,12,1250.0
3,0,0,5,5,1,10,0,18,130.0
3,7,24,5,3,3,0,22350,2,0.0
9,1,17,5,0,1,0,23103,0,448.0
9,2,0,4,5,5,2,0,4,273.0
3,2,36,4,6,5,0,0,16,51.0
3,0,44,5,5,2,10,0,22,90.0
3,2,0,4,3,5,3,0,17,0.0
3,1,80,5,3,5,10,22107,11,303.0
3,1,51,4,0,2,0,0,18,50.0
3,1,50,5,5,1,0,0,10,250.0
18,2,0,4,0,5,0,0,17,0.0
3,1,38,5,6,2,2,21804,19,0.0
3,1,71,5,5,2,0,22350,21,280.0
3,0,0,5,5,2,10,0,17,88.0
10,1,72,3,8,5,10,21954,21,50.0
3,0,0,4,3,2,10,0,9,250.0
18,2,0,4,3,5,10,0,20,0.0
3,1,53,5,5,5,2,0,18,45.0
3,0,48,5,6,2,10,0,13,78.0
3,1,45,5,1,1,8,0,15,1320.0
3,0,0,4,3,2,10,0,14,180.0
3,1,81,5,5,1,8,0,17,65.0
3,2,56,4,0,3,0,0,12,0.0
3,2,31,4,5,5,1,0,13,0.0
3,0,0,5,0,1,10,0,7,25.0
3,2,35,4,5,5,2,0,16,0.0
10,2,22,4,3,5,10,0,23,0.0
3,1,24,5,1,2,2,0,8,0.0
3,2,18,4,0,5,0,0,20,0.0
3,1,22,5,3,3,10,22350,7,0.0
9,0,0,5,6,3,10,0,15,90.0
9,2,0,4,3,5,2,0,16,0.0
3,2,18,5,2,2,10,22350,17,165.0
3,0,0,5,3,1,10,0,8,0.0
3,2,23,4,5,5,0,0,11,0.0
10,1,7,4,3,5,10,0,15,796.0
3,1,53,5,0,2,8,0,18,0.0
3,2,34,4,5,5,0,0,12,105.0
3,7,23,5,0,3,2,23153,21,0.0
3,0,0,5,4,2,10,0,0,39.0
3,2,25,5,6,1,8,0,12,33.0
3,0,63,5,6,3,10,0,0,57.0
3,1,28,5,5,2,0,22107,20,621.0
3,1,50,5,0,3,0,0,19,360.0
3,2,33,5,1,3,0,21453,7,0.0
3,8,22,5,6,1,0,23152,14,195.0
18,2,0,4,0,5,10,0,12,51.0
18,2,0,5,3,5,0,22350,22,15.0
3,1,0,4,5,1,0,0,8,0.0
3,1,51,4,5,3,8,0,9,0.0
3,2,23,5,3,5,8,0,12,160.0
3,7,25,5,2,3,0,23152,23,0.0
3,2,0,4,6,5,5,0,18,0.0
3,0,52,5,3,2,10,0,13,0.0
3,1,55,5,0,2,8,0,13,0.0
3,1,45,5,0,2,0,0,12,0.0
3,1,37,5,5,5,0,0,17,0.0
3,7,47,5,5,2,0,23153,19,0.0
9,2,0,5,3,2,10,22350,1,110.0
3,1,23,5,0,3,0,0,14,0.0
3,1,66,5,0,3,0,21453,6,0.0
3,2,49,5,2,4,10,22107,16,260.0
3,1,66,5,5,2,0,22350,15,92.0
3,7,22,5,2,3,0,21658,4,0.0
3,2,0,6,6,1,0,0,16,50.0
3,1,36,5,5,1,8,0,18,25.0
0,2,33,5,3,5,0,0,18,0.0
9,2,0,4,2,5,3,0,1,190.0
18,2,19,4,5,4,0,0,12,108.0
18,6,0,5,6,1,2,21453,2,0.0
3,2,51,5,5,5,1,0,4,0.0
3,1,49,5,3,2,5,0,20,91.0
3,2,0,4,5,5,0,0,18,0.0
3,1,45,4,6,1,8,0,16,127.0
3,2,0,4,5,5,0,0,20,0.0
3,2,35,4,5,5,8,0,18,0.0
3,1,18,5,0,3,0,0,19,0.0
3,2,46,5,6,3,0,0,15,62.0
3,0,0,5,5,3,10,0,4,153.0
3,2,0,4,3,5,1,0,14,293.0
3,2,0,5,2,3,0,22350,7,1439.0
3,2,42,5,2,2,2,23152,21,0.0
9,5,69,5,5,1,8,0,11,116.0
3,1,29,5,6,2,0,0,17,0.0
3,2,27,4,5,5,3,0,12,0.0
9,1,54,6,5,2,10,0,20,18.0
9,1,42,5,5,1,0,22107,19,125.0
3,1,37,5,0,3,2,21801,6,0.0
3,0,0,4,3,5,10,0,21,0.0
3,0,0,5,3,3,10,0,11,280.0
10,7,62,3,3,5,10,21456,22,0.0
9,2,0,5,6,5,10,20002,7,100.0
18,2,0,4,1,5,10,0,3,0.0
18,2,0,5,5,5,0,22350,14,56.0
3,1,22,5,5,1,0,22350,7,0.0
3,7,38,5,2,3,0,22350,3,0.0
3,1,26,5,5,2,8,0,21,0.0
10,2,21,5,8,5,10,0,19,0.0
8,1,23,5,6,3,0,0,15,60.0
3,2,46,4,5,5,8,0,17,0.0
3,1,34,4,5,3,8,0,7,0.0
3,1,22,5,0,2,0,22450,12,0.0
12,1,30,4,8,5,0,0,0,0.0
3,0,0,5,6,1,10,0,2,200.0
10,1,65,5,8,5,10,0,8,0.0
3,2,50,5,6,5,0,21754,16,0.0
3,1,0,5,0,2,10,21804,14,0.0
3,1,74,5,0,3,10,21804,16,0.0
3,1,23,5,0,3,0,0,3,0.0
18,1,26,5,4,2,0,22107,7,126.0
3,1,41,0,3,1,8,0,7,0.0
3,2,23,5,2,1,2,0,23,30.0
9,2,0,4,5,5,0,0,14,0.0
3,7,41,3,3,1,0,0,19,0.0
3,2,26,5,5,3,0,22350,6,315.0
3,1,39,5,0,1,0,0,12,0.0
3,2,17,4,0,5,10,0,16,0.0
18,2,0,4,2,5,4,0,9,0.0
3,1,52,5,5,1,0,22350,17,0.0
10,2,53,3,8,5,10,21955,3,39.0
3,2,43,4,1,5,0,0,5,0.0
3,7,42,5,3,3,0,23152,22,125.0
3,0,0,5,3,3,10,0,22,197.0
3,1,27,4,0,2,0,0,7,0.0
3,2,0,4,5,5,10,0,16,0.0
3,0,0,5,0,1,10,0,18,218.0
3,1,62,5,0,5,2,0,18,0.0
3,2,16,5,0,3,0,0,22,0.0
3,1,42,4,0,1,1,22350,18,0.0
3,2,26,5,5,3,10,0,2,57.0
3,2,50,5,6,1,10,0,11,210.0
3,1,51,5,3,2,8,0,8,40.0
3,2,58,5,4,4,0,22107,18,330.0
3,2,35,5,0,3,0,0,8,0.0
3,2,0,4,3,5,3,0,3,0.0
3,2,36,5,6,1,10,0,23,59.0
3,1,18,5,1,5,0,0,17,0.0
0,1,64,5,7,5,0,0,15,50.0
3,2,22,5,3,2,0,20002,7,30.0
3,2,32,4,0,5,10,0,7,0.0
3,1,58,5,3,2,10,22517,15,200.0
9,2,28,5,1,2,10,21651,15,0.0
9,2,39,4,3,5,2,0,7,0.0
3,2,28,5,3,5,5,21658,7,200.0
3,1,28,5,5,1,2,0,20,0.0
0,7,36,4,3,2,10,22107,0,87.0
3,1,18,5,0,1,0,0,13,0.0
3,2,23,5,5,3,0,22350,17,0.0
3,1,38,5,5,2,0,21650,20,141.0
3,2,80,4,6,5,0,0,11,0.0
3,0,0,5,5,1,10,0,17,21.0
3,1,30,5,6,3,0,0,14,450.0
10,0,53,5,8,5,10,0,16,310.0
3,2,34,4,6,5,2,0,14,0.0
3,2,0,5,5,3,0,20002,0,248.0
3,1,20,5,5,2,0,22350,7,10.0
3,7,30,5,5,1,0,22350,1,100.0
3,1,83,4,6,2,1,0,20,30.0
9,2,0,5,0,5,2,20002,10,0.0
18,2,0,4,3,5,10,0,17,51.0
3,1,20,5,3,2,10,21804,13,128.0
3,1,74,5,0,2,0,0,14,0.0
3,1,0,5,6,1,0,0,18,160.0
3,2,38,4,1,5,8,0,7,0.0
3,2,52,4,5,1,0,0,19,0.0
3,2,84,5,0,1,0,0,12,110.0
3,2,25,5,6,1,0,0,13,0.0
3,1,47,5,0,2,0,0,19,0.0
3,1,26,5,0,3,2,21804,23,110.0
3,2,20,5,5,2,8,0,17,0.0
6,0,34,5,5,1,10,0,1,95.0
3,2,0,4,6,5,10,0,9,0.0
3,1,35,5,5,3,8,0,10,125.0
17,1,29,5,5,5,8,0,15,25.0
3,1,33,5,3,1,8,0,19,19.0
3,2,25,4,5,5,8,0,16,0.0
18,2,0,5,6,5,0,22350,14,55.0
10,1,59,5,3,5,0,0,20,0.0
3,1,44,5,5,2,0,22350,19,18.0
3,1,54,5,5,1,0,22350,11,54.0
3,1,28,5,5,1,8,0,15,0.0
3,1,28,5,6,1,0,0,19,0.0
3,2,71,4,0,5,0,0,17,0.0
18,2,0,4,3,5,10,0,12,51.0
3,1,54,5,0,2,8,0,15,65.0
3,2,28,4,0,5,0,0,7,51.0
3,1,54,5,3,5,0,0,15,400.0
13,1,31,5,5,1,8,0,8,204.0
3,5,33,5,3,5,0,21950,21,30.0
3,2,0,4,0,5,2,0,13,0.0
3,0,0,5,3,2,10,0,17,47.0
3,2,0,4,5,5,4,0,9,74.0
3,2,0,6,5,5,0,0,16,0.0
3,1,18,5,5,1,8,0,18,76.0
3,2,19,5,8,5,2,22350,20,0.0
3,2,16,0,7,5,0,21650,7,0.0
3,1,65,5,0,2,0,0,17,183.0
3,2,32,5,0,3,0,21453,7,0.0
3,1,33,5,0,3,0,21453,16,0.0
3,2,37,4,6,5,0,0,17,0.0
3,2,0,5,3,5,10,20002,2,200.0
18,2,0,4,5,5,10,0,22,51.0
3,2,0,4,5,5,10,0,8,44.0
3,1,66,5,5,5,0,0,20,60.0
3,1,21,4,3,2,10,22350,13,293.0
3,0,0,5,1,3,10,0,19,0.0
3,1,61,5,0,1,8,0,16,104.0
10,6,38,3,8,5,10,21955,20,40.0
3,2,23,4,0,5,0,0,22,0.0
3,0,0,4,3,1,10,0,15,0.0
3,0,0,5,5,2,10,0,1,0.0
0,1,14,5,7,5,2,21800,16,0.0
3,1,18,5,5,5,0,22350,0,300.0
0,1,50,0,7,5,0,21202,19,92.0
3,1,75,5,3,1,8,0,19,0.0
3,1,24,4,3,1,10,0,18,100.0
3,1,23,5,5,2,10,22100,12,75.0
18,2,0,4,3,5,10,0,14,0.0
3,0,0,5,2,1,10,0,15,63.0
3,1,47,5,0,3,0,21453,22,0.0
3,1,35,3,3,5,0,0,15,0.0
3,0,0,5,6,1,10,0,1,40.0
13,0,0,5,3,2,10,0,19,170.0
13,2,0,4,3,5,10,0,17,0.0
3,6,0,5,0,5,1,22107,19,33.0
3,2,35,5,6,5,0,0,11,0.0
3,1,15,5,2,2,0,22350,18,0.0
3,1,51,4,0,3,0,0,20,0.0
3,0,0,5,5,1,10,0,1,142.0
3,0,0,4,2,5,10,0,5,200.0
3,1,55,6,3,3,0,0,21,0.0
3,1,51,5,8,1,1,21950,19,0.0
18,2,0,5,1,5,0,0,7,147.0
9,7,32,5,5,2,0,23152,17,51.0
18,0,0,5,5,2,10,0,2,26.0
3,1,35,5,5,3,10,0,17,105.0
10,2,32,5,8,5,10,0,16,625.0
3,1,54,5,8,5,2,21950,16,0.0
3,7,22,5,3,4,0,23152,23,48.0
10,2,47,0,8,5,10,21954,21,0.0
3,1,36,5,5,5,0,0,18,0.0
0,1,17,5,3,5,10,0,19,0.0
3,1,55,5,5,3,10,0,13,142.0
3,1,24,5,0,1,2,0,6,0.0
18,2,0,5,6,5,0,22350,17,0.0
3,0,0,5,5,2,10,0,6,336.0
3,2,29,5,3,3,0,21658,5,448.0
3,0,0,4,5,5,10,0,21,0.0
3,2,18,4,5,5,8,0,13,0.0
3,2,31,4,5,5,0,0,18,100.0
3,2,0,4,3,5,2,0,14,0.0
18,2,33,4,5,5,0,0,7,0.0
3,7,24,5,2,5,0,23152,21,0.0
3,2,0,4,3,5,10,0,21,150.0
3,7,43,5,2,4,10,21658,20,448.0
3,2,0,5,5,3,0,22350,15,80.0
3,1,60,5,5,1,10,0,23,15.0
9,2,39,5,0,1,0,0,8,0.0
3,2,62,4,3,5,1,0,18,0.0
3,1,28,5,5,2,0,22350,17,208.0
3,2,0,5,3,5,10,0,22,0.0
3,1,38,5,6,5,5,22107,15,83.0
3,1,56,5,5,1,0,22350,9,149.0
3,0,0,5,6,2,10,0,14,40.0
3,0,0,5,3,1,10,0,1,31.0
3,1,53,5,0,2,0,22450,15,0.0
3,2,37,5,1,1,10,21804,10,329.0
3,1,32,5,0,2,0,0,9,0.0
9,2,0,4,6,5,10,0,21,0.0
3,0,0,5,6,3,10,0,18,51.0
3,1,49,5,5,2,8,0,14,0.0
3,2,27,4,3,1,1,0,8,0.0
3,2,0,4,3,5,0,0,20,51.0
3,1,20,5,6,2,10,21750,18,0.0
3,1,0,5,5,1,8,0,19,40.0
3,1,68,5,5,1,0,22350,14,126.0
9,0,0,5,0,3,10,0,2,300.0
3,0,54,5,5,3,10,0,8,57.0
9,1,54,5,0,5,10,0,14,396.0
3,7,28,5,0,3,0,22350,2,0.0
6,1,32,2,3,1,0,0,4,255.0
3,1,27,5,0,2,0,0,9,0.0
3,1,27,5,0,2,0,0,8,0.0
3,2,0,5,0,5,1,22350,14,0.0
3,1,56,5,8,5,0,21950,6,0.0
3,1,43,5,1,2,8,0,21,32.0
3,2,52,5,0,3,8,0,19,0.0
3,1,46,5,5,1,10,22350,13,0.0
3,2,43,4,5,5,0,0,10,0.0
3,2,0,5,5,2,0,22350,0,194.0
3,0,0,5,6,1,10,0,14,390.0
3,1,43,0,7,5,10,0,8,270.0
3,2,25,0,7,1,0,0,15,45.0
3,1,22,5,1,5,2,21801,14,0.0
3,0,0,5,3,2,10,0,19,200.0
3,0,0,5,3,1,10,0,18,30.0
3,0,0,5,3,1,10,0,21,35.0
18,2,0,5,6,5,0,22107,14,100.0
3,1,49,5,0,2,0,0,15,0.0
9,2,0,5,5,5,0,22350,6,50.0
3,2,73,4,6,5,10,0,16,0.0
3,2,0,5,5,1,0,21703,22,0.0
18,2,0,5,3,5,0,22350,16,60.0
10,2,61,3,8,5,10,21955,23,60.0
3,8,22,5,6,3,0,23152,23,102.0
9,0,0,5,5,1,10,0,14,92.0
3,3,28,5,0,2,2,22107,16,299.0
3,1,24,5,6,1,0,0,19,51.0
3,2,0,5,5,3,0,21658,3,184.0
3,2,46,4,5,5,8,0,18,0.0
3,1,54,5,0,2,2,22107,7,0.0
3,2,59,5,0,3,0,21453,19,0.0
3,2,75,4,6,5,10,0,12,51.0
3,1,33,5,1,2,0,0,18,0.0
3,1,25,5,0,2,0,0,17,32.0
3,1,27,5,5,1,8,0,21,0.0
3,2,0,5,6,5,2,21801,21,30.0
3,0,0,5,1,2,10,0,8,78.0
3,7,67,5,3,2,0,20002,21,63.0
8,2,27,4,0,5,0,0,18,0.0
3,2,36,4,6,5,0,0,13,0.0
9,1,30,2,2,2,9,0,8,65.0
8,1,23,5,6,2,5,21658,14,43.0
3,2,0,5,5,4,2,22350,7,93.0
3,1,68,5,0,1,2,0,10,0.0
3,1,36,5,6,3,0,0,12,174.0
3,1,21,5,3,2,2,22350,22,15.0
3,2,0,4,6,5,0,0,15,51.0
13,1,35,5,5,5,0,0,9,44.0
3,2,0,4,6,5,10,0,20,51.0
3,1,22,5,5,5,8,0,20,25.0
3,0,47,4,6,5,10,0,12,0.0
9,2,54,5,0,2,0,21453,17,0.0
3,0,0,5,5,2,10,0,13,0.0
18,2,0,5,5,5,10,0,7,32.0
0,2,56,5,7,5,0,0,5,0.0
10,2,59,4,3,5,10,0,13,0.0
3,2,79,5,6,2,0,0,14,12.0
3,1,25,5,0,2,0,0,17,423.0
18,2,0,5,2,5,10,22350,19,0.0
3,1,56,4,6,2,5,21658,16,0.0
3,2,41,4,5,5,8,0,12,0.0
3,1,23,5,5,1,0,22350,7,0.0
3,2,0,4,1,5,1,0,11,140.0
9,2,0,4,2,5,3,0,6,0.0
3,1,38,5,0,2,0,0,20,0.0
18,1,64,4,0,1,3,0,16,110.0
3,1,65,5,8,5,2,22350,20,0.0
3,2,39,3,8,5,2,0,21,0.0
3,7,25,5,5,3,0,23152,7,150.0
3,1,49,5,5,2,10,0,0,130.0
3,2,0,4,6,5,10,0,18,51.0
9,0,0,5,6,1,10,0,18,39.0
3,2,0,4,0,5,10,0,18,0.0
9,0,0,5,3,5,10,0,0,200.0
3,7,49,5,3,2,0,23152,22,0.0
3,1,29,5,0,3,0,0,17,0.0
3,1,30,5,3,2,0,22350,9,0.0
3,8,33,5,3,2,0,22350,16,346.0
3,1,42,5,5,1,0,0,13,0.0
3,1,73,4,1,2,0,0,10,0.0
3,1,28,5,5,3,0,22350,13,48.0
3,2,59,4,5,5,1,0,12,0.0
3,2,17,4,5,5,10,0,11,0.0
3,2,36,4,5,5,8,0,14,0.0