PartyType_Code,Sobriety_Code,Age,PrimaryCollisionFactor_Code,CollisionType_Code,VehicleDamage_Code,MovementPrecedingCollision_Code,ViolationCode,CrashTime,Distance
3,1,49,5,5,1,8,0,14,0.0
3,0,0,5,5,1,10,0,1,138.0
3,1,28,5,0,2,0,0,10,180.0
6,1,0,3,8,5,0,0,22,281.0
3,0,0,5,3,1,10,0,21,140.0
3,2,0,4,5,5,10,0,23,51.0
3,2,73,5,1,2,0,0,9,0.0
3,1,21,5,0,2,0,0,21,0.0
3,0,0,4,3,5,10,0,11,0.0
3,0,0,5,2,1,10,0,22,500.0
9,1,21,5,1,2,2,0,9,0.0
3,1,57,5,5,1,10,0,14,285.0
3,1,38,5,0,3,0,0,6,0.0
3,2,0,5,0,2,0,21453,20,0.0
3,2,66,4,0,5,1,0,19,0.0
3,2,0,5,2,5,3,22106,15,0.0
3,1,48,5,5,2,10,0,7,0.0
3,1,75,5,0,2,0,21802,12,0.0
3,2,0,5,5,2,0,22107,16,270.0
14,1,53,5,8,5,5,0,21,0.0
3,7,51,5,3,1,5,21658,18,0.0
13,1,46,4,3,5,1,0,12,0.0
3,2,73,5,0,2,2,21801,13,342.0
18,2,0,4,6,5,10,0,0,51.0
3,2,47,4,0,5,0,0,7,530.0
3,1,18,3,8,1,0,0,22,0.0
18,2,0,5,3,5,10,0,2,0.0
3,2,0,5,1,3,0,22350,1,0.0
9,1,26,5,1,1,0,0,15,164.0
3,1,22,5,3,3,0,21453,10,0.0
3,1,28,5,5,1,8,0,19,0.0
8,1,23,5,3,1,0,0,10,77.0
3,2,52,5,5,5,0,0,9,340.0
9,2,0,5,5,5,0,22350,8,0.0
3,2,0,5,2,3,10,22350,2,0.0
3,2,0,4,5,5,0,0,18,0.0
3,2,22,5,5,1,8,0,2,0.0
3,7,38,5,3,3,2,23152,8,0.0
3,1,23,5,3,1,3,22106,7,0.0
3,2,0,5,0,5,1,21800,5,0.0
3,0,0,5,3,1,10,0,22,0.0
3,2,49,5,3,2,2,22107,18,0.0
18,2,0,4,6,5,10,0,7,51.0
3,1,53,5,2,2,10,22350,21,0.0
3,2,46,4,5,5,1,0,8,0.0
10,1,30,5,8,5,0,0,14,0.0
1,2,20,5,6,1,0,0,20,0.0
10,1,0,5,8,5,10,0,13,336.0
18,2,0,4,0,5,5,0,5,0.0
18,2,0,4,3,5,10,0,18,51.0
3,1,47,5,5,5,0,0,11,0.0
6,0,0,5,0,3,10,0,23,0.0
3,1,24,5,5,5,10,0,17,0.0
9,0,0,5,0,2,10,0,16,30.0
3,0,0,5,6,2,10,0,16,51.0
9,1,43,5,5,1,0,22350,16,500.0
0,1,23,5,7,5,0,0,16,0.0
3,1,42,5,0,1,8,0,7,24.0
3,1,29,5,0,2,0,0,19,0.0
3,0,24,5,6,3,10,0,2,432.0
3,2,0,4,3,2,0,22450,14,0.0
3,1,56,5,6,2,8,0,8,45.0
10,1,39,5,8,5,0,0,10,0.0
3,1,26,5,0,3,0,0,13,0.0
3,1,32,4,0,5,2,0,20,0.0
3,1,23,5,5,4,0,22350,23,133.0
3,1,25,5,5,2,8,0,1,18.0
8,1,27,5,3,3,0,21453,14,0.0
3,1,21,5,0,3,2,0,14,0.0
9,1,17,5,0,3,0,0,22,174.0
3,1,19,5,1,2,2,21801,22,0.0
3,1,20,5,0,2,2,21801,13,0.0
3,0,0,5,4,3,10,0,7,126.0
3,2,0,5,5,1,0,22350,3,424.0
9,1,71,5,0,3,2,21801,7,0.0
3,0,0,5,6,2,10,0,0,110.0
3,2,0,5,8,5,0,22350,21,45.0
10,2,55,5,8,5,10,0,18,0.0
9,1,27,5,5,3,0,0,15,265.0
9,1,84,5,5,2,0,0,15,0.0
9,2,40,5,6,5,0,21750,12,84.0
3,1,42,5,2,5,0,0,17,0.0
3,7,27,5,3,2,10,22350,22,0.0
3,1,32,5,3,3,10,22107,4,0.0
3,2,38,5,5,3,0,22350,19,0.0
3,1,29,5,0,2,0,0,18,60.0
3,2,0,5,6,1,1,22107,1,50.0
3,1,42,4,3,5,10,0,8,0.0
3,2,18,5,1,3,0,22107,0,0.0
3,7,32,5,5,3,0,22350,3,58.0
3,2,0,4,0,5,8,0,16,132.0
3,2,0,5,6,3,0,22350,3,76.0
13,1,29,5,5,2,8,0,11,20.0
3,2,0,4,5,5,0,0,17,0.0
18,2,0,4,6,5,10,0,19,0.0
3,0,33,5,6,5,0,0,16,55.0
3,2,0,4,2,5,10,0,15,0.0
18,2,0,4,3,5,10,0,0,0.0
3,2,48,5,3,5,10,21804,10,289.0
3,1,36,4,0,1,0,0,13,0.0
3,1,36,5,5,1,0,22350,19,307.0
3,1,16,5,1,2,0,23103,4,218.0
3,2,0,5,1,3,10,22107,12,30.0
3,1,25,5,5,1,10,0,16,0.0
18,1,27,5,0,2,0,0,17,0.0
3,7,29,5,3,3,10,23152,17,49.0
3,1,33,6,5,1,0,22350,9,55.0
3,2,0,6,6,5,0,0,16,80.0
9,7,44,5,6,5,0,22350,18,240.0
3,2,0,5,3,5,0,0,11,0.0
3,2,68,5,8,5,2,21950,10,28.0
3,1,53,3,8,1,0,0,20,225.0
3,2,31,5,0,5,10,0,23,0.0
3,1,53,5,2,3,10,22350,2,113.0
9,7,0,5,6,2,10,22350,23,200.0
3,1,43,5,5,5,0,22350,10,96.0
3,1,55,5,5,1,8,0,17,340.0
18,2,0,4,6,5,10,0,9,51.0
3,1,21,5,2,1,10,21801,17,0.0
9,2,0,4,6,5,0,0,10,51.0
3,1,45,5,5,1,0,0,12,0.0
3,1,53,5,6,5,0,0,17,600.0
3,0,0,5,6,1,10,0,19,20.0
0,1,29,5,7,4,0,0,16,0.0
3,1,27,5,5,1,0,22350,14,0.0
3,1,69,4,0,1,0,0,15,0.0
3,7,24,5,6,3,0,23152,20,174.0
10,2,65,5,3,5,10,0,21,150.0
3,1,47,5,5,1,8,0,11,120.0
10,1,17,5,8,5,10,0,7,0.0
3,2,30,4,6,1,3,0,7,436.0
18,2,0,5,6,5,3,22106,23,47.0
3,0,0,5,6,1,10,0,1,88.0
9,0,54,5,6,1,10,0,14,385.0
3,0,0,4,3,5,10,0,17,0.0
3,1,48,4,0,2,0,0,13,0.0
18,2,0,4,3,2,0,22350,1,0.0
0,1,34,0,3,2,10,21202,12,528.0
3,2,37,5,6,1,0,0,15,76.0
3,1,23,5,0,2,10,21800,18,0.0
3,2,83,5,5,2,0,22107,18,245.0
10,2,28,5,8,5,10,21950,20,0.0
3,2,0,5,3,5,10,0,0,400.0
3,1,61,4,6,2,0,0,10,0.0
3,1,32,5,6,1,8,0,11,0.0
3,1,21,5,6,2,0,0,14,406.0
3,1,21,5,2,2,2,22350,21,0.0
3,2,35,5,0,2,0,0,18,0.0
17,1,59,5,0,2,10,21804,22,250.0
9,0,0,5,5,1,10,0,17,0.0
3,2,25,5,5,5,10,0,21,149.0
3,6,27,5,0,2,0,21651,16,56.0
9,1,24,5,5,1,0,22350,16,0.0
3,0,0,5,1,3,10,0,0,25.0
18,2,0,4,3,5,1,0,13,0.0
3,2,33,4,0,5,2,0,11,0.0
18,2,0,4,3,5,10,0,4,0.0
3,0,0,5,5,3,10,0,2,36.0
18,2,0,4,6,5,10,0,23,0.0
3,1,64,5,5,5,1,22350,17,0.0
9,0,0,4,3,5,10,0,8,351.0
10,2,28,5,8,5,10,0,1,315.0
3,0,0,4,3,5,10,0,7,0.0
3,0,0,5,5,5,10,0,18,410.0
3,2,27,5,5,3,0,0,17,17.0
9,2,85,5,3,2,0,22350,14,46.0
9,2,44,4,5,5,1,22350,15,0.0
9,2,42,4,0,5,0,0,14,51.0
3,2,38,4,5,5,0,0,14,0.0
3,6,0,5,0,1,0,21453,6,0.0
3,2,19,4,5,5,0,0,17,0.0
3,2,55,4,5,5,8,0,14,0.0
3,2,35,4,3,5,10,0,10,51.0
3,0,0,5,5,1,10,0,22,0.0
10,1,15,5,3,5,0,21453,21,0.0
6,1,36,5,5,1,10,22350,8,385.0
3,2,27,5,1,5,4,22106,21,10.0
3,2,0,4,6,5,10,0,19,220.0
3,2,78,5,6,1,0,0,16,0.0
3,2,0,5,5,5,3,22350,22,60.0
18,1,47,5,5,1,8,0,12,0.0
3,7,18,5,3,3,0,23153,20,195.0
3,2,53,5,6,3,0,21453,9,0.0
3,2,29,5,5,2,0,22350,16,240.0
3,1,37,5,5,2,8,0,8,54.0
3,2,75,5,0,2,0,0,13,0.0
3,1,51,5,3,3,10,22107,19,0.0
3,1,20,4,0,2,10,21804,17,0.0
11,2,67,5,7,5,0,0,11,0.0
3,2,0,4,5,5,8,0,13,0.0
9,2,0,5,2,3,10,22107,3,144.0
3,0,0,4,6,5,10,0,7,51.0
18,2,0,5,5,5,0,22107,1,30.0
0,1,16,0,3,5,10,21954,12,44.0
3,0,42,5,6,2,10,0,8,120.0
13,1,49,5,0,2,0,0,7,555.0
3,8,18,5,5,1,10,22107,8,60.0
3,1,26,5,0,3,10,0,17,0.0
3,2,0,5,5,2,10,22350,22,25.0
3,2,65,4,6,5,0,0,14,0.0
3,0,0,4,6,5,10,0,13,321.0
3,1,68,5,6,1,0,0,16,150.0
3,1,30,5,0,3,0,21453,15,0.0
3,2,65,4,5,5,8,0,14,0.0
3,1,69,4,0,2,0,22450,11,0.0
3,2,0,4,2,5,4,0,9,402.0
0,1,62,5,3,1,10,0,22,0.0
3,2,40,4,1,5,10,0,10,0.0
3,1,69,5,0,3,5,22107,7,48.0
3,1,25,5,2,3,1,22350,20,0.0
0,1,15,0,3,2,0,21453,13,0.0
3,1,41,5,0,3,2,0,15,0.0
3,2,54,4,5,5,0,0,5,0.0
0,2,65,4,7,5,0,0,12,312.0
3,1,28,5,5,1,0,22350,18,0.0
3,0,0,5,6,2,10,0,21,60.0
3,2,0,4,6,5,0,0,18,0.0
18,2,0,4,3,5,10,0,0,0.0
3,6,67,5,1,3,0,0,11,46.0
3,1,47,5,0,2,0,0,19,0.0
3,2,0,5,6,1,10,21750,18,46.0
3,1,25,5,1,2,2,0,23,0.0
3,1,49,5,0,3,0,21453,0,0.0
3,4,20,5,2,2,0,22350,14,360.0
3,0,0,5,3,1,10,0,22,125.0
3,2,19,4,5,5,8,0,15,0.0
3,2,0,4,0,5,10,0,8,0.0
3,0,0,5,6,1,10,0,22,0.0
3,0,0,5,6,3,10,0,0,54.0
3,1,16,5,5,3,8,0,19,0.0
3,1,32,4,5,1,10,0,9,67.0
3,2,0,5,0,2,0,21453,17,0.0
3,1,39,5,1,3,2,21453,20,0.0
3,2,39,4,5,2,8,0,10,0.0
3,1,23,5,0,2,0,0,23,0.0
3,1,23,5,1,2,0,0,15,0.0
9,2,45,4,5,5,0,0,14,0.0
6,1,46,5,3,1,2,22107,19,276.0
3,2,0,5,3,5,1,0,9,0.0
3,0,0,5,6,5,10,0,18,51.0
3,1,28,5,3,5,1,21950,12,0.0
3,1,29,5,5,3,0,22350,15,496.0
10,1,48,5,8,5,0,0,7,0.0
3,2,0,5,1,3,0,22350,5,0.0
3,2,0,4,5,5,0,0,8,0.0
3,2,0,5,6,5,2,22107,22,0.0
3,1,37,5,0,1,2,21801,9,0.0
3,1,24,5,5,2,8,0,19,0.0
18,2,0,5,0,3,10,20002,5,170.0
3,2,34,4,6,5,10,0,23,0.0
3,1,28,5,5,2,0,0,22,0.0
3,2,36,4,0,5,0,0,15,51.0
9,0,0,5,0,2,10,0,17,30.0
13,2,0,4,3,5,1,20002,11,0.0
10,2,17,5,8,5,10,0,14,0.0
9,0,0,5,1,2,10,0,20,82.0
18,2,0,5,6,5,10,0,13,186.0
3,2,59,4,5,5,8,0,17,0.0
3,2,34,5,5,2,5,22107,21,1050.0
3,0,0,5,3,1,10,0,6,70.0
17,1,63,5,6,5,2,22107,9,0.0
3,2,28,5,6,3,0,23152,3,0.0
3,1,32,5,1,5,0,0,13,0.0
3,1,26,5,6,2,0,22350,17,161.0
3,1,0,4,0,3,2,0,13,0.0
3,1,58,5,2,3,10,22350,5,188.0
18,2,0,4,0,5,2,0,18,0.0
9,1,54,5,0,2,0,0,7,0.0
3,1,26,0,3,1,0,0,12,0.0
3,1,21,5,0,3,0,0,15,0.0
3,1,56,5,5,2,0,22350,16,0.0
3,1,65,5,1,3,2,21801,15,0.0
3,2,24,4,5,1,8,0,17,0.0
3,2,0,5,5,3,10,22107,5,84.0
10,2,23,5,8,5,10,0,18,144.0
18,2,0,4,1,5,10,0,16,51.0
3,1,26,5,0,2,8,0,19,0.0
3,2,0,5,2,3,10,22107,0,0.0
3,0,0,5,6,3,10,0,13,30.0
3,2,0,5,6,5,0,0,16,0.0
3,0,0,5,3,1,10,0,0,270.0
3,2,0,5,6,2,10,22107,21,69.0
3,2,0,5,0,5,10,21804,18,0.0
3,1,18,4,0,2,0,0,15,120.0
3,0,0,5,6,3,10,0,13,24.0
3,0,0,5,6,3,10,0,16,73.0
3,2,25,5,5,1,0,22106,17,0.0
3,1,19,5,0,3,0,21453,7,0.0
3,1,23,5,5,3,0,22350,7,0.0
3,0,0,4,5,5,10,0,21,0.0
3,2,0,5,5,5,0,22350,14,25.0
3,5,27,5,0,4,0,0,20,0.0
9,0,0,5,6,2,10,0,17,51.0
17,2,0,4,2,5,9,0,9,80.0
18,2,0,4,3,5,10,0,10,51.0
3,1,23,5,5,2,8,0,12,108.0
3,1,32,5,3,5,1,22107,11,26.0
9,1,72,4,0,5,0,0,9,0.0
3,1,0,5,0,1,0,0,16,155.0
3,1,57,5,5,2,0,0,20,0.0
3,1,32,5,5,5,8,0,13,0.0
3,1,17,5,0,3,5,22107,13,76.0
18,2,0,4,3,5,3,0,18,51.0
3,2,34,4,5,5,8,0,23,0.0
3,1,21,5,6,5,0,0,12,3.0
3,0,30,5,0,2,0,0,14,178.0
8,2,29,5,0,2,10,21755,18,93.0
3,2,19,5,2,3,2,22350,5,29.0
3,1,16,5,2,3,0,22107,16,0.0
3,0,0,5,6,1,10,0,18,50.0
3,2,63,5,0,3,0,0,16,0.0
3,2,89,4,5,5,8,0,12,0.0
3,2,38,5,0,3,0,0,18,0.0
3,2,52,4,3,5,10,0,7,0.0
3,2,0,5,5,2,2,22350,4,340.0
0,2,14,0,7,5,0,22450,16,0.0
3,2,53,5,2,5,3,22106,12,360.0
3,1,50,5,5,2,8,0,15,0.0
3,0,0,4,3,3,10,0,8,0.0
3,2,55,4,6,5,2,0,11,0.0
3,1,23,5,5,2,8,0,12,0.0
3,8,59,5,5,3,0,21703,14,51.0
3,1,54,5,0,1,2,21801,14,0.0
18,2,0,4,5,5,10,0,20,0.0
3,1,58,5,0,1,0,21802,13,0.0
3,1,23,5,5,2,8,0,8,150.0
3,2,0,5,3,5,10,0,18,0.0
3,2,21,5,0,3,1,22107,19,0.0
3,2,0,4,0,5,10,21804,12,0.0
3,1,20,5,0,3,0,21453,0,0.0
3,2,28,4,3,5,10,0,9,100.0
3,0,0,5,3,2,10,0,5,300.0
3,1,38,5,0,5,0,0,14,0.0
3,2,0,5,6,5,2,21801,12,0.0
3,2,0,5,5,2,0,22350,10,0.0
3,1,24,3,8,1,0,0,12,0.0
3,2,42,5,5,1,10,0,12,300.0
3,1,61,5,5,1,0,0,6,122.0
3,5,17,5,0,3,0,21453,19,0.0
3,1,49,5,5,1,8,0,17,452.0
3,5,22,5,5,1,0,22350,11,75.0
3,0,0,5,5,2,10,0,19,220.0
3,2,31,4,6,5,8,0,8,50.0
3,7,21,5,1,5,0,23152,21,0.0
9,1,34,5,0,2,2,21801,7,0.0
3,1,26,5,5,1,0,22350,16,195.0
3,1,31,5,0,3,0,0,8,87.0
0,1,34,0,7,5,0,21453,17,465.0
3,1,34,5,0,5,0,0,7,0.0
18,2,0,4,5,5,0,0,21,0.0
3,1,60,5,7,5,1,21950,12,0.0
18,2,0,4,0,5,10,0,21,51.0
9,2,65,4,3,5,0,0,13,0.0
3,0,0,4,1,5,10,0,23,438.0
3,1,45,5,3,5,0,0,7,200.0
3,1,29,5,0,2,2,0,11,0.0
3,1,21,5,6,3,10,21804,16,200.0
3,0,0,5,3,1,10,0,6,102.0
9,1,57,5,1,5,8,0,14,60.0
3,2,35,4,5,5,0,0,12,0.0
3,0,0,5,3,1,10,0,18,118.0
3,4,60,5,2,1,0,22350,3,339.0
3,1,60,5,0,5,0,0,6,24.0
6,1,26,5,5,2,0,22350,21,0.0
3,2,60,4,6,5,0,0,9,0.0
11,1,36,5,4,5,1,22350,18,0.0
0,1,45,1,7,5,0,21650,11,0.0
10,1,44,5,3,5,0,0,8,0.0
3,0,31,5,6,2,10,0,8,188.0
3,2,35,4,5,5,8,0,20,0.0
3,2,0,5,1,5,0,22107,5,162.0
9,0,0,5,6,2,10,0,18,111.0
3,1,68,4,1,2,2,0,17,0.0
10,2,51,5,8,5,0,0,9,0.0
3,1,43,5,0,5,0,0,4,0.0
18,2,54,4,3,5,10,0,18,51.0
3,1,39,5,0,3,2,0,10,0.0
3,0,0,4,3,5,10,0,7,0.0
3,2,18,5,0,2,0,21453,22,0.0
3,1,46,5,0,2,0,0,12,0.0
3,2,0,4,0,5,8,0,22,0.0
3,0,0,5,6,2,10,0,3,0.0
3,1,53,5,5,1,10,22107,10,48.0
10,2,48,4,8,5,10,0,7,360.0
3,1,67,5,3,1,0,0,11,0.0
3,0,0,4,3,5,10,0,10,362.0
3,1,27,5,5,1,8,0,13,200.0
3,1,56,5,0,2,0,0,13,0.0
3,1,22,5,5,1,0,0,19,0.0
3,2,47,4,5,5,8,0,18,0.0
9,2,0,4,3,5,10,0,8,240.0
3,0,0,4,6,2,10,0,4,220.0
3,2,36,4,6,5,0,0,21,51.0
9,2,28,5,3,2,8,0,0,14.0
3,1,18,5,1,2,2,21801,17,90.0
3,1,36,5,0,1,8,0,15,0.0
3,1,54,5,0,3,0,21453,16,0.0
3,2,40,5,1,3,0,0,22,445.0
3,0,0,5,3,5,10,0,18,0.0
3,2,70,4,5,5,8,0,11,0.0
3,1,50,5,5,1,10,0,16,0.0
9,2,0,4,6,5,10,0,21,51.0
3,2,0,5,3,5,1,22107,13,129.0
3,1,18,5,1,3,2,22107,0,15.0
10,2,89,4,8,5,10,0,8,80.0
3,1,38,5,6,1,8,0,22,45.0
3,1,34,1,5,2,0,1,15,90.0
9,1,50,5,3,1,8,0,11,0.0
3,0,0,5,6,2,10,0,17,135.0
3,1,45,5,5,5,1,0,14,10.0
3,2,0,4,6,5,2,0,22,0.0
3,1,23,5,0,1,2,21453,21,0.0
3,2,50,4,2,5,0,0,16,0.0
3,1,89,5,0,3,2,0,8,0.0
3,1,60,5,0,1,10,21801,12,460.0
3,1,45,5,0,5,8,0,15,530.0
3,2,0,4,5,5,0,0,20,0.0
3,1,0,5,5,5,0,21703,12,0.0
9,1,56,5,0,2,0,0,17,0.0
0,2,33,5,3,3,0,0,1,0.0
9,1,30,5,5,3,0,0,18,100.0
18,2,0,4,3,5,10,0,20,120.0
18,0,0,5,0,1,10,0,22,53.0
3,2,0,5,5,5,3,22106,13,0.0
3,2,53,4,5,5,8,0,15,0.0
3,1,27,4,3,5,0,0,18,167.0
3,2,22,4,1,5,0,0,11,51.0
3,2,0,4,5,5,1,0,17,0.0
3,2,57,5,6,2,0,0,17,0.0
13,1,43,5,3,1,0,0,4,90.0
3,2,0,4,6,5,3,0,0,51.0
3,1,48,5,5,2,0,22350,18,0.0
3,2,0,4,5,5,0,0,16,50.0
3,0,0,4,3,1,10,0,20,375.0
3,2,37,4,6,5,0,0,15,0.0
3,1,32,5,0,5,0,0,20,90.0
3,1,58,5,5,1,8,0,12,86.0
3,1,65,5,7,1,1,22107,17,340.0
0,2,19,4,3,5,0,0,13,0.0
3,1,43,5,0,1,10,21804,15,555.0
3,1,19,4,1,3,2,0,21,0.0
3,2,61,4,0,5,0,0,18,0.0
9,2,59,4,5,5,8,0,14,0.0
9,1,47,5,0,2,0,0,17,0.0
3,0,0,4,6,5,10,0,14,0.0
9,1,59,5,5,3,0,22350,12,0.0
3,0,27,5,1,1,10,22521,20,370.0
3,1,72,5,5,5,8,0,20,24.0
3,1,75,4,0,5,2,21802,16,0.0
3,1,48,5,0,2,0,21453,9,0.0
3,1,60,5,3,1,8,21949,17,0.0
3,1,29,4,0,5,2,21801,7,0.0
18,2,0,5,2,5,0,22350,6,53.0
13,5,56,5,5,1,8,0,12,0.0
3,2,51,5,1,2,8,0,19,0.0
3,0,0,5,3,1,10,0,2,111.0
3,1,16,5,0,1,0,21453,17,0.0
3,1,41,5,0,3,0,21453,16,0.0
9,1,42,5,1,3,8,0,13,6.0
0,1,16,5,7,2,0,0,8,0.0
3,1,21,5,5,5,8,0,22,0.0
3,2,0,5,5,5,0,22350,16,0.0
3,2,0,5,8,5,0,21658,16,14.0
3,2,0,5,2,5,0,22350,20,138.0
9,0,0,4,3,5,10,0,7,0.0
18,2,0,5,0,5,0,21453,1,0.0
3,1,33,5,0,3,0,0,12,0.0
3,7,27,5,5,1,0,22350,22,185.0
3,1,39,5,5,1,0,0,7,0.0
3,0,0,5,3,1,10,0,6,20.0
8,2,0,4,3,5,1,0,19,0.0
18,2,0,5,3,5,10,0,23,0.0
3,0,56,5,6,2,10,0,11,111.0
3,2,20,5,3,1,1,21950,12,0.0
3,0,0,5,0,3,10,0,0,0.0
3,2,0,4,1,5,2,0,13,0.0
3,0,0,5,0,1,10,0,15,51.0
3,1,27,5,0,2,0,0,0,0.0
18,2,0,4,1,5,0,0,12,0.0
3,1,37,5,0,2,0,21453,10,0.0
3,7,28,5,5,3,2,23152,3,0.0
3,2,25,4,5,5,8,0,13,0.0
3,0,0,4,3,5,10,0,14,0.0
3,1,33,5,2,3,10,21658,6,395.0
3,2,0,4,5,5,0,0,12,15.0
3,2,91,4,6,5,1,0,11,0.0
10,2,62,5,8,5,10,0,14,0.0
3,1,55,5,0,3,0,22114,17,0.0
3,0,58,4,5,5,10,0,13,51.0
9,0,0,5,5,1,10,0,16,75.0
3,0,0,5,5,5,10,0,2,21.0
3,2,18,4,5,5,10,0,17,0.0
3,1,28,5,3,5,0,22107,13,0.0
18,2,0,5,5,5,0,0,7,200.0
9,2,0,5,3,2,1,22107,15,54.0
3,1,20,5,6,5,10,0,22,82.0
18,1,53,4,5,2,8,0,18,872.0
3,2,0,5,5,2,0,22350,22,0.0
3,0,0,5,6,3,10,0,0,102.0
3,1,23,5,6,1,0,0,21,51.0
10,1,47,5,3,5,0,22114,12,0.0
3,1,46,5,0,1,10,0,12,0.0
3,2,0,5,5,5,0,22350,15,0.0
3,1,21,5,1,3,0,27465,14,53.0
10,1,12,5,8,5,0,0,16,0.0
3,1,0,5,2,2,0,22350,16,200.0
6,1,0,5,0,2,0,22350,1,0.0
9,2,0,4,6,5,10,0,1,51.0
3,0,0,4,5,5,10,0,12,0.0
3,1,20,5,6,1,0,0,16,0.0
0,1,32,5,7,5,10,0,17,120.0
9,2,0,5,5,5,1,22107,21,0.0
3,2,22,5,5,3,0,0,23,398.0
3,0,0,5,5,2,10,0,18,75.0
18,2,0,5,3,5,10,0,0,0.0
3,1,40,5,0,1,0,0,11,155.0
10,1,79,5,1,5,0,0,18,0.0
3,2,0,4,5,5,10,0,20,51.0
3,0,0,5,0,1,10,0,10,353.0
3,1,22,5,5,1,1,22350,11,6.0
3,0,0,5,6,1,10,0,0,0.0
3,1,58,4,0,5,2,0,7,0.0
3,7,33,5,5,1,0,23152,2,0.0
3,0,0,4,1,5,10,0,15,0.0
9,2,0,5,2,3,10,20002,20,324.0
3,0,0,5,3,1,10,0,23,0.0
3,0,0,5,6,2,10,0,15,0.0
3,0,0,4,3,5,10,0,10,0.0
3,1,20,5,2,2,10,22350,16,27.0
3,0,0,4,6,5,10,0,9,0.0
3,0,0,5,6,2,10,0,1,155.0
3,0,0,5,5,1,10,0,7,63.0
3,2,39,4,1,5,2,0,14,0.0
3,2,44,4,6,5,5,0,16,51.0
3,2,64,4,0,5,8,0,14,0.0
3,2,56,4,0,5,0,0,21,0.0
3,1,43,4,0,5,10,21804,13,0.0
3,2,0,5,6,5,5,21658,8,100.0
3,2,36,5,5,1,10,0,0,244.0
3,1,21,5,3,3,0,22350,10,400.0
3,2,19,5,6,1,8,0,22,50.0
3,1,25,5,0,2,0,21802,8,0.0
10,1,18,5,8,5,0,0,13,0.0
3,0,0,5,3,5,10,0,5,60.0
3,5,21,5,5,2,0,22350,16,117.0
3,1,58,4,0,2,0,0,5,0.0
3,2,34,5,6,1,0,22350,15,226.0
3,0,0,4,3,5,10,0,5,0.0
3,1,63,5,6,2,0,22350,18,57.0
3,2,35,4,6,5,8,0,17,0.0
9,1,29,5,5,5,0,22350,14,16.0
3,0,0,5,3,2,10,0,22,140.0
9,2,0,5,6,5,1,22107,12,0.0
18,2,0,4,3,5,10,0,8,0.0
3,2,33,5,2,3,0,22350,8,435.0
3,1,40,6,5,1,0,22350,12,0.0
3,2,29,4,5,5,8,0,18,51.0
3,1,36,5,5,5,1,22101,10,20.0
9,1,31,5,5,1,8,0,17,0.0
3,1,21,5,0,2,0,0,22,0.0
18,2,0,5,3,5,1,0,0,0.0
3,2,0,5,0,5,0,21806,11,0.0
0,1,67,5,3,5,2,21200,13,180.0
3,0,0,4,3,5,10,0,8,0.0
18,2,0,4,6,5,10,0,15,51.0
3,1,26,5,0,3,0,0,10,12.0
8,1,36,5,0,5,0,22350,8,0.0
18,2,0,4,3,5,10,0,14,25.0
3,2,0,4,3,5,3,0,10,0.0
3,2,0,4,5,5,10,0,16,51.0
3,1,49,5,7,1,2,22107,3,0.0
13,2,67,5,6,2,10,0,12,0.0
9,1,40,5,1,2,8,0,13,178.0
3,2,59,4,5,5,8,0,18,0.0
3,0,0,5,6,5,10,0,23,172.0
3,1,70,5,7,5,0,22350,14,90.0
3,1,26,5,0,3,0,0,13,0.0
3,2,0,5,3,5,1,21950,6,0.0
18,2,0,4,6,5,10,0,0,205.0
3,1,0,5,8,1,8,0,16,80.0
3,1,28,5,7,1,1,21950,10,35.0
3,2,0,4,6,5,0,0,17,51.0
3,5,64,5,5,3,0,22350,7,510.0
3,2,63,4,5,5,2,0,8,0.0
3,0,0,4,3,5,10,0,1,215.0
9,0,0,5,3,1,10,0,3,138.0
18,2,0,4,3,5,10,0,6,0.0
3,1,55,5,5,5,8,0,8,0.0
18,2,0,4,6,5,10,0,21,0.0
3,2,26,4,6,5,2,0,16,0.0
3,1,76,5,0,1,10,21453,15,0.0
3,1,71,5,3,2,8,0,13,0.0
3,1,30,5,5,2,0,22350,8,0.0
3,2,0,5,5,5,0,22350,17,0.0
3,2,0,4,6,5,5,0,14,0.0
8,1,35,4,3,2,10,0,10,0.0
10,1,67,5,8,5,10,0,13,0.0
18,2,0,4,3,5,3,0,0,51.0
3,2,24,4,6,5,10,0,15,167.0
3,1,44,4,1,3,0,0,20,0.0
3,2,0,5,7,1,2,22107,16,0.0
9,1,36,4,3,5,0,22350,8,250.0
9,0,0,5,3,5,10,0,20,145.0
3,1,27,5,5,1,8,0,23,0.0
3,2,21,4,0,5,0,0,6,0.0
3,2,29,4,6,5,10,21804,1,0.0
3,1,33,5,5,1,0,0,13,26.0
3,1,19,5,0,3,0,21453,0,0.0
3,1,54,5,5,1,8,0,15,200.0
3,1,25,5,6,5,0,0,15,200.0
3,0,0,5,5,1,10,0,16,100.0
3,2,41,1,0,3,0,22350,20,0.0
3,0,0,5,3,1,10,0,19,0.0
3,2,23,5,5,1,8,0,15,68.0
3,1,30,5,0,3,0,0,9,0.0
3,1,56,5,0,1,0,0,16,126.0
9,1,52,5,1,1,0,0,14,0.0
10,2,39,5,8,5,10,0,2,108.0
18,2,0,5,5,5,0,22350,20,42.0