PartyType_Code,Sobriety_Code,Age,PrimaryCollisionFactor_Code,CollisionType_Code,VehicleDamage_Code,MovementPrecedingCollision_Code,ViolationCode,CrashTime,Distance
8,1,24,5,3,2,2,22350,3,40.0
3,1,35,5,0,2,0,21453,20,0.0
3,0,44,4,0,5,10,0,15,0.0
9,2,21,4,0,5,2,0,7,0.0
3,2,67,4,0,1,8,0,13,51.0
3,1,82,5,3,5,2,21949,20,0.0
3,1,39,5,5,5,0,0,19,78.0
3,1,26,5,0,3,2,0,21,0.0
3,2,45,4,1,5,0,22109,15,0.0
3,1,47,5,5,3,8,0,14,0.0
3,1,44,5,5,1,8,0,14,0.0
3,1,25,5,5,1,8,0,2,0.0
3,0,0,5,5,3,10,0,19,250.0
9,7,45,5,2,3,2,23152,15,0.0
9,2,0,5,5,2,0,22350,0,37.0
3,2,0,5,5,5,0,20002,9,71.0
3,2,39,5,0,3,0,0,16,0.0
3,0,0,1,5,2,10,0,10,210.0
18,1,0,5,2,1,0,22350,5,0.0
3,1,24,5,5,3,8,0,17,42.0
3,2,31,4,6,5,0,0,17,0.0
3,1,54,4,6,5,0,0,10,300.0
9,2,20,5,0,1,2,0,15,0.0
3,1,30,5,1,5,0,0,19,100.0
3,1,38,5,6,1,0,0,22,130.0
3,2,0,5,5,2,10,22350,1,0.0
3,2,0,4,3,5,10,0,10,0.0
3,7,22,5,2,2,0,22350,20,330.0
3,1,29,5,5,2,8,0,22,12.0
3,1,47,5,5,3,8,0,8,30.0
3,1,26,5,5,1,8,0,12,137.0
9,1,23,5,0,3,0,0,6,0.0
3,1,19,5,5,1,8,0,11,0.0
10,1,73,3,8,5,10,21956,13,30.0
18,2,0,4,3,5,10,0,20,51.0
3,1,36,5,0,1,0,0,9,230.0
3,1,42,5,3,3,0,21950,17,0.0
3,1,46,4,7,1,0,0,15,0.0
10,2,7,5,8,5,0,0,6,0.0
3,1,33,5,5,2,0,22350,13,48.0
3,1,59,5,5,5,1,0,17,0.0
3,2,33,5,5,1,8,0,14,0.0
6,2,0,5,2,1,10,22107,17,1226.0
17,0,0,5,5,1,8,0,4,122.0
3,1,53,5,0,3,0,0,7,0.0
9,0,0,5,5,5,10,0,2,0.0
9,0,0,5,6,5,10,0,23,0.0
3,2,58,4,5,5,0,0,14,0.0
3,1,35,5,0,2,0,0,3,0.0
3,0,0,5,5,2,10,0,0,298.0
14,2,27,4,3,5,0,0,14,5.0
3,2,54,5,6,1,5,21658,12,0.0
3,2,0,5,5,1,8,22109,14,56.0
3,2,27,5,5,1,8,0,16,0.0
3,2,0,5,5,5,0,22350,7,0.0
3,1,19,5,0,2,2,0,0,0.0
18,2,0,5,0,5,1,22450,14,0.0
3,1,31,5,0,3,1,22350,12,0.0
3,1,28,5,0,3,10,21658,16,0.0
3,1,33,4,3,5,8,0,11,0.0
3,2,34,5,5,1,8,0,18,15.0
3,1,58,5,5,1,10,0,18,43.0
3,1,37,4,0,1,0,0,15,88.0
9,2,0,4,3,5,3,0,15,51.0
3,7,29,5,3,3,10,23152,3,100.0
3,2,22,5,1,2,2,0,1,0.0
10,2,19,5,8,5,10,21456,22,0.0
3,1,22,4,3,2,0,0,14,0.0
3,4,84,5,2,5,0,0,16,95.0
3,0,0,5,0,2,10,0,18,36.0
8,2,0,4,5,5,0,0,21,0.0
3,2,29,4,7,5,10,0,12,60.0
3,1,31,0,3,2,0,0,22,0.0
18,2,0,5,3,5,10,0,1,0.0
3,1,49,5,0,5,2,21802,7,0.0
3,1,17,5,6,2,10,21801,11,145.0
13,2,0,4,8,5,1,0,5,0.0
3,1,44,5,5,1,0,22350,18,30.0
9,1,63,5,6,1,0,21703,14,0.0
3,2,28,4,0,5,0,0,16,0.0
1,1,41,5,0,1,0,0,18,0.0
7,1,27,5,0,1,0,0,11,0.0
3,0,0,4,6,3,10,0,2,100.0
0,1,49,0,6,5,0,22107,12,0.0
3,0,0,3,3,1,10,0,10,148.0
3,1,45,1,0,1,0,21453,21,0.0
3,2,40,4,5,5,0,22100,7,0.0
3,2,0,5,1,1,0,22350,20,0.0
3,1,39,5,2,3,0,23152,0,0.0
3,1,45,5,0,3,0,21453,14,0.0
3,2,27,5,1,3,8,0,11,30.0
18,2,0,5,7,5,1,21952,9,285.0
0,2,0,0,7,5,10,21456,13,0.0
3,1,40,5,5,2,8,0,20,30.0
3,1,17,5,2,3,0,22350,14,1555.0
0,1,55,0,3,5,10,21202,16,0.0
10,1,11,3,8,5,10,21954,19,227.0
3,1,16,4,0,3,0,0,23,0.0
3,2,0,5,5,5,0,21703,19,370.0
3,1,34,5,0,3,10,21657,9,0.0
3,1,33,5,6,1,0,0,21,0.0
3,4,57,5,2,3,5,21663,6,522.0
3,1,48,5,5,2,0,0,17,147.0
3,7,25,5,0,3,0,23153,23,23.0
3,2,0,4,3,5,1,0,17,0.0
3,1,61,4,1,3,0,0,11,0.0
3,1,46,5,5,2,8,0,11,300.0
3,1,52,5,0,2,0,21453,9,0.0
9,1,37,5,5,1,1,0,14,53.0
3,2,0,3,8,5,0,21453,20,0.0
3,2,61,5,5,5,1,0,14,0.0
3,1,59,4,0,1,0,0,15,51.0
0,1,21,5,7,5,0,0,14,0.0
3,7,49,5,0,3,2,0,18,0.0
3,1,33,5,3,5,2,21950,17,0.0
3,1,34,5,5,2,10,22350,21,164.0
3,2,16,4,5,5,10,0,11,0.0
3,7,21,5,3,3,0,22350,4,365.0
3,5,48,5,5,1,0,0,20,60.0
6,1,0,5,6,2,5,22107,10,120.0
6,1,0,5,0,1,10,22100,18,0.0
3,1,32,5,5,1,8,0,17,10.0
3,1,0,5,1,3,1,0,19,0.0
10,1,48,5,8,5,10,0,19,0.0
0,2,26,4,3,5,0,0,18,0.0
18,1,24,5,2,3,10,22107,17,180.0
3,2,65,4,0,1,2,0,11,0.0
10,2,5,3,8,5,10,21950,17,39.0
8,2,0,5,3,2,10,21755,17,300.0
10,2,60,3,8,5,10,21954,17,14.0
3,7,21,5,2,3,2,22350,23,30.0
3,1,45,5,5,2,0,22350,8,155.0
3,1,51,3,3,2,0,0,23,0.0
3,1,45,5,5,2,10,0,17,0.0
0,2,34,5,2,5,0,21663,16,0.0
3,1,74,5,0,3,0,0,10,0.0
3,0,0,4,3,5,10,0,7,0.0
3,1,73,6,5,5,1,0,13,300.0
9,1,57,4,5,1,10,0,18,75.0
3,1,21,5,0,1,0,21453,18,0.0
9,2,43,5,0,5,0,21453,10,0.0
3,0,0,5,1,3,10,0,2,0.0
0,1,32,4,3,5,10,0,10,0.0
9,1,59,5,1,3,2,0,13,0.0
3,1,42,5,0,3,0,0,13,0.0
10,1,39,5,8,5,0,0,19,0.0
3,1,32,5,0,2,0,0,13,0.0
3,2,32,4,6,5,0,0,9,0.0
3,2,55,5,6,3,0,0,9,260.0
3,2,53,5,8,5,2,21952,10,527.0
3,2,53,5,5,1,8,0,23,0.0
3,0,0,5,1,2,10,0,23,30.0
3,2,0,4,5,5,0,0,18,0.0
3,0,0,5,3,1,10,0,16,0.0
3,1,65,4,0,1,1,0,18,0.0
3,2,48,5,0,3,10,21658,19,210.0
3,1,42,5,6,3,0,0,8,692.0
3,2,63,4,5,5,8,0,9,0.0
3,1,57,5,7,1,1,21950,16,0.0
3,1,59,5,0,3,0,0,23,0.0
3,1,56,4,5,2,0,0,15,24.0
3,1,19,5,0,2,0,0,19,0.0
3,2,0,5,5,5,0,22350,1,32.0
9,1,67,5,3,2,0,0,18,450.0
3,2,19,5,3,2,0,22107,15,60.0
3,1,33,5,3,1,1,0,19,52.0
3,2,0,5,5,5,0,22350,21,55.0
18,2,0,4,6,5,10,0,14,0.0
0,2,0,4,3,5,0,0,16,0.0
18,2,0,5,3,5,1,22350,17,40.0
3,2,46,4,5,5,8,0,7,0.0
0,1,64,5,7,2,0,0,9,0.0
3,7,65,6,6,2,2,23153,12,530.0
3,1,50,5,8,5,1,21950,20,0.0
3,1,49,5,5,1,8,0,7,70.0
3,1,62,5,8,1,2,21950,17,0.0
3,4,19,5,5,2,0,22107,0,409.0
3,1,47,5,1,2,2,0,9,0.0
3,0,0,4,3,1,10,0,8,51.0
3,0,0,5,1,2,10,0,1,88.0
9,1,33,5,5,2,1,0,18,75.0
3,1,28,4,5,1,5,0,14,0.0
3,2,43,4,3,5,8,0,16,0.0
3,0,0,5,0,1,10,0,22,0.0
3,1,58,5,5,1,8,0,13,55.0
3,1,52,5,3,2,0,0,17,240.0
3,1,67,5,0,5,3,22106,16,0.0
3,2,0,5,3,5,3,22106,20,0.0
3,1,53,5,1,3,0,0,6,0.0
3,7,37,5,5,2,0,23152,23,75.0
3,0,0,5,5,1,10,0,15,326.0
6,1,32,4,5,2,0,0,20,50.0
18,2,0,4,2,5,10,0,0,140.0
3,1,21,5,0,2,0,0,23,0.0
3,2,41,5,0,3,0,0,15,0.0
18,2,0,5,0,5,0,22350,8,128.0
3,7,33,5,3,2,0,23152,1,150.0
3,2,0,4,1,5,10,0,12,0.0
9,0,0,5,6,2,10,0,16,250.0
0,2,15,0,3,5,2,21801,19,0.0
3,1,20,5,5,3,0,22350,16,553.0
3,1,44,5,5,5,8,0,20,0.0
1,2,69,4,6,5,10,0,14,176.0
9,1,48,5,0,2,2,21453,8,0.0
0,1,68,5,3,3,0,0,8,0.0
3,1,20,5,0,3,0,21453,10,0.0
3,1,20,5,5,2,0,22350,10,112.0
9,1,86,5,0,2,0,21802,17,0.0
3,2,0,5,3,5,0,20002,20,0.0
3,0,0,5,5,3,10,0,3,215.0
3,1,53,5,0,2,0,0,19,63.0
3,1,42,4,1,2,0,0,12,0.0
3,1,46,5,5,1,0,21703,19,0.0
3,0,0,5,6,2,10,0,0,300.0
3,0,0,4,5,5,10,0,23,51.0
18,2,0,5,8,5,1,21950,20,0.0
18,2,0,4,3,5,10,0,12,51.0
3,2,39,4,5,5,0,0,16,0.0
0,1,28,5,7,5,0,0,14,177.0
18,2,0,4,3,1,0,0,21,0.0
3,0,0,5,3,5,10,0,14,335.0
3,1,18,5,6,2,2,21801,14,162.0
8,1,23,5,0,3,0,22450,15,0.0
3,1,36,5,0,2,10,21804,11,160.0
3,0,0,5,3,2,10,0,22,0.0
18,2,0,5,3,5,2,0,15,0.0
3,2,20,4,3,5,1,0,18,0.0
3,1,29,5,5,1,8,0,20,15.0
3,2,26,5,3,3,1,22107,23,0.0
3,1,52,5,0,2,0,0,7,0.0
3,2,46,4,0,5,0,0,17,0.0
3,2,0,5,0,5,10,21804,8,50.0
18,2,0,4,3,5,10,0,10,0.0
3,0,0,4,2,5,10,0,5,50.0
3,2,0,5,3,1,1,22350,12,0.0
3,2,51,4,6,5,2,0,6,0.0
3,2,24,4,5,5,1,0,12,0.0
3,0,0,4,5,5,10,0,9,128.0
3,1,40,5,1,2,0,22350,13,220.0
18,2,0,5,5,5,0,22350,1,234.0
3,2,0,5,0,5,1,22107,21,0.0
3,1,36,5,6,3,0,0,17,254.0
3,1,47,5,0,1,8,0,15,0.0
3,2,0,4,3,5,10,0,4,51.0
3,1,23,5,6,2,0,21658,6,20.0
9,7,29,5,5,3,0,22350,21,90.0
3,0,0,4,6,5,10,0,8,51.0
0,1,21,5,7,5,0,0,14,348.0
18,2,0,4,5,5,3,0,10,1056.0
3,1,94,4,3,3,10,0,19,0.0
9,1,35,5,6,3,0,0,10,0.0
3,2,55,4,5,5,8,0,17,0.0
3,1,54,5,5,2,0,22350,19,51.0
3,1,41,5,1,3,0,0,11,250.0
9,2,0,4,3,5,10,0,8,51.0
3,1,36,5,0,3,0,21453,17,0.0
3,2,0,6,5,5,0,21650,19,20.0
3,1,80,5,8,5,2,22107,16,0.0
3,2,18,5,0,3,0,21453,13,0.0
3,2,60,4,6,5,0,0,17,0.0
3,1,28,0,3,5,0,0,13,0.0
3,2,0,2,3,5,10,0,20,0.0
3,0,0,5,3,2,10,0,10,200.0
3,2,0,5,0,5,2,21453,12,0.0
3,2,36,4,6,5,2,0,15,0.0
3,1,59,5,5,2,0,0,17,0.0
3,2,26,5,0,2,0,21804,12,0.0
3,1,60,5,5,1,0,22350,17,102.0
10,2,20,5,8,5,10,0,0,94.0
3,2,0,5,1,2,10,22350,23,152.0
3,1,24,5,0,1,10,0,16,0.0
3,2,46,5,0,5,2,0,8,0.0
3,2,0,5,5,3,0,22350,14,51.0
9,7,33,5,2,3,0,22350,21,190.0
3,2,0,5,6,5,0,22350,22,457.0
3,2,0,5,6,5,5,21658,7,0.0
3,1,15,5,0,3,0,22350,11,0.0
3,1,22,5,5,2,0,21703,19,175.0
3,2,0,4,0,5,3,0,0,0.0
3,2,0,5,5,1,0,22350,20,200.0
3,2,0,5,5,5,0,22350,7,75.0
18,2,0,5,1,1,0,22350,17,0.0
3,2,57,5,3,5,8,0,7,0.0
8,1,58,5,3,5,1,0,19,0.0
3,1,51,5,3,1,1,22107,16,60.0
3,2,0,5,5,5,0,20002,17,0.0
9,2,0,5,0,2,2,21801,21,0.0
1,1,51,5,0,1,0,0,10,0.0
3,1,50,5,3,3,0,22107,23,57.0
3,2,53,4,0,5,0,0,15,0.0
3,1,38,5,1,3,0,0,14,0.0
3,2,51,5,2,1,0,21453,11,0.0
18,2,0,4,3,5,10,0,20,51.0
3,1,38,4,5,1,0,0,19,0.0
3,2,0,5,6,3,1,22107,21,0.0
3,2,0,4,1,5,10,0,20,0.0
9,0,0,5,3,5,10,0,0,110.0
3,0,82,5,6,1,10,0,10,55.0
3,2,0,5,1,5,10,21651,14,297.0
9,7,37,5,3,2,0,23152,20,69.0
8,2,42,5,3,2,0,0,17,0.0
3,1,0,5,5,1,8,0,11,6.0
3,1,21,0,7,5,0,0,20,132.0
3,1,56,5,0,3,0,21453,11,0.0
3,1,62,4,0,1,0,0,15,0.0
3,2,59,5,5,1,8,0,9,30.0
3,1,48,5,3,1,1,0,10,0.0
3,1,25,5,0,3,2,0,6,0.0
3,2,32,5,3,1,10,22350,15,0.0
0,1,78,5,0,5,0,0,9,0.0
3,0,0,5,5,1,10,0,7,483.0
3,0,0,5,3,3,10,0,4,200.0
3,1,24,5,0,3,0,0,13,0.0
18,2,59,4,3,5,0,0,9,51.0
3,1,38,5,0,1,0,0,13,0.0
3,1,91,5,0,3,0,0,14,0.0
3,1,28,5,0,2,0,21453,16,0.0
3,2,0,5,5,2,0,22350,3,89.0
9,2,0,5,0,3,0,21453,23,0.0
3,2,0,5,5,2,0,22350,6,142.0
3,1,71,5,1,3,2,0,11,0.0
3,2,24,4,3,5,10,0,20,51.0
3,2,0,4,6,5,8,0,22,82.0
9,1,65,4,0,5,0,0,15,0.0
3,1,53,5,3,2,2,21801,15,174.0
3,2,0,5,3,5,0,0,9,100.0
3,1,37,5,0,2,2,21804,8,343.0
9,1,58,5,0,2,0,0,12,0.0
3,2,0,5,2,3,1,22107,0,34.0
3,1,25,5,0,2,0,0,11,0.0
9,1,19,5,6,3,0,22107,20,145.0
3,1,56,5,3,1,10,21804,5,160.0
3,1,80,5,0,3,0,21800,17,0.0
18,2,27,5,6,1,8,0,19,51.0
3,2,0,4,6,5,10,0,8,0.0
3,2,0,4,3,5,10,0,20,0.0
9,2,0,5,6,5,10,21658,17,82.0
3,2,34,5,5,2,0,22350,14,113.0
9,2,62,4,6,5,0,0,9,35.0
3,1,67,5,5,1,8,0,16,23.0
3,1,42,5,0,2,0,0,23,0.0
0,2,14,2,7,5,0,0,16,0.0
3,1,17,5,3,2,10,21663,8,565.0
18,2,0,4,3,5,10,0,0,0.0
9,1,73,5,1,2,2,0,8,0.0
3,1,47,4,2,3,0,0,0,1584.0
3,2,69,5,0,5,2,21802,11,0.0
3,2,32,5,6,5,0,0,10,0.0
9,1,0,5,0,1,10,0,12,154.0
3,0,0,4,3,5,10,0,11,0.0
3,1,23,5,8,5,2,21950,19,0.0
3,1,32,5,5,1,8,0,17,330.0
3,2,0,4,6,5,5,0,12,0.0
9,2,40,4,6,5,0,0,17,0.0
3,7,23,5,2,3,2,23152,7,145.0
3,2,0,5,0,2,0,22350,15,0.0
3,2,49,5,5,2,10,0,1,10.0
3,0,0,5,6,2,10,0,3,0.0
18,2,0,5,7,5,1,22107,8,44.0
3,1,63,4,0,2,0,0,2,0.0
18,2,0,5,3,5,3,0,13,185.0
3,2,0,5,3,5,10,21755,21,0.0
3,1,54,5,0,3,2,12500,17,0.0
3,2,0,5,4,3,10,21650,21,69.0
9,1,47,4,1,3,0,0,20,0.0
3,1,39,5,0,3,0,0,13,0.0
3,1,76,5,0,3,10,21804,16,0.0
3,1,22,5,0,2,2,21801,15,0.0
3,0,0,5,0,1,10,0,11,16.0
3,2,0,5,3,3,10,22350,6,36.0
9,1,56,5,5,2,2,0,0,0.0
16,1,59,2,0,5,0,21954,14,0.0
18,2,0,4,5,5,0,0,14,51.0
3,0,0,5,3,2,10,0,6,150.0
3,2,0,5,2,2,10,22107,2,37.0
3,0,0,4,6,5,10,0,0,0.0
3,0,0,4,3,4,10,0,11,0.0
3,2,0,5,3,5,10,21750,11,0.0
3,1,26,5,5,3,0,22350,13,24.0
9,2,0,4,5,5,10,0,10,100.0
3,2,0,4,5,5,0,0,0,0.0
0,1,60,5,7,5,0,0,11,371.0
8,2,50,5,3,1,5,21658,14,475.0
3,1,26,5,0,5,0,0,7,80.0
3,1,70,5,0,2,0,0,15,0.0
3,2,40,5,0,5,0,21453,16,0.0
9,0,0,5,6,2,10,0,19,200.0
3,0,0,5,5,2,10,0,7,65.0
9,2,50,5,6,2,0,22350,23,44.0
3,1,23,5,0,2,0,0,11,0.0
3,1,38,5,8,5,2,21950,13,336.0
3,1,88,5,6,1,5,22107,11,76.0
3,2,44,4,0,5,0,0,8,0.0
3,7,21,5,2,3,10,1,0,49.0
3,7,46,5,8,5,0,21950,10,0.0
3,2,29,4,0,5,0,0,23,0.0
3,1,67,4,2,5,0,0,11,20.0
3,4,19,5,6,2,0,22107,3,42.0
9,2,0,5,6,1,10,0,23,87.0
3,2,0,4,5,5,0,0,15,0.0
9,2,0,5,6,2,0,22350,15,0.0
3,1,46,5,7,1,1,22107,15,0.0
3,0,0,5,5,1,10,0,23,340.0
3,0,0,4,6,5,10,0,13,51.0
10,2,30,3,8,5,10,21954,12,0.0
3,1,38,5,5,1,8,0,6,20.0
3,1,37,5,5,1,8,0,19,18.0
3,2,89,5,7,5,2,21950,10,0.0
3,2,43,4,3,5,8,0,7,0.0
3,0,0,5,5,2,10,0,13,51.0
3,0,0,5,3,1,10,0,0,312.0
3,2,0,5,5,5,0,22350,8,75.0
3,2,0,5,6,3,1,22107,22,18.0
3,2,37,4,3,5,10,0,21,51.0
3,2,69,4,0,5,0,0,13,0.0
3,2,0,4,5,5,0,0,11,300.0
18,2,0,4,6,5,10,0,3,51.0
3,0,0,5,3,3,10,0,20,205.0
3,0,0,4,5,3,10,0,23,160.0
3,1,0,5,3,1,8,0,11,0.0
3,0,0,5,6,1,10,0,18,51.0
3,2,49,5,5,1,0,0,17,51.0
3,2,0,4,6,5,2,0,22,0.0
3,2,59,4,6,3,0,0,22,0.0
2,0,0,5,5,5,10,0,2,48.0
3,1,18,5,5,1,8,0,10,0.0
9,0,0,5,3,1,10,0,6,86.0
3,7,18,5,0,3,0,23140,3,621.0
3,1,47,5,0,2,0,0,14,0.0
0,1,66,5,3,5,0,0,13,55.0
3,1,58,5,0,1,2,0,18,0.0
9,0,0,5,6,1,10,0,19,160.0
3,1,65,5,0,5,0,21802,11,0.0
3,1,27,5,0,2,0,21453,7,0.0
3,0,0,5,3,1,10,0,9,0.0
3,0,0,5,3,2,10,0,23,0.0
3,0,0,5,6,2,10,0,16,725.0
8,1,43,5,0,1,0,22350,16,0.0
3,2,51,4,3,5,3,0,15,0.0
3,2,20,4,8,5,10,0,22,0.0
3,1,28,5,5,1,0,22350,14,83.0
0,1,27,5,7,5,10,0,8,0.0
3,2,0,4,6,5,0,0,9,51.0
3,2,0,4,6,5,5,0,19,0.0
3,2,0,4,6,5,2,0,0,0.0
3,0,0,5,5,2,10,0,2,142.0
3,1,44,5,3,1,1,21802,10,0.0
3,2,30,4,0,5,8,0,22,0.0
3,1,25,5,6,1,1,0,22,185.0
3,7,26,5,3,3,0,22350,23,0.0
10,1,57,5,3,5,10,0,8,800.0
3,1,21,5,6,2,10,0,23,164.0
8,2,31,5,0,3,0,22350,18,58.0
3,2,56,5,0,1,0,0,17,172.0
3,1,0,4,7,1,1,0,7,60.0
9,1,49,4,5,1,0,0,15,0.0
3,1,46,5,0,2,0,0,14,0.0
10,6,34,3,8,5,0,21955,23,255.0
3,2,0,4,3,5,10,0,8,51.0
3,2,29,4,0,5,2,0,20,0.0
3,0,0,5,0,2,10,0,20,90.0
3,1,22,5,3,2,10,22107,20,0.0
3,2,36,4,5,5,0,0,6,0.0
3,2,17,5,0,2,0,22106,18,0.0
3,2,44,5,3,5,3,0,13,0.0
18,0,0,4,6,1,10,0,0,0.0
3,1,20,5,0,5,2,21453,9,0.0
3,2,0,5,5,5,0,22107,22,197.0
9,2,0,5,5,1,3,22106,23,0.0
3,1,74,4,5,1,8,0,19,90.0
3,1,33,5,5,2,10,0,1,211.0
3,1,52,5,5,3,0,22350,14,153.0
3,2,0,4,5,5,0,0,17,0.0
3,2,27,5,0,2,0,0,15,0.0
3,1,60,5,0,2,2,0,17,0.0
3,7,35,5,1,3,0,22107,16,51.0
9,0,0,5,5,1,10,0,6,80.0
9,7,47,5,5,3,0,22350,18,100.0
3,1,17,5,0,2,0,22350,14,147.0
3,2,0,4,0,5,10,0,4,0.0
3,1,27,5,3,3,0,0,17,285.0
3,6,33,5,0,3,2,23152,23,0.0
9,7,55,5,3,3,2,23152,0,25.0
3,2,0,4,5,5,0,0,11,0.0
3,2,0,5,2,3,10,23103,1,0.0
3,1,41,5,0,5,0,0,21,0.0
3,2,28,4,6,5,8,0,10,0.0
3,7,70,5,5,2,0,23152,19,206.0
3,1,61,4,8,5,1,0,9,0.0
9,2,26,5,0,5,0,0,13,0.0
3,2,0,5,1,1,0,22350,12,0.0
9,1,58,5,6,4,5,21658,19,296.0
3,7,21,5,0,2,2,21804,23,0.0
3,1,58,5,0,1,0,21950,17,0.0
3,2,50,4,5,5,8,0,18,0.0
3,2,21,5,1,2,0,0,16,0.0
9,2,36,4,3,5,1,0,22,0.0
8,2,21,4,5,5,0,0,11,0.0
18,2,0,4,6,5,10,0,23,51.0
9,0,0,5,6,2,10,0,20,120.0
3,1,23,5,6,2,0,0,17,25.0
3,0,0,5,5,2,10,0,18,150.0
3,0,0,5,3,1,10,0,18,0.0
3,1,23,5,3,3,8,0,4,0.0
3,1,31,5,1,3,0,0,21,75.0
3,1,44,5,0,2,0,0,14,0.0
3,0,0,5,3,3,10,0,1,16.0
0,2,0,4,8,5,10,0,15,0.0
3,1,43,5,7,1,0,22450,21,0.0
3,4,21,5,3,5,10,0,2,15.0
3,2,53,4,6,5,2,0,14,0.0
3,1,27,5,0,1,2,22107,17,0.0
8,6,32,5,1,3,0,0,10,0.0
3,1,32,5,5,2,8,0,9,0.0
9,2,48,5,5,5,0,0,15,0.0
3,1,59,4,5,3,0,0,10,150.0
3,1,22,5,5,2,10,0,13,0.0
3,2,31,4,5,5,8,0,19,0.0
3,1,22,5,5,1,8,0,17,70.0
3,0,0,5,3,3,10,0,11,280.0
3,2,34,5,0,3,0,22450,8,0.0
3,1,29,5,5,1,1,22350,18,0.0
3,1,18,5,1,2,2,22450,17,0.0
3,2,0,5,6,5,5,22107,17,10.0
3,2,29,5,5,2,0,22350,15,28.0
3,1,69,5,0,5,0,0,11,0.0
3,0,0,5,1,3,10,0,17,390.0
18,0,0,4,6,5,10,0,1,51.0
3,1,42,5,5,2,5,22350,15,48.0
18,2,0,5,1,5,0,22350,18,0.0
1,1,55,5,6,1,8,0,23,50.0
9,0,0,4,3,5,10,0,20,0.0
6,0,0,5,3,2,10,0,17,0.0
3,2,35,5,3,5,0,22107,7,700.0
9,7,60,5,0,3,0,23152,16,0.0
3,2,0,5,8,5,0,21950,22,0.0
3,2,0,4,5,5,0,0,7,0.0
3,7,36,5,5,2,0,23152,2,206.0
0,2,42,4,7,3,0,0,18,0.0
0,2,50,4,7,5,0,0,22,51.0
9,0,0,4,0,5,10,0,18,0.0
3,0,31,5,3,1,10,0,12,90.0
3,4,35,5,3,5,0,22350,7,0.0
3,1,62,5,0,3,10,21804,13,0.0
3,1,60,5,0,2,0,0,12,0.0
3,2,0,4,6,5,0,0,10,55.0
3,2,63,4,5,5,8,0,7,51.0
3,1,49,5,0,2,8,21453,19,0.0
3,1,54,5,0,3,10,21453,7,0.0
10,2,37,4,3,5,0,0,16,0.0
3,1,31,5,5,2,0,22350,10,255.0
3,1,49,4,0,3,0,0,23,0.0
3,1,46,5,0,2,0,0,14,0.0
3,1,47,5,2,2,0,21651,18,0.0
9,0,0,4,3,2,10,0,11,0.0
3,7,23,5,5,3,0,22350,23,45.0
3,0,0,5,6,3,10,0,7,45.0
3,7,22,5,5,5,0,23152,4,160.0
3,0,0,5,5,1,10,0,23,0.0
18,2,0,4,0,5,2,0,19,51.0
9,1,46,5,5,1,8,0,15,300.0
3,1,68,5,0,3,0,21453,21,0.0
3,2,71,5,5,2,0,22350,9,10.0
3,1,39,4,6,2,1,0,20,0.0
3,1,40,5,0,1,8,0,18,0.0
3,2,24,4,6,5,0,0,14,0.0
0,2,78,5,7,5,0,0,18,0.0
3,1,53,5,5,1,10,0,8,0.0
3,7,0,5,3,3,0,23152,23,0.0
3,2,0,4,2,5,4,0,19,0.0
18,2,0,4,5,5,0,0,6,0.0
3,2,0,4,1,5,2,0,19,0.0
3,1,46,5,0,3,2,21801,15,0.0
3,0,0,5,0,1,10,0,23,0.0
3,5,20,5,2,3,10,22107,1,0.0
3,1,32,5,5,2,8,0,12,165.0
3,7,24,5,2,3,0,22350,22,0.0
3,2,56,4,5,5,0,0,8,0.0
3,2,19,5,0,2,2,0,10,0.0
8,1,23,5,0,2,0,0,10,120.0
3,1,63,5,0,3,0,0,18,0.0
3,1,37,5,0,3,0,0,8,0.0
3,2,77,4,5,5,8,0,14,0.0
3,2,0,4,5,5,2,0,17,51.0
3,2,61,4,0,5,0,0,6,0.0
3,1,22,5,0,3,2,21803,13,0.0
18,2,0,4,3,5,10,0,15,0.0
0,1,72,0,3,5,2,21202,13,187.0
3,2,39,5,4,1,8,0,13,37.0
3,2,47,4,5,5,8,0,17,51.0
3,1,40,5,0,3,0,21453,22,0.0
3,1,51,4,5,5,8,0,18,0.0
3,1,62,5,0,2,0,0,19,0.0
3,1,27,5,5,3,0,22350,0,10.0
3,2,84,5,8,1,2,22350,11,0.0
9,2,0,5,5,5,0,22350,18,0.0
18,2,53,4,0,5,2,0,17,0.0
3,1,60,4,5,2,0,22350,12,0.0
9,1,47,5,5,5,0,22350,13,0.0
0,6,0,0,3,5,10,21453,17,0.0
3,2,65,4,2,3,0,0,2,0.0
3,1,48,5,5,2,8,0,8,0.0
3,1,20,5,5,2,8,0,8,83.0
10,1,21,5,3,5,0,0,22,0.0
3,2,0,5,5,5,0,22350,21,0.0
3,1,18,5,0,2,2,21801,17,320.0
3,1,46,4,0,5,0,0,15,0.0
3,1,18,5,0,2,2,22107,15,250.0
0,1,52,5,3,5,0,0,12,660.0
18,2,0,4,0,5,2,0,16,0.0
3,2,0,4,6,2,10,0,18,0.0
3,2,0,5,3,5,10,21650,7,0.0
3,0,0,4,3,5,10,0,12,0.0
3,1,55,5,0,3,0,0,9,0.0
3,2,0,5,3,5,10,22107,3,225.0
3,1,81,5,0,2,0,21453,11,0.0
0,1,19,0,7,5,0,21453,13,28.0
9,1,52,5,0,1,0,0,12,0.0
3,0,0,4,6,5,10,0,20,51.0