PartyType_Code,Sobriety_Code,Age,PrimaryCollisionFactor_Code,CollisionType_Code,VehicleDamage_Code,MovementPrecedingCollision_Code,ViolationCode,CrashTime,Distance
3,1,39,5,5,5,8,0,9,15.0
3,0,0,5,0,5,10,0,10,475.0
18,2,0,4,6,5,10,0,23,51.0
3,1,19,5,3,2,1,22350,2,18.0
3,2,28,5,0,2,0,22450,11,0.0
18,2,0,4,5,5,0,0,14,0.0
18,2,0,4,6,5,10,0,12,51.0
3,1,42,4,6,1,0,0,19,0.0
3,1,34,5,2,3,10,22107,21,0.0
9,1,26,5,1,3,0,22350,1,67.0
1,1,37,5,6,1,10,21804,13,120.0
9,2,0,4,3,5,10,0,21,0.0
3,0,0,4,6,5,10,0,12,51.0
8,1,53,5,0,2,0,0,7,0.0
3,2,0,4,6,5,5,0,10,0.0
3,2,0,5,3,1,10,0,0,25.0
3,1,19,4,3,2,10,0,0,48.0
3,1,52,5,5,2,8,0,17,494.0
3,0,0,5,6,1,10,0,22,46.0
3,0,0,5,3,2,10,0,5,90.0
3,2,0,5,0,3,10,0,7,0.0
3,2,78,4,0,2,2,0,17,0.0
3,1,36,5,0,3,0,0,16,0.0
3,1,38,5,0,3,0,21453,19,0.0
3,2,45,5,5,3,0,22350,17,200.0
3,2,28,5,0,5,1,22350,13,0.0
8,2,0,5,0,2,0,21453,18,0.0
3,1,19,5,2,3,10,1,20,0.0
10,1,68,5,8,5,0,0,11,27.0
3,0,0,4,6,2,10,0,1,33.0
3,4,55,5,2,1,0,22350,14,0.0
3,1,28,5,5,2,0,0,8,100.0
9,0,0,5,6,2,10,0,23,196.0
3,1,37,5,5,3,0,22350,12,0.0
3,0,0,5,1,1,10,0,2,478.0
3,1,27,5,5,5,2,22103,20,200.0
9,1,57,5,3,5,0,22107,15,180.0
3,2,0,5,6,5,10,21703,0,380.0
3,2,0,4,3,5,2,20002,22,0.0
18,2,0,4,3,5,2,22350,16,0.0
3,0,0,5,0,5,10,0,15,0.0
13,2,47,4,6,5,1,0,15,200.0
3,2,0,5,6,2,0,21755,11,0.0
3,1,27,5,0,3,0,0,17,176.0
3,2,0,4,6,5,8,0,9,0.0
3,1,26,5,5,1,10,0,21,0.0
9,2,0,4,1,1,2,22107,13,0.0
3,1,53,5,0,3,0,0,1,0.0
18,2,0,5,5,5,0,0,20,0.0
10,2,26,5,8,5,10,0,1,65.0
3,2,75,5,0,3,0,21453,12,0.0
0,2,0,0,0,5,0,21949,17,0.0
3,2,43,5,1,2,0,0,16,135.0
3,2,0,4,3,5,2,0,13,0.0
3,2,0,4,3,5,10,0,17,51.0
3,1,36,5,0,2,0,0,7,0.0
3,7,44,5,5,3,0,22350,11,0.0
3,6,35,5,2,3,1,22350,15,190.0
3,0,0,5,3,2,10,0,0,36.0
3,1,29,5,0,2,0,21453,18,0.0
3,2,0,4,5,5,10,0,8,0.0
3,1,27,5,0,2,0,0,9,0.0
9,2,0,4,5,5,9,0,19,0.0
9,7,47,5,5,2,0,23152,13,150.0
3,0,0,5,3,1,10,0,23,205.0
3,2,0,4,3,5,10,0,11,45.0
3,2,22,5,1,3,2,22350,17,0.0
18,2,0,4,0,5,0,0,20,0.0
3,1,23,5,0,3,10,21804,19,100.0
9,0,0,4,5,2,10,0,4,70.0
18,1,27,5,5,3,8,0,18,223.0
9,0,0,5,6,1,10,0,18,31.0
3,0,0,4,6,5,10,0,13,51.0
3,2,0,4,5,5,0,0,7,0.0
3,0,0,5,3,3,0,22107,19,370.0
0,1,57,5,3,1,10,0,18,300.0
3,2,27,5,5,1,0,0,23,0.0
3,1,40,5,0,5,0,22350,21,0.0
3,0,0,5,5,1,10,0,15,113.0
3,1,71,5,8,5,2,21950,11,0.0
3,2,48,5,0,2,2,0,17,0.0
3,0,0,5,0,1,10,0,19,0.0
3,2,80,4,6,5,5,0,15,0.0
3,1,22,5,5,5,0,0,8,120.0
3,7,32,5,3,4,0,22350,12,0.0
3,2,0,4,5,5,0,0,20,0.0
6,1,26,5,0,1,0,0,13,90.0
3,1,73,4,7,5,8,0,8,0.0
3,2,0,5,2,3,10,21658,4,300.0
3,1,36,5,0,1,0,21453,11,0.0
3,2,52,5,6,1,0,0,21,0.0
18,1,23,5,7,5,2,22100,10,250.0
18,2,0,4,1,5,10,0,10,0.0
18,2,0,4,3,5,10,0,9,0.0
3,1,36,5,6,3,8,0,10,180.0
3,1,34,5,5,1,8,0,9,0.0
3,1,32,5,0,2,2,21801,11,138.0
9,2,0,5,6,5,0,20002,22,290.0
3,2,24,5,0,2,2,21453,17,0.0
3,2,56,5,5,4,0,22350,21,165.0
9,1,18,5,1,1,2,0,22,0.0
9,2,0,5,2,3,10,21658,22,46.0
3,2,20,5,6,5,0,21658,19,150.0
3,1,73,5,3,5,0,21453,23,6.0
3,2,37,5,5,1,8,0,18,77.0
9,2,0,5,6,1,0,22107,13,51.0
3,1,27,4,0,5,0,0,2,0.0
3,1,40,5,5,1,0,22107,12,30.0
3,1,16,5,6,5,0,0,16,150.0
3,1,40,5,0,2,0,0,16,0.0
3,0,0,5,5,2,10,0,4,120.0
3,1,33,5,6,5,0,0,7,0.0
9,1,32,5,5,1,8,0,8,0.0
3,7,23,5,3,3,0,22350,3,0.0
3,2,0,4,6,5,10,0,21,0.0
3,1,25,5,1,3,0,0,19,0.0
3,2,0,5,0,1,2,22107,16,0.0
3,1,19,5,5,2,10,22350,8,80.0
3,2,0,5,6,5,5,22107,20,100.0
0,1,27,5,7,1,8,0,6,0.0
3,2,27,3,8,5,0,0,7,269.0
3,2,35,4,0,5,0,22114,0,0.0
18,2,0,4,3,5,10,0,9,0.0
3,2,17,5,5,2,8,0,7,21.0
3,6,21,5,5,5,8,0,20,0.0
18,2,0,5,8,5,10,21658,1,27.0
3,0,0,5,0,1,10,0,14,0.0
9,2,0,4,5,5,8,0,15,0.0
3,1,34,5,5,2,8,0,11,427.0
3,1,50,5,5,2,0,21703,15,67.0
3,1,39,4,5,3,8,0,14,0.0
3,1,53,5,2,2,0,1,13,192.0
3,2,0,4,2,3,2,0,0,33.0
3,1,56,5,7,1,1,21803,4,30.0
9,0,0,5,5,3,10,0,21,150.0
18,2,0,4,6,5,0,0,21,50.0
3,0,0,5,6,2,10,0,14,100.0
10,6,41,3,3,5,10,21954,20,0.0
9,0,0,5,6,3,10,0,0,50.0
9,1,62,5,1,2,0,0,23,0.0
3,2,43,4,5,2,8,0,0,51.0
3,0,0,5,4,2,10,0,7,255.0
3,2,39,4,5,5,8,0,12,0.0
3,1,21,5,0,3,0,0,12,0.0
0,2,13,5,7,5,0,0,18,210.0
10,1,51,5,3,2,10,0,7,150.0
18,0,0,5,6,1,10,0,20,51.0
3,0,0,5,1,2,10,0,20,78.0
3,1,45,5,6,1,0,0,19,0.0
3,5,26,5,3,1,0,22107,21,180.0
3,1,57,5,0,2,2,22107,14,0.0
6,1,33,5,5,1,8,0,17,0.0
9,1,33,5,3,4,0,0,1,85.0
3,1,33,5,1,2,2,21801,10,0.0
3,1,30,5,5,2,1,22107,22,0.0
3,1,39,5,0,1,2,21802,9,0.0
3,1,18,5,3,3,2,22350,21,41.0
9,0,0,4,6,1,10,0,23,99.0
10,2,68,5,8,5,0,0,17,22.0
3,2,0,1,2,3,2,22350,18,41.0
3,2,0,5,5,2,0,22350,17,0.0
3,1,89,5,5,5,0,0,15,102.0
3,2,0,4,3,1,10,0,20,51.0
3,2,0,5,0,3,0,22450,1,0.0
3,2,0,4,5,5,1,0,19,0.0
3,1,18,5,1,1,10,21804,19,0.0
3,1,23,5,0,2,10,22107,15,136.0
3,2,76,4,0,1,10,0,20,0.0
18,2,0,5,0,5,0,21802,7,0.0
0,1,33,0,6,5,2,22107,14,0.0
18,2,42,5,5,3,10,22350,1,37.0
3,1,53,5,5,2,8,0,18,120.0
0,2,70,5,7,5,0,0,12,27.0
6,1,29,5,5,1,0,0,2,276.0
3,1,38,5,0,3,0,0,14,0.0
3,7,22,5,0,3,0,21453,17,19.0
3,1,44,5,0,3,0,0,1,0.0
3,0,0,4,5,2,10,0,17,119.0
3,2,27,4,1,5,2,0,17,0.0
3,1,37,5,5,1,8,0,8,60.0
3,2,26,5,6,5,2,22350,16,53.0
18,2,0,4,6,5,10,0,17,51.0
18,2,0,4,6,5,10,0,20,51.0
3,7,47,4,5,1,0,23152,21,200.0
3,1,52,5,5,1,8,0,11,0.0
3,1,0,5,5,1,0,0,14,56.0
3,0,0,5,5,2,10,0,21,145.0
9,0,0,5,5,1,10,0,23,585.0
3,2,0,5,3,2,0,22350,1,0.0
3,2,21,5,0,5,0,0,18,140.0
3,0,0,5,0,1,10,0,17,375.0
0,1,38,5,7,5,0,0,18,65.0
3,0,0,5,5,1,10,0,3,492.0
3,1,27,5,5,5,1,22350,1,15.0
3,1,19,5,0,3,0,0,18,0.0
3,7,22,5,1,3,0,23153,2,0.0
18,2,0,5,5,5,0,22350,19,0.0
3,1,69,5,1,3,2,0,19,0.0
2,1,49,5,5,4,8,0,16,41.0
3,5,32,5,2,2,0,21658,15,183.0
3,0,0,5,3,3,10,0,9,0.0
3,1,50,5,5,1,8,0,15,63.0
3,2,0,5,3,5,0,22107,13,900.0
18,2,0,4,6,5,10,0,9,0.0
3,1,27,4,3,5,3,0,16,15.0
3,1,24,5,3,2,2,22350,16,0.0
3,1,22,5,3,3,0,22350,23,0.0
3,1,51,5,5,1,8,0,17,116.0
3,1,23,5,0,5,0,0,8,0.0
3,2,0,4,3,5,9,0,14,51.0
3,1,22,6,1,2,2,21801,7,0.0
3,2,79,5,6,1,5,21658,8,41.0
3,1,63,4,5,2,0,0,16,150.0
8,2,24,5,5,2,0,22350,0,150.0
3,1,69,5,0,2,10,21803,13,200.0
3,7,26,5,1,3,0,0,1,20.0
9,0,0,5,3,1,10,0,16,160.0
3,1,40,5,0,3,0,22350,14,0.0
9,2,43,5,0,2,0,0,15,0.0
3,2,18,5,5,5,3,22106,19,18.0
3,1,24,5,0,3,0,21453,22,0.0
3,1,21,5,1,1,0,0,15,0.0
3,1,28,5,5,2,8,0,12,0.0
3,1,63,5,6,5,10,21800,15,93.0
9,2,0,4,6,5,10,0,23,0.0
18,2,0,4,6,5,0,0,21,0.0
3,1,80,4,1,5,0,0,13,200.0
3,1,31,5,1,3,2,21801,6,530.0
3,2,0,4,6,5,10,0,8,51.0
3,1,29,5,6,1,0,0,22,24.0
3,2,41,4,5,5,8,0,15,0.0
3,0,0,4,6,5,10,0,16,0.0
3,0,0,5,6,3,10,0,0,180.0
3,1,33,5,1,3,0,20002,15,0.0
3,6,0,5,0,1,0,22450,8,0.0
3,2,0,5,5,5,0,22350,13,44.0
3,2,28,4,5,5,8,0,17,0.0
0,1,66,5,3,2,0,0,10,0.0
8,1,53,5,6,3,1,0,15,37.0
18,2,0,4,6,5,10,0,17,0.0
3,2,0,5,5,1,0,22350,14,18.0
3,2,37,0,3,5,8,0,17,0.0
3,1,54,5,1,3,0,0,9,218.0
8,0,0,5,0,1,10,0,0,0.0
3,1,35,5,1,2,0,21651,11,1051.0
0,1,60,5,3,5,10,21202,16,0.0
3,2,28,5,4,3,8,0,20,0.0
10,1,16,3,8,5,9,0,0,0.0
3,1,47,5,5,2,8,0,10,0.0
9,2,0,5,5,2,10,22350,2,50.0
3,2,36,5,5,1,8,0,20,0.0
18,2,0,4,6,5,0,0,10,0.0
3,7,64,4,3,5,0,21651,20,60.0
3,1,59,4,5,1,8,0,10,20.0
3,2,28,4,3,5,0,0,15,51.0
3,1,25,4,5,5,8,0,14,51.0
3,1,19,5,3,3,10,22350,13,5808.0
3,3,64,5,3,2,10,0,15,97.0
3,2,26,4,5,3,0,0,20,165.0
3,2,0,4,6,5,10,0,11,51.0
9,1,57,5,0,2,2,22100,10,0.0
3,0,0,5,3,5,10,0,0,0.0
3,0,0,5,5,3,10,0,21,77.0
3,1,48,5,0,2,0,21453,18,0.0
3,2,0,4,8,5,0,0,23,210.0
3,2,0,5,6,5,0,21658,3,0.0
3,2,0,5,2,2,0,22350,22,58.0
3,2,0,5,6,5,10,20002,7,100.0
10,2,66,5,8,5,9,21955,20,450.0
3,1,56,5,6,2,10,21650,13,90.0
3,1,22,5,5,1,0,0,18,100.0
3,1,49,5,0,3,2,0,18,304.0
10,7,49,3,8,5,10,21950,18,0.0
18,2,0,4,3,5,10,0,0,0.0
3,0,0,5,6,2,10,0,23,0.0
3,1,46,5,6,2,5,21658,17,48.0
3,1,57,5,6,5,0,0,16,0.0
9,2,0,4,0,5,0,0,19,0.0
3,1,34,5,5,1,8,0,19,170.0
3,1,49,5,8,5,2,21950,20,0.0
3,1,37,5,5,1,0,22350,17,63.0
3,1,74,5,1,2,0,0,9,310.0
3,0,22,5,0,1,10,0,6,90.0
3,1,0,4,3,5,1,22100,14,0.0
3,1,43,5,0,5,0,0,14,0.0
3,1,25,5,0,3,0,22114,12,140.0
3,1,31,5,0,3,2,21801,18,0.0
3,1,38,5,0,2,2,22107,6,338.0
3,1,61,5,6,1,1,22107,11,0.0
3,2,50,4,5,5,8,0,16,0.0
3,1,48,5,3,1,1,22107,16,129.0
0,1,18,5,3,1,10,0,14,0.0
3,1,19,6,0,3,2,21801,17,0.0
3,0,0,5,5,2,10,0,20,400.0
8,7,26,5,1,3,10,23152,17,0.0
3,2,0,5,8,5,2,21801,7,0.0
3,0,0,4,3,5,10,0,18,0.0
3,2,35,4,6,5,0,0,16,51.0
3,2,59,5,0,2,0,0,5,0.0
3,2,0,4,0,5,0,0,17,0.0
18,2,0,4,6,5,10,0,0,51.0
3,1,43,5,0,2,0,0,13,245.0
3,2,46,5,5,2,0,0,9,346.0
3,2,0,1,0,5,2,21801,15,0.0
3,1,46,5,0,3,0,0,5,30.0
0,1,45,4,3,5,0,0,15,0.0
9,2,0,4,6,5,9,0,22,50.0
3,2,30,4,5,1,8,0,17,0.0
3,1,49,5,0,1,0,0,22,0.0
10,2,28,4,8,5,10,0,15,0.0
3,1,23,5,5,3,0,22350,16,0.0
3,1,21,5,0,2,0,21453,22,0.0
3,1,53,5,5,2,0,0,19,212.0
3,2,0,5,5,3,0,0,1,31.0
18,2,0,4,3,5,10,0,7,0.0
3,2,36,5,5,5,0,22350,21,200.0
0,1,62,5,3,3,0,0,7,200.0
3,1,44,5,1,2,2,21801,20,0.0
3,2,22,5,0,3,0,22350,14,1195.0
3,1,45,4,0,2,0,0,11,0.0
3,2,0,5,6,5,10,0,8,0.0
3,7,23,5,5,2,0,23153,14,126.0
3,2,40,5,2,3,2,0,8,682.0
8,2,34,5,5,2,10,21703,11,174.0
3,1,31,6,5,1,8,0,8,104.0
3,1,34,5,5,3,8,0,15,500.0
3,2,25,5,3,5,8,0,23,0.0
3,1,42,5,5,2,0,0,14,900.0
9,2,0,4,6,5,10,0,2,35.0
3,7,19,5,3,3,2,23140,3,105.0
3,2,26,5,5,1,8,0,21,10.0
3,1,0,5,0,3,0,21453,12,0.0
3,1,25,5,7,1,1,21950,19,0.0
0,1,59,0,0,2,10,21202,16,0.0
3,2,52,4,0,5,0,0,16,0.0
3,1,78,4,6,5,10,21804,8,150.0
3,1,33,4,5,5,8,0,18,0.0
3,1,48,5,6,1,0,0,14,133.0
3,1,61,5,6,1,0,0,19,51.0
6,1,0,5,6,2,10,0,1,165.0
10,2,52,2,3,5,10,0,21,0.0
3,1,56,5,6,1,1,22107,12,18.0
3,2,0,5,5,5,0,21703,18,0.0
3,0,0,5,1,2,10,0,15,300.0
3,2,47,4,2,5,10,0,19,51.0
3,1,28,5,5,1,8,0,19,36.0
0,2,0,4,7,5,0,0,13,0.0
3,2,67,4,6,5,10,0,10,0.0
3,1,64,5,8,5,0,22350,19,0.0
3,1,24,4,1,2,0,0,15,0.0
3,2,0,5,6,5,5,22107,16,150.0
3,7,34,5,5,1,0,22350,1,51.0
9,1,40,5,0,1,8,0,7,0.0
3,1,65,5,0,2,0,21453,22,0.0
3,1,64,5,3,1,0,0,11,0.0
3,1,32,5,1,2,0,21453,13,0.0
3,1,54,4,5,1,0,22350,18,30.0
3,0,0,5,4,2,10,0,21,91.0
3,1,56,5,3,1,1,21949,16,0.0
3,7,44,5,3,3,0,21658,18,100.0
3,0,0,5,6,3,10,0,0,130.0
3,2,0,5,6,5,5,0,14,0.0
3,0,0,5,0,1,10,0,23,0.0
3,0,0,4,3,5,10,0,0,0.0
3,1,26,5,0,2,2,0,18,0.0
3,2,0,5,0,3,2,21658,16,405.0
18,2,0,4,5,5,10,0,16,0.0
3,1,37,5,5,3,0,22350,12,102.0
3,2,45,5,0,2,10,21650,19,0.0
3,0,0,5,6,5,10,0,0,380.0
3,2,27,5,1,3,10,22107,1,198.0
3,1,25,5,5,5,0,0,20,0.0
3,7,37,5,0,2,0,23152,6,0.0
3,1,49,5,5,1,0,21453,13,16.0
3,2,0,5,3,5,5,21658,14,0.0
3,1,53,5,5,1,8,0,18,0.0
3,1,42,5,5,1,0,0,17,0.0
3,1,27,5,0,3,2,0,22,0.0
3,2,16,5,5,1,2,22107,18,45.0
3,1,23,5,3,5,1,0,10,0.0
3,1,43,5,5,2,8,0,15,0.0
3,2,0,4,5,5,0,0,11,0.0
3,0,0,4,3,2,10,0,2,0.0
3,2,0,4,3,5,5,0,10,0.0
3,2,27,5,3,2,2,22350,0,201.0
3,1,24,5,2,1,5,22107,9,0.0
3,0,0,5,5,1,10,0,23,378.0
3,1,51,5,5,1,0,22350,21,365.0
3,1,50,5,0,3,0,0,14,0.0
3,2,0,5,3,5,10,22107,7,25.0
3,1,50,4,3,2,0,22107,16,120.0
3,2,76,5,5,2,0,0,17,20.0
3,0,0,5,5,5,10,0,10,112.0
3,2,0,4,7,5,0,0,9,0.0
3,0,0,5,5,2,10,0,21,59.0
11,1,44,5,7,5,0,0,11,250.0
3,2,0,4,3,5,10,0,11,0.0
3,2,28,2,3,2,0,0,16,200.0
8,2,28,4,5,3,0,0,18,230.0
3,0,0,4,6,5,10,0,22,320.0
18,2,0,4,6,5,10,0,9,0.0
3,1,49,5,8,5,1,21950,17,0.0
3,2,0,4,5,2,2,0,14,0.0
3,1,55,5,1,3,0,0,16,0.0
3,1,17,5,5,2,2,22350,8,63.0
3,1,21,5,1,2,2,22107,17,0.0
18,2,0,4,3,5,10,0,15,0.0
3,5,27,5,3,3,10,22107,23,0.0
3,0,0,4,3,5,10,0,0,51.0
8,7,40,5,3,3,2,22350,8,0.0
0,2,34,4,7,5,0,0,12,51.0
3,2,0,5,3,5,0,21950,22,0.0
3,0,0,5,3,2,10,0,2,63.0
9,2,0,5,1,5,0,21453,10,0.0
18,2,0,4,3,5,3,0,17,51.0
3,1,25,5,0,3,0,0,16,0.0
8,2,27,4,0,5,0,0,7,0.0
18,2,0,5,6,5,1,22107,15,0.0
3,7,32,5,3,4,0,23152,1,0.0
3,7,69,5,2,2,1,22350,2,0.0
10,0,5,5,3,5,10,0,8,0.0
3,1,50,5,3,1,10,21703,17,0.0
3,2,19,5,3,2,0,22350,21,90.0
3,1,20,5,3,2,0,22350,4,27.0
3,1,17,5,5,5,10,0,12,0.0
3,1,0,5,2,5,10,22105,13,507.0
3,0,0,5,6,1,10,0,2,165.0
3,0,0,5,3,2,10,0,22,0.0
3,2,28,4,5,5,0,0,10,0.0
14,1,12,5,3,5,10,21953,14,0.0
3,2,44,5,5,5,0,22350,14,25.0
3,0,0,5,6,1,10,0,23,117.0
3,2,28,4,5,5,2,0,8,0.0
3,1,74,4,3,2,0,22350,0,0.0
3,0,0,5,5,1,10,0,23,51.0
3,2,45,5,0,5,0,0,0,0.0
18,2,0,4,5,5,0,0,19,0.0
3,1,43,5,0,1,10,21804,12,78.0
3,7,22,5,5,3,0,23152,5,23.0
3,2,0,5,5,5,0,22350,7,660.0
3,1,25,5,5,5,0,22350,16,0.0
9,2,46,5,5,1,8,0,18,45.0
3,1,40,5,0,2,0,0,20,0.0
3,0,0,5,3,2,10,0,15,15.0
3,2,0,4,0,5,0,0,20,0.0
3,7,22,5,5,1,10,22350,4,94.0
3,2,0,4,5,5,0,0,16,0.0
9,0,0,5,5,3,10,0,1,156.0
3,0,39,4,5,5,10,0,5,51.0
3,1,51,5,0,1,0,0,18,0.0
0,1,27,5,3,5,0,0,17,1110.0
18,0,0,4,6,5,10,0,7,0.0
3,1,64,5,1,3,2,21801,18,0.0
10,1,16,5,3,5,0,0,21,0.0
0,1,13,5,3,5,10,21804,14,0.0
8,0,0,5,6,2,10,0,0,54.0
3,2,0,5,3,2,10,0,1,350.0
3,2,27,5,5,5,10,0,11,0.0
9,1,38,5,5,5,3,22106,10,20.0
3,1,27,5,6,2,0,0,19,0.0
3,1,65,5,5,5,10,0,8,0.0
16,1,60,5,3,5,0,0,16,198.0
3,2,46,4,5,5,8,0,12,0.0
3,2,53,5,6,3,0,0,12,60.0
3,2,57,5,2,4,0,22350,22,0.0
3,1,53,5,5,5,8,0,18,0.0
10,1,59,5,8,5,0,0,16,0.0
3,2,20,5,1,3,0,0,14,4780.0
3,1,31,5,0,3,0,21453,8,0.0
3,0,0,5,3,5,10,0,0,0.0
3,0,55,5,5,2,10,0,22,56.0
3,0,0,5,3,2,10,0,0,0.0
3,2,26,4,5,3,0,0,9,90.0
3,2,54,4,5,5,0,0,11,0.0
3,2,0,4,5,5,0,0,19,0.0
3,0,0,5,6,1,10,0,6,33.0
3,1,25,4,0,5,0,0,12,0.0
3,1,41,5,3,1,0,0,15,60.0
3,1,47,5,5,2,10,21804,14,250.0
3,2,52,5,1,2,0,0,13,0.0
10,7,56,5,8,5,10,0,1,156.0
3,2,53,5,0,2,0,0,18,185.0
3,1,48,5,5,2,8,0,14,0.0
3,2,30,5,5,2,10,21801,18,606.0
3,0,0,5,2,2,10,0,1,21.0
3,1,58,5,0,2,0,21453,14,0.0
3,1,52,5,0,3,0,21453,0,0.0
3,2,0,5,3,5,10,0,13,0.0
9,1,51,5,0,1,0,0,21,0.0
18,2,0,4,0,5,10,0,17,0.0
3,0,0,5,3,5,10,0,20,260.0
3,1,47,5,0,5,0,21453,7,0.0
3,7,31,5,0,3,0,23153,1,0.0
0,1,25,0,0,5,10,21202,18,0.0
4,1,41,5,0,1,1,0,7,0.0
3,1,34,5,5,1,8,0,18,150.0
3,2,25,5,6,3,0,20002,2,340.0
17,2,0,5,0,5,10,22106,7,0.0
3,2,0,4,5,5,0,0,11,0.0
3,2,61,5,0,3,0,0,14,0.0
9,0,0,4,6,5,10,0,4,55.0
3,2,40,5,0,3,0,21453,17,0.0
3,2,0,3,8,5,0,20002,18,300.0
3,2,64,5,1,1,3,21804,17,0.0
3,1,73,5,0,2,0,0,19,0.0
3,0,0,4,6,5,10,0,23,0.0
3,2,74,3,8,5,0,0,20,440.0
3,1,35,5,3,1,8,0,16,113.0
3,2,54,5,5,5,0,0,15,0.0
3,1,32,5,1,2,0,0,17,0.0
1,1,55,5,6,5,5,22107,15,82.0
3,1,74,5,1,5,0,0,11,334.0
3,6,18,5,6,2,1,22350,16,26.0
3,7,25,5,3,5,0,22350,4,640.0
13,1,50,4,7,5,0,0,8,0.0
3,1,31,5,6,3,10,22350,22,48.0
18,2,0,0,7,5,0,0,22,0.0
3,7,73,5,5,5,0,23152,18,0.0
13,0,0,5,3,2,10,0,15,0.0
3,1,26,5,3,3,2,22107,3,0.0
3,1,25,5,1,2,0,0,12,0.0
3,1,89,5,1,2,0,0,18,0.0
9,0,0,4,0,5,10,0,12,51.0
3,1,19,5,5,1,8,0,18,156.0
3,1,32,5,7,1,10,21800,10,0.0
18,2,0,5,1,2,0,21460,7,180.0
3,1,35,5,0,1,8,0,17,0.0
3,1,29,5,0,2,2,0,12,0.0
3,1,61,5,0,4,0,21804,12,138.0
3,2,44,5,0,3,0,21453,21,0.0
3,1,33,5,5,5,0,21650,13,0.0
3,1,17,4,5,3,0,22350,7,0.0
3,2,33,5,5,3,8,0,17,90.0
3,1,50,5,1,2,2,21802,10,0.0
3,1,35,5,6,1,4,0,15,130.0
3,0,0,5,5,2,10,0,16,176.0
3,1,52,5,0,3,0,0,12,0.0
0,2,13,0,7,5,10,22450,18,0.0
3,2,0,4,3,5,0,0,15,0.0
3,1,61,5,6,2,0,0,17,22.0
18,2,0,4,3,5,3,0,0,50.0
3,2,67,6,5,5,8,0,17,0.0
3,1,41,5,5,2,8,0,8,1320.0
3,2,0,4,3,1,3,22106,11,0.0
3,0,0,5,6,3,10,0,8,415.0
18,2,0,4,5,5,0,0,14,51.0
3,1,26,5,5,2,8,0,9,0.0
3,0,0,5,3,2,10,0,19,0.0
10,1,18,5,3,5,0,0,19,0.0
3,2,0,5,2,3,10,22350,4,0.0
3,6,63,5,3,3,0,22350,11,536.0
3,2,22,4,5,5,0,0,20,0.0
3,1,65,5,5,2,0,21703,13,60.0
3,2,71,4,5,5,8,0,13,0.0
6,1,44,5,3,5,3,22106,21,55.0
3,1,31,4,0,2,0,0,22,0.0
3,0,0,5,5,3,10,0,1,35.0
3,2,0,4,3,5,1,0,15,0.0
3,7,65,5,5,2,0,23152,7,49.0
3,2,23,4,1,5,2,0,8,0.0
3,1,61,5,5,2,8,0,11,250.0
3,0,0,5,5,3,10,0,23,153.0
9,2,0,4,0,5,10,0,14,51.0
18,2,0,5,6,5,10,21801,3,0.0
3,0,0,5,5,5,10,0,21,95.0
3,1,60,5,5,1,8,0,12,120.0
3,2,52,5,0,1,9,22450,12,0.0
3,1,19,5,0,1,10,22450,13,0.0
3,1,19,5,5,5,0,21703,17,0.0
3,0,0,5,1,2,10,0,8,189.0
3,5,58,5,0,2,0,21453,7,0.0
3,1,37,4,6,5,0,0,13,0.0
0,6,0,0,3,5,0,21453,19,0.0
10,1,80,5,8,5,10,0,11,0.0
3,0,0,5,6,1,10,0,1,140.0
9,1,34,5,5,1,8,0,23,69.0
3,2,51,4,6,5,8,0,7,0.0
0,2,16,4,7,5,0,0,7,0.0
3,0,0,5,3,2,10,0,22,342.0
3,2,0,4,6,5,1,0,19,230.0
3,0,0,5,1,3,10,0,1,104.0
3,2,33,4,6,5,5,0,12,0.0
3,1,18,5,5,5,1,22350,19,0.0
3,1,32,5,1,3,0,22350,5,200.0
3,0,0,4,5,5,10,0,16,50.0
3,0,0,5,5,2,10,0,1,24.0
3,1,33,5,6,1,10,22107,0,34.0
3,2,51,5,0,3,0,21453,11,0.0
3,1,71,5,1,1,2,21801,20,436.0
3,0,0,4,2,3,10,0,3,196.0
3,2,65,4,6,2,10,21755,19,0.0
3,2,0,4,0,5,2,0,12,200.0
3,1,21,5,5,1,0,22350,17,44.0
3,1,22,5,5,5,0,22350,13,0.0
3,2,61,4,5,5,8,0,20,0.0
9,0,0,5,3,1,10,0,3,0.0
9,2,40,5,1,3,2,21801,21,0.0
3,1,48,5,0,1,0,0,8,0.0
3,2,0,5,1,3,8,20002,19,0.0
3,1,20,5,3,3,0,21650,1,416.0
3,1,20,3,3,1,0,0,13,0.0
3,4,62,5,5,3,10,22107,1,178.0
3,2,25,6,0,3,2,21801,8,0.0
9,1,74,5,1,5,8,0,7,0.0
3,2,0,4,5,5,10,0,14,30.0
3,1,32,5,0,2,1,0,15,0.0
3,2,53,4,5,5,8,0,20,0.0
3,2,0,5,1,5,10,21651,23,50.0
3,1,24,5,1,3,0,0,18,0.0
3,1,75,5,1,3,0,0,16,0.0
3,2,45,5,0,2,0,21453,10,0.0
3,1,48,5,3,2,8,0,14,81.0
3,0,0,5,3,5,10,0,23,200.0
9,1,29,5,3,3,8,0,12,180.0
3,0,0,5,3,2,10,0,2,60.0
3,2,0,4,5,5,4,0,7,200.0