PartyType_Code,Sobriety_Code,Age,PrimaryCollisionFactor_Code,CollisionType_Code,VehicleDamage_Code,MovementPrecedingCollision_Code,ViolationCode,CrashTime,Distance
3,1,43,5,5,5,8,0,17,0.0
10,1,11,3,8,5,10,21456,8,0.0
3,0,51,5,0,2,0,21453,8,0.0
9,5,41,5,5,3,0,22350,21,0.0
3,2,42,4,5,1,8,0,13,0.0
9,7,67,5,5,3,0,22350,18,50.0
3,1,39,5,6,1,2,0,19,0.0
3,2,0,5,5,2,2,22450,2,40.0
9,0,0,5,5,3,10,0,20,231.0
3,0,0,5,6,2,10,0,21,78.0
3,1,38,5,0,3,10,21460,14,526.0
3,2,0,5,3,5,3,22106,23,0.0
3,1,52,5,5,5,8,0,20,20.0
1,1,37,5,5,2,8,0,7,207.0
0,2,14,0,7,1,0,21202,15,31.0
3,2,0,5,5,5,0,22350,10,60.0
9,0,0,5,3,3,10,0,17,47.0
3,0,22,5,5,2,10,0,22,110.0
3,2,0,4,5,5,10,0,9,0.0
3,1,41,5,1,3,0,0,22,176.0
3,2,33,4,5,5,8,0,8,0.0
3,1,62,5,5,1,8,0,17,0.0
3,2,36,5,2,2,0,22350,9,20.0
3,2,21,4,6,5,0,0,11,0.0
3,1,22,4,2,3,0,1,23,88.0
3,1,21,5,6,5,10,21804,13,88.0
3,1,51,4,2,3,0,0,11,778.0
3,2,0,5,5,5,0,22350,18,150.0
3,1,44,5,5,1,10,0,20,24.0
3,2,0,4,6,1,0,0,22,51.0
3,2,41,4,5,5,10,0,18,0.0
9,0,0,4,6,5,10,0,12,51.0
3,2,0,5,6,5,2,21801,13,0.0
3,0,0,5,3,3,10,0,3,100.0
3,1,17,5,0,5,0,21453,20,0.0
3,2,52,4,5,5,0,0,12,0.0
3,1,45,5,6,2,1,0,23,0.0
3,0,0,5,6,2,10,0,0,69.0
3,1,66,5,3,1,10,21804,21,0.0
3,1,0,5,1,3,0,21801,17,0.0
3,2,66,5,6,3,0,0,18,188.0
3,2,0,4,5,5,10,0,13,38.0
18,1,31,5,6,1,0,0,18,100.0
3,1,35,5,0,3,0,21453,8,0.0
3,2,0,5,6,3,10,22107,1,137.0
3,2,21,5,0,2,2,21801,5,0.0
3,7,24,5,5,3,0,23153,23,3479.0
10,2,63,4,8,5,0,0,19,0.0
3,2,57,4,5,5,0,0,15,0.0
0,2,57,0,0,2,0,21453,7,0.0
10,1,32,5,0,5,0,22109,18,0.0
3,1,51,5,5,1,8,0,22,30.0
3,1,80,4,0,3,0,0,15,0.0
3,1,19,5,5,1,10,21703,14,20.0
3,1,33,5,5,1,0,22350,16,50.0
3,2,34,4,3,5,0,0,7,0.0
18,2,32,5,3,5,10,22350,17,70.0
13,1,36,5,5,1,0,21703,9,267.0
3,0,0,5,6,1,10,0,5,51.0
3,1,46,5,5,1,0,22350,10,48.0
3,1,33,3,8,5,0,0,12,267.0
3,1,35,5,5,2,8,0,16,0.0
3,1,41,3,8,5,0,0,17,0.0
3,2,20,5,0,3,0,22350,1,33.0
3,0,0,4,3,5,10,0,1,0.0
3,1,89,5,0,2,2,0,18,0.0
3,0,0,5,6,2,10,0,7,322.0
18,1,85,5,5,2,0,22350,9,0.0
3,2,39,4,3,3,0,0,10,0.0
9,7,52,5,3,3,10,22107,7,105.0
3,1,30,5,0,2,0,21453,0,0.0
9,1,55,5,0,3,2,21453,20,21.0
3,1,30,5,0,2,2,21802,13,0.0
9,1,45,4,5,1,10,0,18,230.0
3,2,41,4,5,2,8,0,16,0.0
3,2,0,4,7,1,0,22350,19,116.0
18,2,0,5,6,5,0,22107,13,213.0
0,2,16,4,3,5,1,0,8,0.0
9,0,0,5,3,2,10,0,3,275.0
3,2,20,5,0,1,0,0,9,0.0
3,2,36,4,5,5,8,0,9,0.0
10,2,20,3,3,5,0,21456,18,0.0
3,2,0,4,2,1,3,0,23,0.0
14,1,16,5,3,5,0,0,21,30.0
3,7,24,5,5,1,0,23152,13,40.0
3,1,37,5,0,2,2,22107,9,78.0
3,0,0,4,3,3,10,0,15,407.0
3,2,0,5,5,5,10,0,14,0.0
9,0,0,5,3,2,10,0,14,33.0
9,0,0,4,6,5,10,0,20,0.0
3,1,17,5,5,1,8,0,13,60.0
3,2,21,4,0,5,0,0,22,0.0
10,1,30,5,5,1,8,0,11,209.0
3,1,64,5,5,1,10,0,17,87.0
3,2,42,4,5,5,2,0,8,0.0
3,0,0,4,3,5,10,0,8,0.0
3,1,60,5,5,1,0,21703,13,100.0
3,1,56,5,0,1,3,21804,10,79.0
3,1,38,5,6,3,0,0,13,0.0
3,0,0,5,3,2,10,0,3,38.0
3,4,20,5,2,3,0,22350,8,0.0
3,2,40,4,5,5,8,0,7,86.0
3,1,44,5,5,1,8,0,12,104.0
3,2,0,4,3,5,10,0,12,0.0
3,2,17,5,8,5,0,22350,13,0.0
3,2,58,4,5,5,0,0,12,0.0
3,1,57,5,5,1,10,0,21,0.0
3,1,43,5,0,3,0,0,11,0.0
3,2,64,4,6,5,0,0,10,0.0
9,1,20,5,0,2,0,0,12,24.0
13,1,55,5,3,5,1,22107,17,0.0
3,2,0,5,5,1,0,22350,17,24.0
3,1,44,5,5,2,0,0,18,240.0
3,1,17,5,8,3,1,22107,8,0.0
3,2,40,4,5,5,8,0,21,0.0
3,0,0,5,1,2,10,0,7,360.0
3,2,0,1,6,5,2,1,18,0.0
3,1,36,5,5,1,0,21703,8,84.0
3,0,0,5,6,3,10,0,0,728.0
3,0,0,5,6,2,10,0,21,33.0
3,1,68,5,5,1,8,0,14,50.0
3,2,23,5,0,3,0,0,13,0.0
3,2,62,4,5,5,8,0,3,51.0
18,1,0,5,1,1,10,0,12,0.0
3,2,31,4,5,3,10,0,19,0.0
3,2,0,5,3,1,10,0,2,0.0
0,2,45,0,3,5,0,22350,16,336.0
3,1,27,5,1,3,0,0,17,22.0
3,1,38,5,5,2,8,0,14,144.0
9,7,33,5,3,3,10,22107,21,0.0
3,1,55,5,6,3,0,0,10,0.0
8,1,19,5,2,3,0,22350,17,488.0
9,2,0,5,5,2,3,22106,19,2.0
3,1,21,4,5,2,0,21703,17,51.0
3,1,29,5,5,1,0,0,20,250.0
3,1,53,5,1,3,8,21453,20,0.0
3,1,32,5,5,2,0,22350,8,33.0
3,0,0,5,0,3,10,0,5,90.0
3,1,38,4,0,2,0,0,17,0.0
9,2,0,5,1,2,0,21460,0,19.0
8,1,57,5,3,5,0,0,11,159.0
9,0,58,4,5,5,10,0,21,51.0
9,1,43,4,0,1,2,0,7,0.0
3,1,29,0,3,1,1,0,16,0.0
18,2,0,4,3,5,0,0,14,0.0
3,2,24,6,6,2,10,21804,18,175.0
3,7,63,5,0,2,0,22450,10,0.0
4,0,0,5,3,2,10,0,0,236.0
3,1,27,5,5,1,0,0,10,208.0
3,1,51,4,6,1,0,0,17,0.0
3,1,20,5,3,4,0,22350,15,292.0
3,2,0,5,5,3,0,22350,1,110.0
3,1,22,4,1,5,2,21801,21,0.0
3,1,23,5,0,2,1,21801,10,0.0
3,1,55,5,3,5,8,0,15,0.0
3,2,32,4,5,5,8,0,15,0.0
3,1,31,5,0,2,0,21453,10,0.0
3,2,0,3,8,5,0,0,6,175.0
3,0,0,5,3,2,10,0,4,135.0
0,2,56,4,3,5,0,0,18,0.0
3,1,26,5,1,2,2,21801,13,0.0
3,7,19,5,5,3,0,22350,7,0.0
3,1,37,5,0,1,2,22107,13,0.0
3,1,24,5,5,2,0,22350,10,100.0
9,0,0,5,3,1,10,0,11,0.0
3,1,66,5,2,3,0,22350,22,45.0
3,1,62,5,5,2,0,22350,14,213.0
3,2,69,4,6,5,5,0,16,0.0
3,2,0,5,3,5,10,22350,3,0.0
9,2,0,4,3,5,3,0,16,0.0
3,1,39,4,1,5,2,21801,19,0.0
3,6,31,5,6,2,0,0,2,188.0
3,2,27,4,5,5,8,0,18,0.0
3,7,34,5,2,3,0,22107,22,0.0
3,2,0,5,0,5,1,22100,12,0.0
3,1,65,4,5,2,0,22350,13,168.0
3,2,24,5,1,3,10,21804,10,221.0
3,2,0,5,0,2,0,21453,3,0.0
3,1,29,5,0,2,0,0,23,0.0
3,7,28,5,5,2,0,22107,9,192.0
3,1,19,5,5,1,8,0,15,108.0
18,2,0,4,3,5,3,0,18,0.0
3,1,28,4,0,3,10,0,14,0.0
3,1,27,5,1,1,0,22450,13,0.0
3,1,0,5,7,5,10,21804,13,100.0
3,1,33,5,0,3,2,21453,11,0.0
3,2,71,5,1,1,2,21801,12,0.0
3,8,51,5,5,3,0,22350,0,215.0
18,2,0,4,6,5,0,0,8,51.0
3,2,42,4,5,5,8,0,8,0.0
3,1,18,5,5,1,8,0,16,56.0
3,2,20,5,3,2,10,22350,11,0.0
3,1,37,3,8,2,0,0,16,13.0
3,0,0,5,6,1,10,0,18,147.0
3,0,0,1,5,3,10,0,3,40.0
3,7,23,5,0,1,1,21801,22,40.0
3,1,55,5,5,1,0,0,15,20.0
3,0,44,5,5,3,10,0,0,250.0
0,1,49,4,3,5,0,21663,9,0.0
3,1,22,3,8,1,0,0,6,0.0
18,2,0,4,6,5,10,0,9,0.0
3,1,26,5,5,1,0,22350,10,35.0
3,2,30,4,7,5,0,0,12,0.0
3,1,39,5,5,3,8,0,13,0.0
3,2,40,4,0,5,10,0,10,51.0
3,0,0,5,5,2,10,0,1,112.0
9,1,41,5,5,1,8,0,16,338.0
3,1,23,5,1,3,0,0,13,27.0
3,1,34,5,5,5,8,0,17,126.0
3,2,0,5,6,1,10,0,6,2586.0
3,1,40,5,1,1,0,21453,19,0.0
3,1,32,5,1,2,2,22107,16,200.0
6,0,40,5,6,1,10,0,11,141.0
3,0,0,5,6,1,10,0,22,0.0
3,1,45,5,5,5,8,0,18,0.0
9,2,32,4,6,5,2,0,12,51.0
18,0,0,5,1,1,10,0,1,0.0
14,1,17,2,3,5,10,21954,20,0.0
3,1,38,5,5,1,8,0,11,51.0
3,0,0,5,6,3,10,0,21,300.0
3,1,50,5,3,5,0,0,6,200.0
3,1,46,5,0,5,3,22106,15,85.0
3,1,0,5,3,5,3,22106,16,168.0
3,0,0,5,3,2,10,0,1,0.0
3,2,36,4,6,5,5,0,8,0.0
3,2,55,5,5,1,10,22350,13,0.0
3,2,0,5,5,2,0,22350,22,0.0
3,7,24,5,6,5,0,23152,2,146.0
9,0,0,5,0,3,10,0,17,378.0
3,1,26,5,5,2,0,22350,22,124.0
3,1,20,5,3,5,0,22350,18,194.0
3,2,27,5,5,1,8,0,17,35.0
3,2,0,5,5,1,1,22107,16,56.0
3,1,40,4,0,2,0,0,11,0.0
3,1,0,5,1,1,0,0,17,60.0
3,1,47,5,6,2,0,0,13,51.0
3,5,27,5,3,2,2,21460,23,30.0
18,0,0,5,1,5,10,0,0,22.0
9,0,0,5,6,3,10,0,9,0.0
10,1,13,3,3,5,10,21955,19,0.0
3,1,22,4,5,2,0,22450,12,0.0
18,1,41,0,7,2,0,0,15,0.0
3,2,27,4,5,5,0,0,8,246.0
3,2,0,5,5,2,0,22350,19,60.0
0,2,0,4,7,5,0,0,17,0.0
3,2,44,4,5,5,8,0,16,0.0
3,1,32,5,5,2,0,22350,8,0.0
3,0,0,5,3,1,10,0,0,240.0
15,1,59,5,5,1,0,0,11,0.0
9,0,0,5,5,3,10,0,20,92.0
3,1,22,5,5,1,0,22350,22,30.0
3,4,25,5,1,2,0,0,15,164.0
3,1,31,5,5,2,0,22350,17,327.0
3,0,0,5,3,2,10,0,17,505.0
18,2,0,5,3,5,10,0,2,85.0
3,1,51,5,0,5,10,21651,15,0.0
3,0,0,5,1,2,10,0,23,57.0
3,0,0,4,3,5,10,0,9,0.0
3,0,0,4,6,5,10,0,14,51.0
9,0,0,4,6,5,10,0,11,51.0
3,1,38,5,1,1,0,21453,18,0.0
3,6,0,5,3,1,0,0,7,50.0
3,7,49,5,3,2,0,23152,23,0.0
3,0,0,5,5,1,10,0,20,136.0
9,1,74,5,0,2,10,21804,10,0.0
3,1,29,5,0,3,0,0,21,0.0
3,1,26,4,0,3,2,0,7,295.0
3,0,0,5,6,2,10,0,2,255.0
0,2,47,5,7,5,0,0,16,134.0
3,2,60,4,6,5,8,0,8,0.0
18,2,0,5,5,5,0,21658,9,0.0
3,0,0,5,6,1,10,0,4,50.0
3,2,0,4,5,5,10,0,6,51.0
3,2,0,5,6,1,5,22107,11,0.0
3,1,68,5,0,1,8,0,18,0.0
3,0,0,4,3,5,10,0,16,0.0
3,0,0,5,3,2,10,0,2,600.0
9,2,0,4,5,5,0,0,9,0.0
3,2,16,4,3,5,10,0,8,0.0
3,1,50,2,3,3,0,0,12,485.0
3,2,59,5,0,2,0,21453,13,0.0
3,1,57,5,5,3,10,22103,13,3.0
3,1,43,5,5,1,8,0,10,36.0
3,0,0,5,0,3,10,0,19,0.0
3,0,0,5,6,1,10,0,6,0.0
18,2,0,4,5,5,10,0,13,51.0
3,1,63,5,7,2,0,22350,10,30.0
3,1,22,5,0,3,0,22450,6,0.0
3,1,34,5,3,1,0,22350,13,0.0
3,1,45,5,1,3,0,0,16,440.0
3,1,29,5,6,2,0,21806,18,0.0
3,1,45,5,5,1,8,0,18,22.0
3,1,54,5,0,2,1,22100,17,204.0
3,0,0,4,5,5,10,0,11,0.0
3,1,80,5,5,2,8,0,11,0.0
3,2,0,4,6,5,1,0,8,0.0
3,1,77,5,0,3,0,21453,14,0.0
3,1,53,0,7,1,10,0,18,0.0
18,2,0,4,5,5,1,0,12,0.0
3,2,0,4,5,5,8,0,15,0.0
3,1,77,5,0,2,2,21801,20,0.0
9,1,17,5,1,3,0,0,20,0.0
3,0,0,4,3,5,10,0,11,0.0
3,7,26,5,5,3,0,22350,0,30.0
3,1,18,5,0,1,2,0,23,0.0
3,1,39,5,5,1,8,0,16,60.0
3,1,46,5,0,2,2,0,8,0.0
3,0,0,5,3,5,10,0,19,70.0
3,1,29,5,0,2,10,22107,9,0.0
3,1,44,5,0,3,8,0,13,0.0
3,2,0,5,6,5,2,22107,23,0.0
3,2,0,4,0,5,0,0,12,0.0
3,2,0,4,6,5,0,0,9,0.0
10,6,23,5,8,5,10,0,11,100.0
3,2,0,4,5,1,0,0,15,0.0
3,2,28,4,5,5,8,0,0,0.0
9,2,0,5,6,3,0,20002,17,112.0
3,2,23,4,5,5,8,0,6,51.0
3,0,74,5,2,5,3,22515,19,62.0
3,1,25,5,0,3,0,0,9,0.0
3,2,0,4,5,5,0,0,20,0.0
3,2,0,5,6,5,5,21658,1,0.0
3,2,0,4,6,5,2,0,22,0.0
3,0,0,5,3,1,10,0,0,353.0
10,1,69,3,3,5,10,21954,17,385.0
3,1,32,5,5,3,10,0,16,0.0
3,2,0,5,5,5,0,22350,20,12.0
3,4,35,5,2,2,10,21651,2,250.0
3,0,0,4,3,5,10,0,11,0.0
9,1,52,5,0,1,0,21453,12,0.0
3,2,0,5,5,5,0,21703,15,0.0
0,1,48,5,7,1,0,0,11,28.0
3,2,0,5,5,5,1,22350,16,0.0
9,2,0,4,3,5,10,0,7,0.0
3,1,37,4,3,5,1,0,7,0.0
9,7,31,5,6,3,2,22107,19,200.0
3,1,16,5,5,2,0,0,19,0.0
3,1,61,5,1,5,10,0,16,103.0
9,2,29,5,5,3,0,22350,10,105.0
3,1,43,5,5,1,8,0,16,72.0
3,1,47,4,5,2,8,0,9,0.0
3,0,0,4,5,5,10,0,17,51.0
3,2,0,5,3,2,10,22107,3,0.0
3,0,0,5,6,2,10,0,1,88.0
10,1,78,5,8,5,0,0,19,0.0
3,1,33,5,5,2,0,22350,7,0.0
3,1,46,5,6,1,10,0,18,513.0
10,2,25,4,3,5,0,0,20,0.0
3,1,24,5,5,1,0,0,18,0.0
18,2,0,4,5,5,0,0,20,1320.0
3,7,60,5,2,2,10,22107,0,72.0
3,2,23,5,3,3,0,22350,1,547.0
3,2,0,5,5,2,0,0,23,56.0
3,0,0,4,6,5,10,0,21,51.0
3,0,0,5,3,2,10,0,17,0.0
3,2,0,5,5,5,0,22350,16,0.0
0,1,15,0,7,5,0,21650,20,0.0
3,1,53,5,5,1,8,0,17,0.0
3,6,0,6,3,5,1,21453,19,0.0
3,0,0,5,3,2,10,0,9,0.0
3,1,29,0,7,5,10,0,10,0.0
3,1,23,5,7,5,0,22350,15,200.0
18,2,0,6,5,5,8,0,23,54.0
3,0,0,5,1,2,10,0,18,36.0
3,1,28,5,8,5,0,21950,18,0.0
3,0,0,5,3,3,10,0,0,0.0
3,1,23,3,3,5,0,0,16,465.0
3,1,23,4,7,1,1,0,9,0.0
3,1,52,5,5,1,8,0,19,0.0
3,0,0,5,0,2,10,0,21,100.0
3,1,63,5,3,5,1,22350,18,70.0
3,1,28,3,3,1,0,0,16,380.0
3,0,0,4,6,5,10,0,13,0.0
9,1,37,5,6,3,0,0,10,0.0
3,0,0,5,6,2,10,0,22,275.0
3,1,63,0,3,1,1,0,19,0.0
3,2,0,4,6,5,2,0,13,0.0
3,1,81,5,6,3,0,21650,12,12.0
3,2,0,4,3,5,1,0,21,0.0
10,7,47,3,8,5,10,21954,20,0.0
9,1,47,4,0,1,0,0,12,0.0
9,2,0,4,6,5,2,0,5,0.0
3,0,0,5,5,2,10,0,20,36.0
3,1,21,5,0,4,0,21453,9,0.0
3,1,27,5,3,1,1,0,15,0.0
3,2,32,5,5,2,0,0,17,133.0
3,1,27,5,0,2,0,22350,0,200.0
3,0,0,4,3,1,10,0,23,15.0
3,6,0,5,3,2,2,22107,23,0.0
3,2,0,5,5,5,0,22350,8,20.0
3,1,29,5,1,1,0,22350,20,910.0
9,0,0,4,3,1,10,0,0,100.0
3,2,50,5,3,5,8,0,18,0.0
3,2,0,5,0,5,0,21453,21,0.0
3,1,41,5,5,1,8,0,8,240.0
3,2,33,4,5,2,0,0,16,0.0
3,1,67,4,0,5,0,21800,11,0.0
3,1,49,5,5,2,0,22100,12,0.0
0,1,36,5,7,1,2,0,19,42.0
3,2,24,4,5,5,0,22350,17,50.0
9,1,53,5,1,2,0,0,4,0.0
3,2,0,5,6,5,2,22101,14,0.0
3,2,0,5,6,3,0,22350,0,206.0
3,0,0,4,0,5,10,0,14,229.0
9,1,56,5,5,2,0,22350,11,24.0
10,1,45,5,8,5,0,0,10,0.0
3,2,0,5,5,2,0,22350,18,200.0
18,2,0,4,6,5,0,0,6,51.0
3,1,50,5,2,3,10,22107,19,284.0
3,1,47,5,5,5,10,0,7,0.0
3,2,0,5,3,5,0,22350,11,0.0
3,2,0,5,5,5,0,22350,19,0.0
3,2,29,4,5,5,8,0,11,0.0
1,2,45,5,0,5,0,0,11,0.0
3,1,16,5,0,2,0,0,17,0.0
3,0,31,5,6,2,0,0,18,0.0
3,2,0,5,5,1,0,22350,21,15.0
10,2,0,4,3,5,0,0,16,12.0
3,1,28,0,7,5,10,0,14,120.0
3,1,32,5,0,5,2,22450,7,0.0
3,0,0,4,3,5,10,0,23,0.0
3,2,0,5,2,2,0,21453,22,0.0
3,1,27,5,0,2,0,0,8,45.0
3,2,51,5,3,5,1,21703,9,0.0
9,2,0,4,5,5,0,0,14,75.0
3,2,0,5,5,1,0,22350,18,50.0
3,1,63,5,0,3,2,0,18,0.0
3,0,0,4,2,1,10,0,5,0.0
0,1,58,5,7,5,0,0,17,245.0
3,1,25,5,5,2,8,0,19,364.0
3,2,31,5,0,3,0,0,12,0.0
6,2,0,5,0,1,8,0,8,170.0
3,2,47,4,6,2,0,0,12,0.0
9,2,0,5,2,5,3,22106,21,0.0
10,2,40,4,3,5,10,0,10,0.0
3,2,0,5,5,5,0,22350,17,500.0
9,0,35,4,6,5,10,0,12,51.0
3,1,38,0,3,5,1,0,7,0.0
3,1,24,5,0,2,0,0,15,0.0
1,1,62,5,0,1,8,0,19,355.0
3,2,0,5,3,2,2,21801,11,0.0
3,2,35,5,5,1,8,0,17,0.0
3,2,56,4,0,3,0,0,8,0.0
3,3,71,5,5,1,0,22350,9,180.0
3,1,50,5,5,3,8,0,19,300.0
3,1,72,5,5,3,5,22107,20,118.0
3,2,0,5,3,3,10,22107,0,0.0
3,1,37,5,5,3,0,22350,12,0.0
3,2,0,4,5,5,2,0,2,0.0
9,0,0,4,3,5,10,0,1,0.0
3,0,0,4,6,5,10,0,20,240.0
9,1,36,5,0,2,0,21453,18,0.0
3,1,86,5,1,3,2,21453,13,0.0
3,6,22,5,5,1,8,0,19,46.0
3,1,26,5,5,1,8,0,16,0.0
3,0,0,5,5,2,10,0,9,218.0
3,2,36,4,5,5,8,0,8,0.0
3,1,20,5,6,1,2,22107,7,110.0
3,0,0,5,5,3,10,0,23,375.0
3,1,29,5,1,2,0,0,19,0.0
3,0,0,4,3,5,10,0,23,0.0
3,2,0,5,5,5,0,20002,22,0.0
3,0,0,5,5,1,10,0,22,60.0
3,1,45,5,0,1,0,0,7,0.0
9,1,25,5,5,1,0,0,11,0.0
3,7,56,5,0,2,0,21453,17,0.0
3,1,64,0,3,2,0,0,15,245.0
3,2,55,5,1,3,2,0,15,0.0
3,2,0,5,1,5,2,22350,8,125.0
3,2,0,4,6,5,5,0,14,0.0
3,2,0,4,5,5,0,0,18,0.0
3,2,42,4,5,5,8,0,22,5.0
3,1,26,5,0,3,0,22350,18,0.0
3,0,0,4,6,5,10,0,16,51.0
3,1,50,3,8,1,0,0,17,93.0
1,1,39,5,5,5,0,22350,10,39.0
3,6,0,5,1,5,1,22350,20,200.0
3,0,0,5,3,2,10,0,2,337.0
3,2,0,5,2,5,0,22350,15,150.0
3,1,31,5,0,2,3,22106,18,0.0
3,2,38,4,5,5,8,0,17,0.0
3,2,24,4,5,5,0,0,22,0.0
6,1,0,5,1,1,0,0,9,0.0
3,2,0,4,5,5,0,0,19,51.0
3,1,51,5,6,1,8,0,21,20.0
3,2,41,4,3,5,0,0,8,0.0
3,2,0,5,6,1,10,0,12,0.0
18,2,0,4,6,5,10,0,0,80.0
6,1,34,5,0,2,0,0,8,0.0
3,1,48,5,0,3,2,21451,19,0.0
3,0,0,4,5,5,10,0,10,0.0
3,0,0,5,0,1,10,0,13,400.0
3,1,28,5,5,3,0,22350,15,50.0
3,1,71,5,0,3,0,0,15,0.0
3,0,0,4,6,5,10,0,11,0.0
3,7,31,5,1,1,0,22100,18,257.0
3,1,43,5,0,3,0,0,8,0.0
3,2,0,4,0,5,10,0,16,51.0
9,2,0,4,5,2,0,0,8,0.0
10,1,88,4,3,5,0,0,9,0.0
3,2,0,5,5,5,0,22350,17,0.0
3,1,78,5,1,1,0,0,22,0.0
3,2,0,5,3,3,0,22350,23,390.0
3,2,0,5,5,5,0,22350,17,30.0
9,1,37,5,0,1,0,0,17,155.0
3,2,17,4,5,1,8,0,18,24.0
3,1,72,5,1,3,2,0,18,0.0
9,2,0,5,7,5,0,22350,17,0.0
9,1,60,5,0,1,0,0,16,0.0
3,2,0,5,3,5,10,21755,15,150.0
3,0,0,4,6,5,10,0,22,410.0
3,2,0,4,5,5,8,0,17,0.0
3,2,31,4,5,5,8,0,10,0.0
3,1,60,5,5,1,10,0,16,120.0
3,0,0,5,2,5,10,0,3,305.0
3,1,47,5,5,2,0,22350,16,0.0
3,2,61,4,6,5,10,0,8,50.0
3,2,42,5,3,5,10,0,3,30.0
3,1,66,5,1,2,0,0,20,100.0
3,2,24,5,2,1,0,22350,17,75.0
8,1,39,5,6,1,0,0,12,0.0
9,2,0,4,6,5,10,0,0,170.0
9,0,0,5,0,2,10,0,4,0.0
3,2,27,5,0,5,0,0,17,0.0
3,1,90,5,0,1,0,0,17,198.0
3,1,57,4,3,3,10,0,15,165.0
9,1,51,5,5,1,8,0,19,161.0
3,1,21,5,3,3,0,22350,23,356.0
3,1,75,5,5,1,0,0,13,0.0
3,2,40,4,6,5,0,0,16,0.0
9,1,63,5,0,3,0,0,12,0.0
3,0,0,4,2,5,10,0,11,51.0
3,7,25,5,5,3,0,22350,13,64.0
3,1,0,5,6,5,8,0,2,0.0
3,1,18,5,3,2,3,22106,15,145.0
3,2,0,4,3,5,10,21804,16,0.0
9,2,0,4,5,5,10,0,19,51.0
3,1,53,5,0,5,8,0,8,0.0
3,1,59,5,0,2,2,0,17,0.0
3,2,42,4,6,5,8,0,8,158.0
3,2,48,5,5,3,1,22100,19,0.0
13,0,0,5,2,5,10,0,2,485.0
3,1,23,5,3,5,0,22350,1,0.0
3,2,0,4,5,5,0,0,13,0.0
3,1,49,5,5,1,8,0,22,45.0
9,1,50,5,0,3,0,0,2,230.0
3,2,43,5,1,3,0,21453,21,0.0
3,0,0,4,6,5,10,0,9,245.0
3,0,0,5,6,1,10,0,19,176.0
3,1,63,4,5,5,10,0,12,150.0
3,2,41,4,0,5,0,0,6,95.0
0,1,23,5,3,5,10,21650,17,0.0
10,2,32,4,3,5,0,0,8,0.0
3,1,64,4,5,5,0,22350,13,0.0
6,0,0,5,3,2,10,0,0,0.0
3,0,0,4,6,5,10,0,10,0.0
3,0,0,4,3,5,10,0,10,100.0
3,0,0,5,3,2,10,0,3,0.0
3,2,40,5,6,1,1,12500,18,0.0
6,1,0,5,0,2,0,0,0,0.0
9,1,62,4,6,5,0,22350,18,0.0
3,1,17,4,3,5,3,0,16,300.0
2,1,44,5,5,1,0,0,7,0.0
3,1,42,5,3,5,1,22107,10,0.0
3,7,31,5,1,2,10,21650,22,65.0
3,2,0,5,0,5,0,21453,13,0.0
3,6,0,5,5,1,0,0,4,0.0
3,2,42,5,1,2,8,0,9,35.0
18,0,0,5,6,1,10,0,23,0.0
3,2,18,5,0,3,0,0,22,23.0
3,2,80,4,6,5,0,0,13,262.0
3,0,0,5,6,1,10,0,9,476.0
3,2,0,5,2,3,0,22350,14,596.0
6,1,0,5,5,1,3,0,19,465.0
3,7,43,5,5,3,0,22350,20,0.0
18,2,0,5,0,5,0,20002,5,0.0
8,2,0,5,0,3,0,21453,18,0.0
3,2,0,4,0,5,8,0,8,0.0
3,0,0,4,2,5,10,0,17,60.0
18,2,0,5,5,5,0,22350,0,0.0
3,1,37,5,0,2,10,21804,7,0.0
1,5,57,4,7,5,0,0,9,51.0
3,2,0,5,2,3,0,20002,0,315.0
3,0,0,5,5,3,8,0,17,30.0
3,0,0,5,3,3,10,0,8,141.0
18,2,0,4,3,5,10,0,0,0.0
1,1,48,5,0,1,8,0,12,180.0
3,7,82,5,3,3,0,22350,15,0.0
3,2,45,5,6,2,10,21801,15,0.0
9,1,61,1,0,1,1,22107,9,208.0
3,1,47,5,5,2,8,0,16,0.0
3,0,0,5,0,1,10,0,8,0.0
3,1,50,5,5,1,8,0,16,100.0
3,1,42,5,3,3,0,22107,15,15.0
3,1,52,5,0,3,0,21453,8,0.0
3,1,31,4,5,5,0,22107,15,0.0
3,1,40,5,5,1,0,22350,7,0.0
3,2,0,5,6,5,0,22350,7,0.0
3,1,50,5,5,2,8,0,7,0.0
3,2,0,4,3,5,10,0,19,0.0
3,2,0,5,8,5,0,21950,17,51.0
3,1,38,5,5,1,8,0,17,250.0
3,1,72,4,0,5,0,12500,16,0.0
3,2,0,4,8,5,10,0,14,0.0
3,0,0,5,5,2,10,0,7,420.0
3,2,0,5,6,2,0,21804,13,30.0
3,1,52,5,0,2,0,0,11,0.0
3,2,0,4,3,5,3,0,20,0.0
3,2,0,5,5,5,0,20002,22,170.0
3,2,0,5,1,3,1,22350,6,762.0
3,1,66,0,7,1,0,0,16,0.0
3,1,89,4,3,5,10,21650,8,0.0
3,2,17,5,5,5,8,0,18,0.0
3,1,21,5,0,2,10,21804,15,22.0
3,2,0,5,5,5,0,22350,17,0.0
3,1,48,5,5,5,8,0,16,0.0
17,0,0,5,4,5,10,0,17,868.0
3,1,51,5,5,1,8,0,18,215.0
9,1,61,5,0,3,8,0,8,0.0