PartyType_Code,Sobriety_Code,Age,PrimaryCollisionFactor_Code,CollisionType_Code,VehicleDamage_Code,MovementPrecedingCollision_Code,ViolationCode,CrashTime,Distance
3,2,27,5,8,5,2,21801,12,0.0
3,2,52,4,3,5,1,0,17,0.0
0,2,9,4,3,5,9,0,19,150.0
3,2,72,5,0,5,0,21950,16,0.0
3,0,0,5,5,2,10,0,20,26.0
9,0,0,5,5,1,10,0,7,0.0
3,2,0,5,6,5,1,22350,19,0.0
10,2,16,5,0,5,10,0,8,0.0
3,2,61,4,5,5,8,0,6,0.0
3,1,18,5,5,5,0,0,20,20.0
9,1,25,5,5,1,0,22350,23,120.0
3,2,0,4,5,5,0,22350,17,189.0
3,0,0,5,3,3,10,0,22,0.0
3,1,55,5,6,1,0,0,8,0.0
3,1,58,5,0,4,0,0,15,0.0
3,0,0,4,3,5,10,0,1,0.0
3,1,50,5,0,2,0,21453,17,0.0
3,1,41,5,0,3,0,0,13,0.0
3,1,22,5,5,1,1,22350,13,0.0
8,2,19,5,3,1,0,22350,22,0.0
9,1,48,5,0,2,0,0,21,0.0
3,1,33,4,0,5,0,0,12,0.0
9,0,0,5,6,2,10,0,10,450.0
3,1,36,3,8,5,0,0,18,0.0
3,2,0,5,0,3,0,22350,2,95.0
10,1,62,5,3,5,10,0,6,0.0
3,1,56,5,0,2,0,0,19,0.0
3,2,23,3,3,1,0,0,14,80.0
3,2,27,4,5,5,8,0,14,0.0
3,1,42,5,3,1,1,21755,8,6.0
9,7,57,5,6,2,0,23152,19,0.0
17,1,59,5,5,1,8,0,8,90.0
3,1,28,5,3,2,10,21755,9,0.0
3,2,19,5,0,2,10,21703,18,0.0
3,2,0,5,4,3,0,22350,6,280.0
3,7,20,5,1,2,0,22350,23,0.0
6,0,0,5,5,1,10,0,15,127.0
3,1,30,5,5,2,8,0,20,0.0
3,1,32,4,5,1,8,0,6,100.0
3,7,52,5,2,3,10,23152,11,0.0
0,2,69,5,0,5,0,0,17,0.0
3,2,24,4,5,5,8,0,10,0.0
3,0,0,4,6,5,10,0,8,51.0
3,1,20,5,2,3,0,22350,19,475.0
0,1,45,5,7,5,0,0,11,250.0
3,1,18,5,2,3,5,22107,13,30.0
9,1,47,5,5,2,0,22350,8,45.0
0,1,47,5,3,5,0,0,23,120.0
3,1,54,5,0,3,0,0,15,0.0
3,7,29,5,2,3,10,22350,0,75.0
3,1,46,5,6,2,0,0,1,32.0
3,1,31,5,5,2,0,21703,12,90.0
18,1,49,5,0,2,0,0,22,400.0
18,2,0,4,3,5,10,0,16,51.0
3,2,28,4,5,5,8,0,18,51.0
3,2,59,0,7,1,1,0,12,107.0
9,0,0,5,3,3,10,0,0,247.0
3,2,22,4,6,5,2,0,6,100.0
3,2,0,5,7,5,2,21453,19,0.0
3,7,17,5,2,3,0,23152,21,120.0
10,2,32,5,3,5,0,0,8,0.0
3,0,0,4,6,1,10,0,20,98.0
3,1,53,5,5,5,8,0,11,25.0
9,1,62,5,8,5,1,21453,8,0.0
3,2,0,4,5,5,0,0,14,0.0
3,2,20,5,0,1,1,22107,18,0.0
3,2,27,4,5,2,8,0,14,0.0
3,2,69,4,5,5,2,0,16,0.0
17,0,0,5,1,5,10,0,5,0.0
3,1,48,5,5,1,10,0,18,0.0
3,1,29,5,0,3,0,0,19,80.0
3,1,20,5,5,5,0,21703,17,0.0
3,7,39,5,3,3,0,23152,1,34.0
3,1,17,5,3,3,2,22350,19,70.0
3,1,71,5,0,2,0,0,14,0.0
3,2,31,5,0,3,2,22107,20,0.0
3,0,0,5,3,5,10,0,20,100.0
3,1,56,5,6,1,0,0,20,318.0
3,2,49,5,6,2,2,0,16,51.0
3,1,87,5,0,2,10,21804,15,0.0
18,2,0,5,6,5,10,22350,15,170.0
8,1,20,5,6,2,10,22107,17,19.0
3,1,48,5,0,2,0,22350,7,0.0
3,0,0,5,5,2,10,0,1,240.0
3,1,54,5,1,5,0,0,18,0.0
3,1,28,5,3,1,1,22100,20,0.0
3,0,0,4,3,5,10,0,22,0.0
3,1,76,5,0,1,2,21801,12,10.0
9,2,44,5,5,1,0,21703,17,0.0
3,0,0,5,3,1,10,0,20,60.0
3,1,24,0,7,5,0,0,23,0.0
3,1,34,5,3,1,0,0,9,0.0
3,2,50,5,3,5,0,0,18,0.0
3,1,25,5,5,5,8,0,1,18.0
3,1,66,5,5,1,8,0,17,0.0
3,1,51,1,5,1,10,21209,15,0.0
3,2,0,5,6,5,0,20002,8,0.0
3,2,26,4,5,5,8,0,18,50.0
3,0,0,5,1,3,10,0,23,44.0
3,2,0,5,2,1,2,22107,6,150.0
3,1,47,5,5,1,5,22107,20,0.0
3,2,0,5,3,5,8,0,16,290.0
3,2,61,5,0,3,0,0,11,0.0
3,0,23,5,5,1,10,0,23,297.0
3,1,54,5,6,3,2,21801,9,0.0
9,1,52,5,0,1,3,22106,14,60.0
3,2,60,5,5,1,8,0,17,0.0
18,2,0,5,3,5,3,22106,10,96.0
3,0,27,5,6,1,10,0,10,300.0
3,7,26,5,1,3,2,23109,17,20.0
18,2,0,4,6,5,10,0,9,0.0
3,2,0,5,6,5,0,22350,0,158.0
3,1,25,5,0,3,0,22350,13,0.0
3,1,59,5,5,5,0,0,16,610.0
8,1,27,5,4,1,10,22350,21,150.0
3,0,0,4,3,5,10,0,13,0.0
3,1,31,4,3,5,2,22107,8,0.0
3,7,28,5,5,2,10,22107,5,612.0
3,1,32,5,5,1,0,22350,16,0.0
9,0,33,5,6,5,10,0,22,241.0
6,1,38,5,5,1,2,0,18,0.0
3,2,0,4,3,5,10,0,11,0.0
10,1,87,3,2,5,10,21956,18,478.0
3,1,31,5,6,2,2,0,13,430.0
3,6,34,5,6,1,2,21801,20,0.0
3,1,32,5,5,2,0,22107,18,120.0
3,2,77,4,5,5,8,0,14,0.0
10,2,21,5,8,5,0,0,19,0.0
9,1,42,5,0,1,2,0,21,0.0
9,2,45,4,0,5,0,0,15,51.0
3,7,23,5,5,3,0,23152,2,74.0
10,1,44,5,8,5,0,0,13,39.0
3,1,43,5,5,3,0,22107,22,78.0
3,2,0,5,5,3,10,22107,1,20.0
3,1,60,5,3,5,0,0,6,0.0
3,1,27,5,1,2,2,22107,5,0.0
3,2,47,5,5,2,8,0,16,0.0
3,2,55,4,6,5,2,0,5,0.0
9,2,0,4,5,5,10,0,12,51.0
3,1,61,4,0,3,0,0,10,0.0
3,1,35,5,3,1,10,21804,14,0.0
3,2,0,5,2,2,0,22350,4,292.0
3,0,0,4,3,2,10,0,4,0.0
18,2,45,5,5,1,8,0,18,177.0
3,2,0,5,2,3,10,22107,7,16.0
18,2,0,5,3,5,0,20002,18,90.0
3,1,47,3,8,5,0,0,8,100.0
0,1,54,4,3,5,0,0,9,0.0
9,1,35,5,5,2,0,0,22,48.0
3,2,17,5,0,5,0,0,7,0.0
3,2,45,0,7,5,1,0,9,0.0
3,2,18,5,2,3,0,0,22,0.0
3,2,89,5,5,5,0,22350,12,0.0
3,0,0,5,3,5,10,0,19,80.0
0,1,29,0,7,5,0,21804,17,112.0
3,2,0,5,0,2,0,22450,3,0.0
3,0,0,5,6,1,10,0,8,90.0
3,2,43,4,7,1,1,0,9,0.0
3,1,48,5,5,1,10,0,22,10.0
3,1,29,5,6,5,0,0,18,30.0
3,1,59,3,8,5,2,0,7,38.0
3,0,0,5,6,3,10,0,18,111.0
9,1,44,4,5,1,8,0,18,0.0
3,0,0,5,6,3,10,0,1,0.0
3,2,65,4,0,5,8,0,11,0.0
0,1,15,5,3,5,10,0,18,760.0
3,1,49,5,6,5,5,21658,13,80.0
3,2,0,5,6,1,0,22350,16,435.0
3,2,40,5,1,1,0,0,23,51.0
3,0,0,5,3,3,10,0,14,130.0
0,2,63,5,7,5,0,0,7,0.0
3,1,29,5,3,1,5,0,15,0.0
3,1,45,5,0,1,0,0,8,100.0
3,1,53,4,1,5,0,0,17,20.0
3,2,48,4,1,5,8,0,5,0.0
3,2,0,4,5,5,10,0,22,0.0
3,0,52,5,1,3,10,0,2,30.0
3,0,0,4,3,5,10,0,14,51.0
3,2,0,4,3,5,10,0,8,0.0
9,0,0,5,6,2,10,0,14,51.0
3,2,0,4,0,5,0,0,6,433.0
3,1,25,5,1,2,0,0,22,100.0
3,2,64,4,1,5,8,0,15,0.0
18,2,0,4,5,5,10,0,14,70.0
3,1,27,4,3,5,2,22107,23,0.0
0,1,43,5,3,1,0,0,11,0.0
3,0,0,5,1,5,10,0,0,156.0
9,1,48,5,0,2,0,21453,20,0.0
3,1,42,5,5,3,0,22350,19,138.0
0,1,29,0,7,5,0,21200,10,61.0
3,1,60,5,1,1,0,0,11,30.0
3,1,35,5,2,3,0,21658,16,278.0
3,2,0,5,5,2,0,21703,1,30.0
3,0,0,5,6,1,10,0,7,140.0
3,2,0,5,0,2,0,0,23,0.0
3,2,43,4,3,5,1,0,20,0.0
3,0,0,4,5,2,10,0,7,189.0
3,1,22,5,5,1,0,0,19,0.0
3,2,28,4,5,5,5,0,13,0.0
3,0,0,5,3,1,10,0,4,0.0
0,1,43,5,3,5,0,0,13,530.0
9,0,0,5,6,1,10,0,20,40.0
3,2,57,4,6,5,8,0,8,0.0
9,1,36,5,0,5,0,0,18,0.0
9,0,0,5,3,1,10,0,13,0.0
3,1,35,4,7,1,0,0,21,0.0
3,2,0,4,0,5,0,0,17,0.0
3,2,23,5,0,2,0,0,9,0.0
18,2,0,4,5,5,0,0,11,0.0
18,2,0,5,3,5,1,0,13,0.0
3,2,0,5,6,5,0,20002,9,0.0
3,1,34,5,0,2,10,21804,15,600.0
3,7,37,5,0,2,0,23153,20,0.0
3,0,0,3,8,5,10,0,15,0.0
0,2,16,5,7,5,0,0,13,0.0
3,0,22,5,5,3,0,22350,16,300.0
10,2,0,4,8,5,10,0,0,0.0
3,2,0,5,3,3,0,22350,19,0.0
3,2,0,4,6,5,0,0,16,51.0
0,1,35,4,3,5,0,0,19,0.0
3,1,25,5,1,2,2,22107,2,40.0
3,1,75,5,5,1,8,0,15,100.0
3,2,0,4,3,5,0,0,7,0.0
3,1,0,4,5,5,2,0,11,0.0
3,1,47,5,2,2,0,0,11,0.0
3,1,73,4,1,5,1,0,9,41.0
9,2,26,4,0,5,2,0,15,0.0
3,0,0,5,0,2,10,0,13,100.0
3,0,0,4,3,5,10,0,22,0.0
3,2,38,4,5,5,8,0,18,51.0
10,2,64,3,8,5,10,21954,19,0.0
3,7,19,5,0,3,0,23152,2,0.0
14,1,29,3,3,5,10,21956,16,5.0
3,0,0,5,3,1,10,0,18,0.0
3,0,0,4,2,5,10,0,12,0.0
3,0,0,5,0,2,10,0,7,144.0
18,2,0,4,3,5,10,0,5,199.0
0,1,62,5,5,5,0,0,15,0.0
3,2,0,5,6,2,0,22350,17,156.0
3,2,26,5,1,1,0,0,22,15.0
9,0,0,5,3,1,10,0,5,63.0
3,2,40,5,6,1,8,0,12,0.0
3,2,24,5,0,3,10,22450,17,0.0
3,1,30,5,5,1,10,0,9,22.0
9,1,76,5,5,1,0,22350,18,0.0
3,1,68,4,0,3,2,21801,12,0.0
3,2,0,5,5,5,0,22350,2,7.0
9,2,0,4,3,1,0,0,16,0.0
10,1,10,5,3,5,8,22109,14,0.0
3,0,0,5,3,5,10,0,7,290.0
3,2,0,4,3,5,0,0,18,0.0
0,1,11,5,7,1,10,0,19,0.0
3,1,34,5,5,1,10,0,8,134.0
9,1,23,5,6,5,0,21658,14,100.0
3,2,25,4,5,5,0,0,14,0.0
3,2,22,5,0,2,0,0,17,0.0
18,2,19,5,5,5,0,21453,17,0.0
3,1,65,5,0,2,1,22107,13,70.0
3,2,60,4,6,5,0,0,10,51.0
3,2,70,4,0,5,0,0,16,0.0
3,2,23,5,3,5,2,21950,10,0.0
18,1,29,5,2,1,1,22107,3,40.0
3,1,60,5,0,2,0,21453,10,0.0
9,0,0,5,3,5,10,0,1,205.0
3,0,0,5,3,2,10,0,7,420.0
9,2,19,4,5,5,0,0,20,0.0
3,1,29,5,6,1,0,0,18,0.0
3,0,0,5,0,5,10,0,8,115.0
3,2,0,5,6,5,2,22107,7,0.0
18,2,0,4,3,5,10,0,22,780.0
3,1,50,5,0,1,2,22107,17,0.0
3,2,44,5,1,3,0,0,15,0.0
3,2,32,4,6,5,0,0,18,51.0
3,1,59,5,6,2,8,22450,7,0.0
3,2,20,4,6,5,0,0,16,0.0
3,1,38,0,3,2,0,0,16,100.0
3,1,32,5,0,2,0,0,15,0.0
3,1,19,5,3,2,2,22107,14,20.0
3,2,23,4,3,5,3,0,23,0.0
3,2,28,4,5,5,8,0,11,51.0
3,1,83,5,3,5,10,22103,12,75.0
9,7,29,5,5,2,0,23152,19,0.0
9,2,0,5,0,2,0,22450,10,0.0
3,7,47,5,5,3,0,22350,23,0.0
3,1,20,5,3,5,10,22350,23,0.0
3,2,25,5,3,3,10,22107,1,44.0
3,2,43,5,0,2,0,0,7,0.0
3,2,0,5,3,5,10,0,16,0.0
18,0,0,5,5,1,10,0,0,70.0
9,0,0,5,5,5,10,0,9,247.0
0,1,17,5,7,5,0,0,14,273.0
3,1,50,5,5,2,10,0,8,20.0
18,2,0,5,6,5,0,21658,16,123.0
9,1,72,5,0,2,0,22350,13,0.0
3,1,35,6,1,2,2,0,8,0.0
3,2,0,4,6,5,2,0,22,0.0
3,1,47,5,0,3,0,0,0,0.0
3,1,38,5,0,5,0,0,13,0.0
3,0,0,5,5,2,10,0,19,250.0
3,2,38,5,5,1,0,0,8,120.0
3,1,51,5,1,2,0,0,17,0.0
3,1,26,5,0,4,0,21453,7,0.0
3,1,38,5,1,3,0,22107,10,0.0
10,2,27,5,3,5,0,0,19,0.0
3,1,34,5,5,5,8,0,15,12.0
3,1,28,4,3,5,8,0,19,0.0
3,2,77,5,6,3,3,0,10,80.0
3,1,21,5,2,2,0,22350,22,0.0
8,1,23,5,2,2,0,21703,21,222.0
10,2,18,5,8,5,0,0,10,0.0
3,0,0,5,6,3,10,0,13,120.0
0,1,13,4,3,5,10,0,17,0.0
3,2,52,5,5,1,0,22350,11,20.0
3,1,77,5,5,2,10,22107,18,0.0
3,1,20,5,0,3,0,21453,19,0.0
9,0,0,5,6,2,10,0,18,243.0
9,7,27,5,3,3,10,23152,20,165.0
3,2,0,5,0,2,10,21804,11,121.0
3,2,32,5,6,5,0,0,17,0.0
3,0,0,5,3,5,10,0,5,10.0
3,7,27,5,5,3,8,22350,0,0.0
3,1,48,5,0,5,2,21801,16,320.0
3,1,0,4,2,5,10,0,12,255.0
9,2,0,5,2,5,0,20002,18,450.0
9,2,43,4,3,5,1,0,19,0.0
3,1,53,5,5,3,8,0,16,225.0
3,1,43,5,3,1,10,22107,16,21.0
3,2,0,5,0,5,4,22107,11,100.0
3,1,61,5,0,2,2,21801,15,0.0
9,2,42,5,0,1,0,0,9,0.0
3,2,22,4,5,5,1,0,1,0.0
3,8,44,5,5,1,0,23152,21,150.0
3,2,24,5,3,5,1,21950,15,0.0
3,1,30,5,6,5,10,22106,16,51.0
3,0,0,5,6,2,10,0,20,20.0
8,2,0,4,3,5,1,0,0,0.0
3,2,60,4,5,3,0,0,13,275.0
10,2,12,5,8,5,10,0,8,0.0
3,1,22,5,6,3,0,0,13,0.0
0,1,63,5,3,5,0,0,17,0.0
3,1,50,5,5,1,0,0,21,0.0
3,1,29,5,5,1,0,22350,20,0.0
3,1,38,5,1,1,0,0,9,0.0
3,0,0,5,3,3,10,0,3,130.0
3,1,33,5,1,3,0,0,15,0.0
3,0,0,5,3,2,10,0,22,107.0
3,1,26,5,6,1,10,22107,22,0.0
10,1,89,5,3,5,0,0,16,0.0
18,2,0,4,5,5,0,0,18,0.0
8,1,46,5,3,1,0,22350,16,0.0
3,2,32,5,5,1,8,0,16,75.0
3,1,85,5,0,2,0,21800,10,0.0
3,2,0,4,3,5,10,0,20,51.0
3,1,40,5,5,2,0,22350,15,56.0
3,1,23,5,0,3,0,21802,22,0.0
6,1,38,5,5,1,8,0,16,0.0
3,1,56,5,6,2,0,0,6,96.0
3,0,0,5,5,1,10,0,19,0.0
3,1,27,5,0,2,0,0,13,0.0
3,2,37,4,5,5,1,0,16,0.0
18,2,0,4,5,5,1,0,17,210.0
3,0,0,4,3,3,10,0,23,42.0
3,1,23,6,0,3,0,22350,7,0.0
18,2,0,4,5,5,1,0,17,51.0
9,1,19,5,5,2,0,0,19,120.0
3,1,43,5,8,5,1,21950,7,0.0
3,1,30,5,5,2,0,22350,17,160.0
3,5,30,5,6,3,0,1,0,127.0
3,1,83,5,5,1,0,21703,12,190.0
3,0,56,4,5,5,8,0,14,51.0
3,1,21,5,5,3,0,22350,15,0.0
3,0,41,5,1,2,10,0,10,51.0
1,1,58,5,1,1,10,0,14,0.0
0,1,26,0,7,5,10,21453,17,0.0
3,1,60,5,6,1,8,0,13,0.0
3,1,27,5,5,3,0,22350,15,0.0
3,6,0,4,3,3,10,22107,14,60.0
3,0,0,5,6,1,10,0,6,192.0
3,1,20,0,7,1,0,0,13,0.0
18,2,0,4,6,5,0,0,12,0.0
3,1,38,5,5,3,8,0,15,220.0
3,2,25,4,5,5,10,0,15,0.0
3,2,41,4,6,5,0,0,16,0.0
8,2,29,5,0,3,0,0,16,0.0
3,1,48,5,6,2,0,0,20,26.0
3,1,63,5,2,3,10,22350,9,55.0
3,1,31,5,0,2,0,22450,11,0.0
3,2,0,4,3,5,0,0,12,0.0
3,7,31,5,2,3,0,22350,0,205.0
3,1,63,5,5,5,0,22350,15,0.0
3,0,0,5,6,2,10,0,10,96.0
3,0,0,5,6,1,10,0,0,0.0
3,2,0,4,3,5,1,0,8,0.0
3,1,47,5,5,2,0,0,17,55.0
3,1,30,5,5,1,0,21703,18,300.0
9,0,0,4,6,5,10,0,18,0.0
18,2,0,5,3,5,2,22107,6,0.0
3,7,28,5,6,1,0,21658,1,85.0
3,0,18,4,0,5,10,0,8,51.0
3,1,19,5,5,5,8,0,18,0.0
9,0,0,5,3,1,10,0,9,267.0
3,1,39,5,1,1,0,0,20,910.0
3,1,47,5,5,1,8,0,22,43.0
10,2,71,4,8,5,0,0,16,0.0
3,2,0,5,6,3,10,0,19,318.0
3,0,0,4,3,5,10,0,19,140.0
3,1,65,5,1,5,2,0,18,0.0
3,2,18,5,5,3,0,22350,21,30.0
3,2,65,5,3,5,2,0,16,0.0
3,1,32,5,0,2,0,0,6,93.0
3,1,28,5,1,3,0,0,15,0.0
3,2,0,4,5,5,0,0,21,0.0
9,1,29,5,6,5,8,0,8,86.0
9,2,33,4,5,5,10,0,7,50.0
3,1,20,5,1,3,8,0,17,40.0
3,2,47,4,5,5,8,0,18,0.0
3,0,0,5,1,1,10,0,14,34.0
3,6,21,5,3,5,0,22350,5,455.0
3,2,30,4,5,5,8,0,19,0.0
3,2,23,4,6,5,2,0,8,0.0
3,1,46,5,0,2,2,0,13,0.0
3,2,82,5,5,5,0,0,11,0.0
3,1,26,5,5,1,8,0,15,0.0
3,1,66,5,5,2,0,0,7,150.0
3,0,0,4,5,3,10,0,1,180.0
3,6,0,5,1,3,10,21658,4,0.0
9,2,0,5,3,5,3,22350,10,120.0
9,2,41,5,0,2,0,21453,23,0.0
18,2,66,4,0,5,0,0,14,0.0
9,0,0,5,5,2,10,0,9,595.0
18,2,0,5,3,5,3,22106,0,0.0
3,1,49,3,8,5,0,0,19,0.0
9,0,0,5,5,2,10,0,3,55.0
3,0,0,5,6,1,10,0,3,206.0
0,2,47,5,3,5,0,0,10,0.0
3,1,24,5,3,5,2,0,11,0.0
9,1,27,5,5,1,0,22350,14,25.0
3,1,30,6,0,2,2,0,0,0.0
3,7,45,5,5,1,0,22350,21,40.0
3,0,33,5,5,3,10,0,2,415.0
18,6,0,5,3,2,1,22107,0,0.0
3,3,36,5,1,1,1,0,19,0.0
3,2,0,5,5,3,0,0,22,164.0
3,2,0,5,2,3,10,22350,21,0.0
3,2,0,5,5,1,8,0,16,481.0
3,1,56,5,1,3,0,0,8,0.0
3,5,23,5,6,1,1,22107,19,210.0
3,0,0,5,3,3,10,0,18,470.0
3,1,38,5,5,3,0,22350,15,75.0
18,2,0,5,6,5,0,22350,18,23.0
9,2,28,4,5,5,0,0,11,0.0
3,1,24,4,3,5,1,0,8,0.0
3,2,27,5,6,1,8,22500,13,586.0
3,2,0,5,3,3,10,22107,2,80.0
3,7,39,5,6,3,10,22350,7,90.0
3,2,0,4,3,5,3,0,14,0.0
3,1,20,5,0,3,0,0,21,0.0
3,2,53,4,3,5,8,0,9,0.0
3,1,33,5,5,1,8,0,7,0.0
9,0,0,5,3,3,10,0,7,160.0
3,0,0,5,6,2,10,0,23,265.0
3,2,41,5,5,5,10,22350,18,50.0
0,5,13,0,7,5,10,21200,18,0.0
3,1,41,5,5,1,8,0,14,0.0
3,2,0,4,3,5,3,0,14,51.0
3,2,0,4,5,5,0,0,7,0.0
3,0,0,5,6,2,10,0,18,134.0
10,1,16,4,8,5,10,0,7,0.0
9,1,51,5,5,5,0,0,18,0.0
3,7,27,5,4,4,10,22107,1,160.0
3,2,28,4,5,5,8,0,12,0.0
0,1,6,0,3,2,10,21202,4,0.0
3,1,28,5,5,2,8,0,20,35.0
0,1,47,0,7,5,0,21456,15,0.0
3,2,73,5,2,1,0,22350,12,0.0
0,2,0,0,3,2,0,21453,17,0.0
3,4,35,5,3,3,10,21650,20,156.0
3,1,23,5,5,1,8,0,15,0.0
9,0,0,5,0,1,10,0,0,0.0
3,1,36,4,5,2,2,0,15,0.0
3,2,0,5,5,5,0,22350,14,51.0
3,2,0,4,5,5,0,0,20,51.0
18,2,0,4,5,5,10,0,12,0.0
3,1,65,5,5,2,0,0,22,0.0
0,1,13,4,2,5,0,0,11,27.0
3,1,69,5,6,1,10,21804,16,120.0
3,2,0,5,0,5,0,21453,16,0.0
3,2,23,4,1,5,0,21800,11,0.0
10,2,0,4,3,5,10,0,7,0.0
3,2,20,4,1,5,2,0,18,0.0
3,2,0,4,6,5,0,0,21,54.0
3,1,31,5,0,2,0,0,10,0.0
3,1,23,4,5,5,8,0,13,0.0
3,1,70,4,5,3,0,0,11,147.0
18,2,0,5,5,5,0,22350,20,0.0
0,2,14,5,7,5,0,0,16,421.0
9,7,49,5,0,3,0,21453,11,0.0
3,2,32,4,5,5,8,0,13,51.0
3,0,0,5,6,1,10,0,20,323.0
3,0,0,5,3,2,10,0,23,70.0
3,2,0,5,2,1,10,23103,16,51.0
3,2,0,5,1,5,0,21651,1,95.0
3,0,0,5,6,5,10,0,5,0.0
3,7,28,5,1,3,1,22350,0,57.0
3,0,0,5,1,5,2,21802,10,0.0
3,2,0,4,6,5,5,0,18,50.0
3,2,0,5,6,5,5,22107,13,57.0
10,1,29,5,8,5,10,0,19,0.0
6,1,53,4,3,1,0,0,10,0.0
3,0,0,4,3,5,10,0,12,0.0
3,1,57,4,1,2,0,0,17,0.0
9,1,29,5,0,3,0,21453,19,0.0
3,1,65,3,8,5,0,0,5,0.0
3,2,21,4,0,3,2,0,22,0.0
3,5,52,5,0,3,2,0,10,0.0
3,1,51,5,5,5,0,21703,17,0.0
3,0,0,5,5,2,10,0,21,46.0
3,2,0,5,3,3,10,0,4,307.0
3,2,25,4,5,5,8,0,16,0.0
3,1,41,5,0,5,0,21453,5,0.0
3,2,49,5,5,1,1,0,9,0.0
3,1,24,5,6,1,0,21804,15,54.0
3,0,0,5,6,2,10,0,3,108.0
3,2,0,4,8,5,0,0,18,0.0
3,2,0,5,6,5,0,22107,22,45.0
3,1,61,5,0,3,0,0,14,0.0
3,2,0,4,6,5,2,0,11,51.0
6,1,53,5,0,1,0,0,18,0.0
3,1,21,5,3,5,3,22106,17,20.0
9,2,54,4,6,5,10,0,11,0.0
9,1,37,5,0,2,0,21453,19,0.0
3,0,0,5,3,2,10,0,2,360.0
3,1,33,5,0,3,0,0,0,0.0
3,1,37,5,6,1,10,21801,7,125.0
3,1,52,5,1,1,8,0,17,0.0
9,2,0,4,3,5,10,0,5,0.0
3,1,19,5,6,2,10,21804,12,133.0
3,0,0,4,3,5,10,0,3,51.0
3,0,0,5,3,1,10,0,11,300.0
3,2,31,5,0,2,3,21800,7,525.0
3,0,0,5,6,3,10,0,22,18.0
3,0,0,5,6,2,10,0,11,150.0
3,1,48,5,5,3,8,0,15,18.0
3,1,28,5,5,2,0,0,0,0.0
9,1,50,5,3,1,10,22350,1,180.0
3,0,0,4,3,5,10,0,2,0.0
3,2,0,5,1,3,0,22350,6,58.0
3,0,0,5,6,2,10,0,22,0.0
10,2,40,5,8,5,10,0,13,0.0
3,1,26,5,0,5,0,21453,10,0.0
8,1,33,5,3,3,10,22350,17,60.0
3,0,0,4,5,1,10,0,0,55.0
3,1,37,5,0,2,2,12500,16,0.0
3,0,0,5,6,1,10,0,7,0.0
3,2,69,5,6,1,0,22107,20,0.0
3,2,66,4,2,5,10,0,17,530.0
3,0,0,5,3,1,10,0,18,375.0
3,1,23,5,5,1,0,22350,19,14.0
8,2,26,5,0,3,0,0,13,0.0
3,0,0,5,3,5,10,0,22,84.0
3,1,0,5,0,1,0,22350,20,0.0
3,1,24,5,5,1,8,0,15,27.0
3,2,52,4,0,5,0,0,15,51.0
9,0,0,4,6,1,10,0,23,356.0
8,2,29,5,2,2,1,22350,14,0.0
3,1,23,5,5,1,0,0,11,0.0
8,1,30,5,3,5,1,0,9,48.0
18,2,0,4,6,5,10,0,13,51.0
9,2,32,5,3,2,10,23101,13,50.0
3,4,64,5,2,3,10,22350,1,330.0
3,1,48,5,6,5,8,0,17,75.0
3,2,36,4,5,5,0,0,17,0.0
9,0,0,5,1,2,10,0,17,395.0
3,0,0,5,3,1,10,0,11,120.0
3,0,0,5,1,3,10,0,1,0.0
3,1,34,5,0,2,2,0,20,0.0
3,2,43,4,6,5,10,0,10,0.0
3,2,67,4,7,5,0,0,19,24.0
3,1,61,5,1,5,10,0,19,500.0
3,2,26,5,3,1,1,21703,22,0.0
3,1,36,5,0,1,0,0,7,0.0
3,2,19,4,5,5,5,0,20,51.0
3,2,0,5,3,3,2,0,3,42.0
3,2,0,5,3,1,10,22350,20,0.0
3,0,0,5,3,3,10,0,4,200.0
0,2,51,5,3,1,2,0,22,0.0
3,1,28,5,5,1,10,0,8,300.0
3,2,0,5,5,5,0,22350,21,0.0
9,1,58,4,5,5,0,0,14,125.0
3,1,62,5,0,2,8,0,14,9.0
8,6,29,5,3,1,0,22350,1,94.0
3,0,0,5,5,2,10,0,19,48.0
3,1,29,5,1,2,0,0,21,0.0
3,1,28,5,0,3,10,0,2,30.0
3,1,37,5,5,5,0,22350,12,110.0
3,1,90,5,5,2,0,0,8,0.0
3,2,0,4,3,5,0,0,17,0.0
9,1,23,5,5,3,8,0,3,32.0
3,0,0,4,6,2,10,0,8,0.0
9,2,0,1,5,5,0,0,12,545.0
3,2,0,4,5,5,10,0,16,51.0
3,2,21,5,0,3,0,0,20,0.0
3,2,0,4,5,5,8,0,15,0.0
3,1,50,5,0,2,2,21802,11,0.0
3,0,0,5,3,5,10,0,0,70.0
3,1,24,4,0,2,2,0,23,0.0
3,2,31,5,1,2,2,0,17,0.0
8,1,43,5,6,3,0,0,12,0.0
11,1,14,0,7,2,10,21950,15,390.0
9,1,47,5,0,5,0,0,21,0.0
9,1,56,2,3,1,0,0,18,105.0
3,5,73,5,0,2,0,0,10,0.0
3,1,43,5,0,1,0,0,22,420.0
11,2,45,0,7,5,0,21235,17,0.0
3,2,80,5,0,1,0,0,15,0.0
3,2,0,5,0,5,1,21453,15,0.0
3,1,22,5,0,1,8,0,13,0.0
0,1,29,0,7,5,0,21453,7,0.0
3,1,23,5,0,3,2,0,16,139.0
3,0,0,4,3,5,10,0,7,211.0