PartyType_Code,Sobriety_Code,Age,PrimaryCollisionFactor_Code,CollisionType_Code,VehicleDamage_Code,MovementPrecedingCollision_Code,ViolationCode,CrashTime,Distance
3,1,26,5,1,3,2,22450,19,0.0
3,1,45,5,6,2,0,0,12,108.0
18,2,0,4,3,5,10,0,16,51.0
18,2,0,4,6,5,10,0,8,50.0
3,1,61,5,0,2,10,21804,17,287.0
3,2,54,4,3,5,3,0,13,0.0
3,0,0,5,2,3,10,0,23,30.0
3,2,27,5,0,2,5,21658,8,357.0
3,2,42,4,3,5,8,0,10,0.0
3,2,16,4,7,1,0,0,16,253.0
9,1,47,5,0,2,2,22107,13,0.0
3,7,44,5,6,3,0,22350,19,49.0
4,1,52,5,5,1,0,22350,11,28.0
3,1,55,5,0,2,2,21453,8,0.0
0,2,56,5,7,5,10,0,19,688.0
3,6,0,5,3,5,2,22107,16,0.0
3,1,42,4,0,2,0,0,18,0.0
3,1,53,5,0,4,0,0,7,0.0
18,0,0,5,5,1,10,0,1,73.0
3,1,29,5,3,1,10,22107,6,0.0
8,1,20,5,5,4,0,22350,17,141.0
3,0,0,4,3,5,10,0,0,0.0
3,5,40,5,0,2,0,0,17,100.0
18,2,57,4,0,5,0,0,16,0.0
3,1,21,4,0,5,0,0,13,45.0
3,1,48,5,5,2,1,0,21,30.0
3,0,0,5,5,2,10,0,6,82.0
9,1,19,5,6,5,0,23103,16,471.0
9,1,53,5,0,1,10,22103,9,0.0
18,2,0,4,3,5,10,0,9,51.0
3,2,61,0,7,1,0,0,22,0.0
3,1,63,4,6,5,0,0,13,100.0
3,1,21,5,0,2,0,21453,6,0.0
9,0,0,5,1,2,10,0,13,220.0
3,0,0,5,0,1,10,0,2,0.0
8,1,23,5,6,5,0,0,7,177.0
3,1,51,5,6,1,5,22107,15,24.0
3,0,0,4,3,2,10,0,15,378.0
3,0,0,5,6,3,10,0,12,32.0
3,1,35,5,4,4,0,21802,17,0.0
3,2,158,5,5,3,8,0,16,130.0
3,2,0,4,5,5,3,0,20,165.0
3,1,30,5,1,3,0,0,16,0.0
3,1,59,5,3,5,8,0,12,20.0
3,2,50,4,5,5,8,0,16,0.0
3,2,0,5,6,1,1,21801,21,36.0
3,1,70,4,1,3,0,0,9,0.0
3,0,0,5,4,3,10,0,18,30.0
10,1,26,4,8,5,10,0,19,0.0
18,2,0,4,5,5,0,0,9,0.0
9,1,85,5,0,1,0,21802,14,0.0
3,2,23,4,1,5,2,0,21,0.0
3,0,0,4,3,5,10,0,10,0.0
3,2,37,5,0,3,0,21802,17,0.0
3,2,0,5,6,5,5,21658,18,300.0
3,1,29,4,0,5,0,0,10,0.0
3,1,25,4,0,3,0,0,22,0.0
3,7,24,5,5,3,0,22350,23,85.0
3,2,0,4,5,5,0,0,14,0.0
9,1,24,5,0,3,0,0,5,0.0
3,1,52,5,0,3,0,0,18,128.0
3,1,29,5,0,1,0,0,19,0.0
3,2,0,4,5,5,0,0,13,0.0
3,1,20,5,3,5,1,22107,0,7.0
3,1,33,4,6,3,8,0,0,51.0
3,2,34,4,5,5,8,0,12,0.0
18,2,0,4,0,5,1,20002,23,887.0
3,2,28,4,6,5,0,0,8,0.0
3,1,39,5,0,1,8,0,8,0.0
3,1,31,5,0,3,2,21453,22,0.0
9,1,22,5,2,4,0,21453,1,194.0
3,1,41,4,1,2,0,21453,15,0.0
10,2,34,4,8,5,10,0,15,0.0
3,1,55,5,5,2,8,0,21,10.0
3,0,0,5,3,3,10,0,21,545.0
3,2,43,5,0,3,0,1,9,0.0
3,2,23,5,0,3,0,0,20,0.0
3,1,39,5,0,1,0,0,16,0.0
3,1,36,5,0,3,0,21453,20,0.0
3,2,0,4,5,5,1,0,9,0.0
3,1,19,5,1,1,2,21801,14,0.0
9,1,64,0,3,5,2,0,13,0.0
10,7,50,3,8,5,10,21954,18,155.0
3,1,37,5,5,2,10,0,17,29.0
3,2,0,5,6,5,10,22350,21,144.0
3,2,64,5,5,2,8,0,16,0.0
3,6,23,5,5,3,0,21703,16,255.0
0,2,17,5,7,5,0,0,11,0.0
3,2,0,4,2,5,4,0,11,0.0
3,0,0,4,3,5,10,0,2,0.0
3,2,69,5,5,2,0,22350,7,290.0
3,2,47,4,5,5,8,0,1,0.0
9,2,65,4,6,5,1,0,7,0.0
10,1,59,5,8,5,0,21456,17,0.0
9,2,0,4,6,5,1,0,18,0.0
9,1,51,5,0,2,0,21453,10,0.0
3,7,30,5,2,2,1,22107,16,122.0
3,0,0,4,3,2,10,0,7,0.0
3,1,55,4,5,1,8,0,18,0.0
3,0,33,5,5,2,0,22350,14,400.0
3,1,40,5,0,3,0,0,17,0.0
3,2,0,4,6,5,0,0,17,51.0
3,1,59,4,0,3,0,0,15,0.0
3,1,19,5,3,2,0,0,16,0.0
3,2,46,4,3,5,1,0,8,0.0
13,1,32,5,5,1,0,22350,8,0.0
3,2,0,4,5,5,0,0,10,0.0
3,1,40,5,3,1,1,21453,6,0.0
3,1,18,5,1,3,0,0,13,0.0
3,1,28,4,6,2,0,0,21,0.0
10,2,76,5,8,5,0,0,19,16.0
0,1,55,5,5,5,0,0,15,0.0
3,1,49,0,3,1,0,0,7,0.0
3,1,0,5,0,3,2,0,12,0.0
3,1,38,5,5,3,8,0,17,0.0
9,2,0,5,6,5,1,22107,7,555.0
3,1,38,5,3,1,2,21801,8,0.0
3,2,22,4,0,5,0,0,7,0.0
18,2,0,4,6,5,10,0,0,51.0
3,1,29,5,2,3,10,22350,22,0.0
3,2,0,4,6,5,3,0,21,0.0
3,1,28,5,0,2,0,0,16,150.0
6,1,26,4,5,5,1,0,15,16.0
9,0,0,5,3,2,10,0,21,105.0
3,2,28,5,3,1,10,21750,2,159.0
3,2,32,4,3,1,10,0,14,560.0
3,2,23,5,1,2,0,0,16,0.0
3,2,0,4,7,5,2,0,21,0.0
3,0,0,5,5,2,10,0,1,51.0
3,2,0,4,6,5,5,0,18,640.0
3,2,0,5,5,5,0,0,22,84.0
3,1,38,5,3,2,2,21801,17,0.0
3,7,26,5,1,2,2,22107,3,199.0
3,2,55,4,6,5,0,0,19,0.0
3,1,49,5,6,2,10,21804,6,96.0
3,6,19,5,5,5,2,0,11,0.0
18,2,0,5,8,5,1,0,18,0.0
3,1,23,5,6,1,8,0,16,51.0
9,2,60,5,1,2,2,21801,9,255.0
3,7,24,5,2,3,0,23152,2,84.0
3,1,18,5,6,2,2,22107,19,0.0
3,0,0,5,6,3,10,0,22,116.0
9,2,0,5,5,5,10,0,20,50.0
3,7,31,5,6,3,0,22107,6,203.0
3,1,45,5,0,2,0,0,16,0.0
3,1,54,5,5,1,8,0,17,26.0
3,1,55,5,5,1,10,0,18,45.0
3,1,18,5,2,3,0,22350,13,99.0
1,2,27,5,6,1,0,0,18,0.0
3,5,30,5,0,3,0,0,23,0.0
3,2,41,5,8,5,2,21801,10,0.0
3,2,0,5,2,3,0,21755,12,104.0
3,1,25,4,6,5,5,0,10,0.0
9,2,0,5,3,2,0,22107,17,90.0
3,1,16,5,3,4,0,21755,7,250.0
3,1,22,4,0,3,0,0,11,0.0
18,2,0,4,5,5,0,0,9,0.0
9,0,0,5,6,1,10,0,4,391.0
3,2,25,5,0,3,0,0,1,0.0
18,2,0,5,3,5,3,20002,0,458.0
3,2,55,5,1,1,10,0,15,0.0
3,2,32,4,6,5,0,0,2,0.0
3,1,39,5,3,2,0,0,13,0.0
10,1,83,4,8,5,0,0,12,0.0
3,0,0,4,6,1,10,0,8,148.0
3,0,0,4,3,5,10,0,10,84.0
10,1,40,5,6,5,10,0,13,63.0
3,1,25,5,2,2,2,22107,20,0.0
3,2,0,5,3,2,0,22350,22,100.0
3,7,50,5,5,2,0,22350,15,30.0
0,2,38,4,3,5,0,0,11,0.0
3,1,23,5,3,3,2,22350,8,0.0
3,2,47,4,1,5,2,0,7,0.0
9,2,0,5,5,5,0,20002,14,0.0
0,1,10,0,7,5,10,21650,14,0.0
3,1,52,5,5,2,0,22350,7,0.0
0,2,51,5,3,5,0,0,20,0.0
3,2,61,4,5,3,0,0,11,0.0
0,1,26,5,7,5,0,0,18,0.0
3,1,54,5,5,2,8,0,15,0.0
3,1,44,5,2,3,2,22350,22,29.0
3,5,22,5,3,3,0,22350,2,45.0
0,1,13,5,7,5,0,0,14,152.0
3,2,60,5,6,1,5,0,5,125.0
9,1,41,5,0,1,0,0,11,220.0
3,1,57,5,6,2,2,21451,8,0.0
3,0,38,5,1,2,10,0,17,170.0
3,1,20,5,0,5,0,0,20,0.0
3,1,75,5,5,1,8,0,15,108.0
9,0,0,5,3,1,10,0,11,102.0
3,0,45,5,5,1,10,0,18,190.0
3,1,28,5,0,2,0,0,10,291.0
3,0,0,5,5,3,10,0,8,29.0
3,1,25,0,0,1,0,0,6,0.0
3,1,43,5,5,5,1,0,15,0.0
3,1,42,4,5,5,8,0,16,20.0
3,0,0,5,6,1,10,0,19,80.0
3,2,0,4,6,5,10,0,16,0.0
3,2,71,4,5,5,0,0,14,0.0
9,2,50,5,6,1,10,22107,13,51.0
3,1,26,5,0,1,0,21800,22,0.0
10,1,26,4,8,5,10,0,14,112.0
10,2,22,4,8,5,10,0,11,0.0
3,0,0,5,6,2,10,0,0,195.0
3,1,62,5,8,5,2,22350,20,0.0
3,7,30,5,2,3,0,22350,18,272.0
3,0,0,5,5,3,10,0,2,585.0
8,2,31,4,6,5,2,0,17,0.0
10,1,47,5,8,5,0,21955,11,0.0
9,1,65,5,5,1,0,0,9,150.0
3,2,0,5,2,3,10,22107,18,50.0
13,2,71,4,6,5,8,0,12,685.0
3,0,0,5,6,2,10,0,9,235.0
3,1,63,5,0,2,10,21804,17,165.0
3,4,19,4,3,2,10,22350,5,0.0
3,2,19,4,6,5,0,0,18,0.0
3,2,0,4,5,5,0,0,16,0.0
3,1,56,4,0,2,0,0,19,0.0
18,7,34,5,5,3,0,22107,1,134.0
3,1,35,4,3,5,1,0,7,0.0
3,2,42,4,2,5,1,0,18,0.0
3,2,0,4,0,1,2,21804,18,0.0
3,0,0,5,3,1,10,0,23,182.0
3,0,0,5,1,1,10,0,6,0.0
3,1,59,5,0,1,10,21804,16,105.0
3,2,0,5,5,5,0,22350,0,16.0
3,7,48,5,0,3,10,21802,0,0.0
9,2,0,4,5,5,0,0,12,0.0
3,0,0,5,6,3,10,0,2,96.0
3,2,36,4,5,5,2,0,12,0.0
3,1,72,5,0,2,10,22107,17,27.0
9,1,67,5,3,1,2,21950,16,0.0
3,1,25,5,2,3,0,0,12,252.0
3,1,82,5,5,5,0,22350,10,0.0
3,1,22,5,5,2,0,22350,12,126.0
3,1,19,4,0,5,3,22106,17,50.0
3,2,21,0,7,2,8,0,18,87.0
3,1,44,5,0,1,10,21800,13,0.0
3,1,59,5,4,4,10,21658,3,47.0
3,1,45,5,8,5,1,21950,8,0.0
9,0,0,5,1,1,10,0,4,158.0
10,2,34,5,8,5,10,0,14,51.0
3,2,0,4,3,5,0,22350,8,0.0
3,1,49,5,5,1,0,0,10,0.0
0,1,24,5,3,5,0,22450,7,0.0
3,0,0,5,3,1,10,0,8,8.0
9,6,0,5,5,5,0,22350,19,200.0
3,2,61,5,5,1,8,0,18,15.0
3,1,71,5,3,1,1,21950,13,0.0
3,0,0,5,0,3,10,0,12,90.0
3,2,0,5,3,3,10,23101,0,33.0
14,1,12,4,3,5,0,0,14,0.0
3,2,29,4,5,5,8,0,13,0.0
3,7,57,5,2,5,2,22350,19,68.0
3,1,82,5,8,5,2,21950,4,0.0
3,2,44,4,5,5,10,0,13,0.0
3,2,0,4,6,5,10,0,16,200.0
10,2,62,4,3,5,10,21954,19,0.0
9,0,0,5,1,1,10,0,20,120.0
3,1,35,5,5,2,8,0,0,0.0
3,1,17,5,5,2,0,21703,18,395.0
3,1,20,5,3,1,1,22350,18,0.0
3,1,31,3,3,1,0,0,12,153.0
3,0,0,5,6,1,10,0,1,0.0
0,1,40,5,7,5,0,0,6,0.0
3,1,34,3,8,1,0,0,19,0.0
3,1,65,5,6,1,8,0,13,0.0
18,2,0,4,6,5,10,0,7,51.0
3,1,26,5,1,3,0,0,20,125.0
9,1,17,5,5,1,1,22350,20,0.0
3,1,69,5,5,1,8,0,15,395.0
3,0,0,5,6,1,10,0,2,250.0
9,1,51,5,1,2,0,21453,17,0.0
3,1,56,5,1,3,5,22107,7,45.0
3,1,56,5,3,5,1,0,18,0.0
13,1,42,5,6,5,0,22350,16,76.0
3,5,57,5,0,3,2,0,19,0.0
3,2,31,4,0,5,0,0,16,0.0
3,7,26,5,5,5,0,21703,21,48.0
3,2,0,5,6,5,0,22350,21,1352.0
3,2,0,4,5,5,0,0,9,51.0
3,1,38,5,5,2,0,0,11,162.0
0,2,32,4,7,5,0,0,16,0.0
3,2,37,5,5,1,10,0,15,0.0
3,1,44,3,8,5,1,0,8,18.0
3,1,24,5,5,1,0,22350,18,5.0
3,1,44,5,0,2,0,0,21,0.0
3,1,57,5,0,3,0,21453,18,0.0
3,2,0,5,5,5,0,0,18,0.0
3,5,41,5,5,3,0,22350,22,0.0
3,1,22,5,5,2,0,0,19,216.0
3,2,0,5,6,5,0,22350,21,51.0
9,2,0,4,6,5,0,0,8,0.0
9,2,0,5,6,3,1,22107,7,0.0
3,2,73,5,1,3,0,21453,22,0.0
9,0,0,5,6,2,10,0,16,84.0
3,0,0,5,5,1,10,0,23,0.0
3,2,0,4,6,5,10,0,22,51.0
3,7,61,5,3,2,0,22107,22,42.0
9,0,0,4,6,5,10,0,18,0.0
3,0,0,5,6,2,10,0,2,250.0
3,1,66,4,5,2,0,21453,13,0.0
3,2,0,5,5,5,0,22350,22,34.0
3,1,45,6,3,3,9,22517,16,60.0
3,7,29,5,0,3,1,23153,0,0.0
3,1,57,5,0,2,0,0,12,0.0
18,0,0,4,3,5,10,0,17,0.0
3,6,0,5,3,5,0,20002,2,565.0
18,1,40,5,5,1,8,0,15,77.0
3,1,28,5,0,1,0,21800,8,0.0
3,1,18,4,5,1,8,0,19,91.0
3,0,0,5,3,1,10,0,1,200.0
9,1,41,5,8,1,2,21950,14,0.0
18,2,0,4,3,5,10,0,19,51.0
3,0,0,5,3,5,10,0,22,0.0
3,2,0,5,6,5,0,22350,11,0.0
3,2,53,5,1,3,0,0,16,63.0
3,0,0,5,3,2,10,0,19,0.0
3,1,43,5,0,1,0,0,22,0.0
3,1,45,5,0,1,8,0,20,0.0
3,1,56,5,0,5,0,0,9,0.0
3,1,62,5,0,3,0,0,13,0.0
3,2,0,5,6,2,10,22450,8,0.0
3,0,0,5,3,2,10,0,17,65.0
3,2,23,4,0,5,10,0,8,0.0
3,1,31,5,8,1,1,22350,19,0.0
3,1,67,5,0,1,8,0,12,0.0
18,2,0,4,0,5,2,0,15,51.0
18,2,0,4,0,5,0,0,3,0.0
3,1,83,5,2,2,10,21755,14,27.0
3,0,26,5,5,3,10,0,23,200.0
3,0,0,5,1,2,10,0,11,81.0
3,2,0,5,0,2,10,0,19,91.0
3,1,31,5,2,5,0,0,5,0.0
18,2,0,4,5,5,0,0,14,15.0
9,1,51,5,0,3,0,0,7,0.0
3,1,44,4,5,2,0,22350,11,150.0
3,0,0,5,5,2,10,0,12,142.0
3,2,0,5,2,5,0,23103,15,528.0
3,2,54,4,1,5,0,0,11,0.0
3,1,41,5,0,5,0,21453,13,0.0
3,2,0,4,6,5,10,0,23,51.0
3,1,35,5,0,2,1,22107,9,0.0
3,4,16,5,2,3,0,22350,1,36.0
3,2,0,4,5,5,0,0,8,87.0
3,2,49,5,0,3,0,21453,11,0.0
3,1,28,6,1,3,0,0,14,0.0
3,2,0,4,5,5,8,0,17,50.0
3,1,44,5,0,3,0,0,18,0.0
3,2,41,4,5,5,8,0,12,0.0
3,2,0,4,5,5,0,0,14,0.0
9,2,0,4,6,5,0,0,17,0.0
3,2,23,4,5,5,8,0,13,0.0
3,0,0,5,3,3,10,0,5,301.0
3,1,43,4,5,1,0,0,17,0.0
3,1,62,5,0,2,2,21801,10,0.0
3,1,47,5,6,1,5,21658,10,35.0
3,2,0,4,1,5,0,0,17,0.0
3,1,54,5,6,2,8,0,20,0.0
3,1,30,3,0,5,0,0,20,0.0
9,0,0,5,6,2,10,0,14,64.0
3,2,0,5,0,3,0,0,0,0.0
9,1,39,5,5,1,0,22350,17,159.0
9,2,45,4,6,5,1,0,9,0.0
3,0,0,5,1,2,10,0,14,31.0
9,0,0,4,3,5,10,0,18,0.0
3,1,32,5,6,1,1,21755,10,26.0
3,1,32,3,8,3,0,0,19,132.0
3,1,72,5,1,3,2,21801,6,0.0
9,0,0,5,5,1,10,0,2,0.0
18,2,0,5,1,5,10,21658,10,26.0
3,1,24,5,5,3,0,21453,11,0.0
3,0,0,4,3,5,10,0,23,0.0
3,1,21,5,0,1,0,0,23,0.0
3,0,0,5,3,5,10,0,15,75.0
3,1,58,4,0,2,2,0,13,0.0
3,2,0,5,1,2,0,21453,17,0.0
3,2,0,5,0,5,2,21453,11,0.0
3,1,35,5,0,3,0,21453,20,0.0
3,1,75,5,1,5,0,22107,18,130.0
9,2,0,4,3,5,1,0,8,0.0
3,2,0,5,6,3,0,21658,1,62.0
3,1,37,5,5,2,8,0,19,55.0
9,0,0,5,6,2,10,0,20,120.0
3,0,0,5,3,3,10,0,2,45.0
18,2,0,5,3,5,10,0,13,0.0
3,1,20,5,1,3,2,21801,13,0.0
3,2,59,5,1,2,0,0,12,0.0
3,2,27,5,5,1,3,0,21,250.0
3,1,20,5,5,1,8,0,12,100.0
3,1,30,5,0,3,2,0,12,0.0
3,2,34,5,5,1,0,22350,18,0.0
3,1,19,5,5,2,8,0,7,800.0
3,2,35,4,5,5,8,0,17,0.0
3,2,0,4,0,5,10,0,17,0.0
18,2,0,4,3,5,10,0,2,10.0
3,1,51,5,5,2,0,22350,11,162.0
3,1,20,5,0,2,2,21801,8,0.0
18,2,28,4,0,5,0,0,16,0.0
7,2,37,4,0,1,0,0,10,0.0
3,1,78,5,5,1,8,0,14,0.0
3,2,46,4,6,5,10,0,21,51.0
3,1,23,5,8,5,2,22450,9,0.0
3,1,62,4,5,1,10,0,20,0.0
3,0,0,5,0,2,10,0,21,143.0
3,1,66,5,3,2,10,22350,5,378.0
3,2,75,5,1,2,0,0,10,0.0
3,2,47,4,1,5,8,0,16,0.0
9,1,56,5,5,1,0,22350,7,42.0
3,2,0,5,3,3,0,22107,0,150.0
3,1,21,5,5,1,0,22350,15,100.0
3,1,0,4,0,3,0,0,6,0.0
3,0,0,4,2,5,10,0,0,0.0
18,2,21,5,1,3,0,22107,2,102.0
3,2,0,4,5,5,0,0,16,0.0
3,2,69,4,5,5,8,0,17,50.0
3,1,25,5,0,2,2,0,23,0.0
3,1,21,5,5,2,0,22350,16,0.0
3,7,26,5,3,3,10,22350,0,71.0
3,2,26,5,7,1,1,21802,14,0.0
3,2,33,4,5,1,10,0,12,51.0
3,0,0,4,3,5,10,0,0,0.0
3,7,53,5,3,3,0,23152,0,150.0
3,0,0,5,5,2,10,0,21,0.0
3,2,51,5,6,2,0,0,8,0.0
3,7,35,5,3,3,0,23152,23,260.0
0,1,61,5,7,1,0,0,19,0.0
3,2,0,4,6,5,1,0,8,51.0
3,2,60,4,5,5,8,0,9,0.0
9,0,0,5,0,2,10,0,15,60.0
3,0,0,5,5,1,10,0,2,310.0
3,2,0,4,5,5,4,0,14,51.0
9,0,0,5,3,1,10,0,1,100.0
3,2,0,4,3,5,10,0,21,0.0
3,2,0,5,6,5,0,22107,22,0.0
3,1,68,5,5,1,3,22106,11,201.0
3,1,50,5,1,2,0,0,19,0.0
9,1,59,5,6,5,0,0,12,9.0
3,2,28,4,5,5,8,0,7,0.0
3,1,37,6,5,2,8,0,8,0.0
9,1,50,5,3,5,3,22106,12,105.0
3,2,18,5,3,5,1,0,10,0.0
10,2,76,5,8,5,10,0,7,0.0
3,1,36,6,5,5,0,22350,7,30.0
13,1,42,5,3,5,1,22107,15,0.0
3,2,0,4,6,5,10,0,8,51.0
9,0,0,5,6,2,10,0,23,109.0
3,7,62,5,5,3,0,21658,11,65.0
9,0,0,5,6,2,10,0,0,450.0
3,0,0,5,0,3,10,0,22,62.0
3,1,38,5,5,1,8,0,21,0.0
10,2,36,3,3,5,10,21956,18,85.0
3,0,0,5,0,2,10,0,16,216.0
3,2,31,4,5,5,8,0,6,0.0
3,1,0,5,0,2,0,0,20,0.0
10,1,38,5,8,5,0,0,14,0.0
3,1,22,5,0,2,0,0,23,0.0
3,7,43,5,5,3,0,23152,17,190.0
3,2,34,5,2,2,1,0,20,930.0
3,2,0,4,5,5,0,0,13,51.0
3,1,45,3,8,5,1,0,20,200.0
0,2,81,5,7,5,0,0,12,18.0
3,1,22,5,0,3,0,0,2,0.0
3,2,19,5,3,1,0,0,14,475.0
3,2,19,4,0,5,10,0,20,125.0
3,0,0,5,3,1,10,0,0,150.0
3,0,0,5,3,3,10,0,1,75.0
18,2,0,5,5,5,0,22350,9,15.0
3,1,38,5,0,3,0,0,20,0.0
3,4,18,5,2,2,2,21663,6,0.0
3,1,35,5,3,2,8,0,10,342.0
9,2,0,5,3,2,10,0,18,185.0
3,1,45,5,1,5,0,0,18,50.0
3,1,29,5,0,3,10,21800,7,0.0
9,2,58,5,6,5,10,21658,17,0.0
3,0,0,5,0,2,10,0,2,0.0
3,2,62,4,1,5,8,0,10,0.0
13,2,0,5,6,5,0,21658,19,20.0
3,2,0,5,0,5,0,0,16,51.0
3,1,63,4,0,4,2,0,1,0.0
3,7,21,4,2,5,0,0,5,0.0
3,1,57,5,6,2,0,0,16,0.0
3,7,0,5,3,3,0,23152,0,0.0
3,1,31,5,5,3,0,22350,12,21.0
3,0,0,5,1,1,10,0,12,72.0
3,2,0,4,0,5,2,0,15,51.0
3,1,34,4,0,3,0,0,13,0.0
3,1,60,4,3,2,10,0,15,275.0
3,0,0,5,3,3,10,0,7,25.0
3,1,83,5,3,3,10,22107,21,0.0
3,0,0,4,6,5,10,0,1,51.0
3,1,71,0,7,1,1,0,11,0.0
3,1,25,5,0,2,2,21802,12,0.0
3,1,20,5,5,3,0,22350,18,506.0
3,2,54,4,1,3,2,0,14,0.0
3,2,31,4,3,5,10,0,18,51.0
3,3,71,5,0,3,2,22100,7,120.0
3,7,33,5,3,4,10,23152,0,3.0
3,1,34,5,0,3,0,0,18,0.0
3,1,21,5,5,3,0,0,16,0.0
3,2,46,5,0,1,0,21453,15,0.0
10,1,75,5,8,5,10,0,17,0.0
3,2,41,4,5,5,8,0,10,0.0
3,0,0,5,4,3,10,0,4,174.0
3,1,30,5,0,3,0,21453,10,0.0
3,2,36,4,0,5,10,0,21,51.0
3,1,42,4,5,1,2,0,11,0.0
9,7,50,5,2,1,10,21658,20,28.0
9,2,0,5,3,3,1,22107,0,111.0
3,7,42,5,3,2,1,22107,0,296.0
3,1,16,5,2,4,10,22350,16,0.0
3,2,52,4,0,5,0,0,15,51.0
3,2,34,5,2,1,0,22350,18,450.0
3,2,64,4,6,5,1,0,8,0.0
3,1,31,5,1,2,2,21801,17,0.0
10,6,51,4,3,5,10,0,22,222.0
3,2,0,5,8,3,10,22107,21,278.0
8,1,32,5,3,5,2,21804,13,0.0
18,2,0,4,5,5,9,0,6,0.0
3,0,0,5,6,5,10,0,22,175.0
3,1,35,5,0,1,0,21750,13,49.0
9,2,59,5,5,5,0,22350,10,300.0
9,2,0,5,5,1,0,22350,20,40.0
3,7,37,5,5,3,10,23153,22,116.0
3,2,51,4,0,5,0,0,19,0.0
3,1,56,5,1,3,0,0,5,355.0
3,6,0,4,5,1,3,0,0,55.0
9,1,62,5,0,5,0,0,5,0.0
9,0,0,5,6,1,10,0,12,0.0
9,2,0,4,6,5,10,0,16,51.0
3,7,26,5,3,3,5,21658,1,200.0
3,1,35,5,5,5,8,0,20,0.0
3,0,30,4,6,5,10,0,11,51.0
3,2,29,5,0,1,0,0,8,616.0
9,1,60,5,5,1,0,22350,18,0.0
3,0,0,5,6,1,10,0,2,536.0
3,1,18,5,5,2,0,22350,0,31.0
3,1,36,5,5,1,0,22350,15,33.0
0,2,28,5,7,5,10,0,15,0.0
3,2,0,5,6,5,10,22350,15,0.0
3,1,57,5,0,2,0,0,19,218.0
3,2,24,5,5,3,8,0,22,0.0
3,2,0,4,5,5,10,0,12,0.0
18,1,63,5,5,1,0,0,12,0.0
3,1,44,5,1,5,2,22107,9,60.0
18,2,0,5,3,5,1,21650,22,0.0
3,0,0,4,2,5,10,0,11,0.0
3,1,55,5,0,2,0,0,4,0.0
18,2,0,5,2,2,1,22350,0,20.0
3,1,20,5,1,2,2,22107,17,0.0
3,1,43,5,3,1,2,0,12,20.0
1,2,50,5,0,1,0,0,15,0.0
3,0,0,5,6,1,10,0,15,0.0
3,2,0,5,1,5,10,21657,14,34.0
3,1,67,5,5,1,10,0,14,0.0
3,1,25,5,5,1,0,0,2,80.0
0,1,17,5,3,5,10,21650,8,1056.0
3,1,49,5,1,2,8,0,13,24.0
3,2,0,5,6,2,10,0,0,264.0
3,2,53,5,2,2,10,22107,14,205.0
3,0,28,4,6,5,10,0,0,222.0
3,1,22,5,0,3,0,0,9,0.0
3,2,0,4,3,5,0,20002,12,0.0
3,2,18,5,2,2,2,22107,0,0.0
3,5,32,3,3,2,0,22350,20,64.0
3,2,0,5,3,2,0,22350,6,105.0
3,2,0,5,5,2,0,22350,17,70.0
3,1,19,5,6,3,2,0,20,0.0
3,1,36,5,0,2,2,0,11,100.0
9,1,37,5,0,1,0,0,20,0.0
3,1,34,5,5,2,10,22103,15,21.0
3,2,0,0,7,5,0,0,15,0.0
3,1,59,4,1,2,2,0,22,0.0
3,1,29,5,6,1,0,0,19,0.0
3,0,0,5,5,2,10,0,1,0.0
3,2,42,4,5,5,8,0,19,0.0
3,2,0,5,3,5,3,22106,0,51.0
10,1,15,3,3,5,10,21954,13,0.0
3,1,62,5,0,3,2,22350,14,55.0
18,2,0,5,8,5,0,21950,11,51.0
3,2,33,5,8,1,8,21950,8,0.0
16,2,77,5,8,5,10,21200,18,27.0
3,1,39,4,0,2,8,0,9,78.0
3,2,0,0,7,5,0,0,8,0.0
3,1,30,5,0,2,0,0,11,0.0
18,2,0,4,6,5,0,0,12,60.0
3,0,0,5,3,1,10,0,18,85.0
3,1,34,5,2,3,2,22350,16,0.0
10,1,46,5,3,5,0,0,14,0.0
3,1,27,4,3,2,0,0,11,0.0
0,1,55,5,7,5,0,0,13,90.0
9,1,61,5,0,4,0,0,23,0.0
3,0,0,5,3,5,10,0,22,0.0
3,1,19,5,3,2,0,22350,18,0.0
3,0,0,5,3,3,10,0,23,240.0
9,1,21,5,1,3,1,22350,23,115.0
3,1,50,5,0,2,0,21453,7,0.0
9,2,0,4,6,5,0,0,17,0.0
3,1,45,4,3,1,2,0,13,0.0
3,2,25,5,1,3,0,21453,7,0.0
3,1,44,0,3,5,0,12500,6,0.0
3,2,0,4,5,5,0,0,15,0.0
3,1,51,1,5,5,0,0,15,0.0
13,1,36,5,0,1,0,0,8,0.0
3,2,20,5,1,2,0,0,18,76.0
3,2,24,4,3,2,0,22107,1,0.0
17,2,0,5,5,1,0,22350,9,0.0
9,2,31,4,6,5,2,0,17,0.0
3,6,34,5,3,1,3,22106,1,21.0
8,2,0,4,5,5,0,0,15,0.0
13,2,0,4,5,5,0,0,9,0.0
3,1,32,5,0,5,2,21800,14,0.0
18,2,0,4,3,5,0,0,1,74.0
3,1,36,5,0,1,0,22350,8,105.0
3,1,34,5,0,3,0,21800,8,0.0
3,0,0,4,6,5,10,0,23,0.0
3,0,0,5,3,1,10,0,17,30.0
3,8,57,5,0,3,10,22350,8,0.0
3,1,19,5,0,5,0,21453,22,0.0