PartyType_Code,Sobriety_Code,Age,PrimaryCollisionFactor_Code,CollisionType_Code,VehicleDamage_Code,MovementPrecedingCollision_Code,ViolationCode,CrashTime,Distance
9,0,0,5,3,5,10,0,4,70.0
8,1,32,5,5,1,0,0,19,50.0
3,0,0,4,6,5,10,0,13,0.0
3,0,0,5,1,2,10,0,0,200.0
1,1,53,5,6,1,4,21750,8,129.0
3,1,25,5,0,3,0,21453,17,0.0
3,2,0,5,1,1,2,22107,14,200.0
3,0,0,4,3,5,10,0,7,0.0
10,5,42,5,3,5,0,0,18,0.0
3,7,32,3,8,1,0,23153,21,0.0
3,2,58,5,5,1,0,21703,12,0.0
3,0,0,2,5,2,10,0,16,130.0
9,0,0,5,0,1,10,0,17,0.0
3,2,0,4,5,5,0,0,23,0.0
9,0,0,4,2,5,10,0,21,26.0
9,0,0,5,5,3,10,0,12,0.0
3,2,0,4,5,5,0,0,15,0.0
3,2,0,5,5,1,0,22350,4,0.0
9,2,62,4,3,5,0,0,16,51.0
18,2,0,5,3,5,10,0,1,0.0
3,1,16,5,2,3,10,23103,20,325.0
3,2,42,5,5,2,0,22350,7,30.0
3,7,20,5,2,3,10,23152,9,0.0
3,1,24,5,0,5,10,21804,17,80.0
3,1,20,5,0,3,0,0,0,0.0
3,2,23,4,2,5,10,0,5,35.0
10,1,18,3,8,5,0,21950,15,62.0
3,1,21,5,5,3,0,22350,19,0.0
3,1,48,4,0,1,0,0,16,0.0
18,2,0,4,6,5,10,0,18,0.0
3,2,0,4,6,5,0,0,13,0.0
8,2,46,5,3,1,5,21658,13,0.0
3,1,47,5,5,1,8,0,14,90.0
3,8,32,5,6,3,0,22350,19,0.0
3,5,57,5,3,5,8,0,7,0.0
0,2,73,5,7,5,10,0,12,0.0
3,1,21,5,6,5,10,22350,4,0.0
9,2,0,4,5,5,2,0,7,0.0
3,2,30,5,6,1,0,0,21,93.0
3,1,87,5,5,2,0,22350,15,20.0
3,1,50,4,0,1,0,0,13,0.0
3,2,0,4,5,5,10,0,0,226.0
3,2,0,5,6,2,10,0,23,45.0
3,1,42,5,5,2,0,22350,17,6.0
3,2,0,4,6,5,5,0,13,0.0
3,1,0,5,0,2,0,0,6,0.0
3,2,49,5,0,2,10,0,13,0.0
3,2,0,5,2,2,0,22350,2,43.0
3,1,24,4,3,5,5,0,10,100.0
18,2,0,5,3,5,10,0,0,200.0
3,2,0,4,6,5,8,0,14,0.0
3,1,89,5,5,2,0,22350,12,0.0
8,1,53,5,5,2,0,0,8,200.0
9,0,0,5,1,1,10,0,0,270.0
9,0,0,5,2,1,10,0,21,76.0
3,1,29,5,5,1,0,21703,16,51.0
14,2,22,5,8,5,0,0,12,0.0
3,1,25,5,6,2,1,21755,11,0.0
3,2,0,4,3,5,10,0,17,0.0
3,2,61,4,3,5,10,0,17,0.0
3,0,0,5,6,2,10,0,17,254.0
3,6,0,5,5,5,8,0,13,24.0
3,1,59,5,0,2,0,21453,13,0.0
3,2,51,5,0,1,0,22107,20,45.0
3,2,62,5,0,2,0,0,12,0.0
6,1,37,5,3,3,3,22106,23,0.0
3,7,25,5,1,3,0,22350,2,460.0
3,0,0,5,6,1,10,0,5,0.0
3,2,74,4,6,1,1,0,14,0.0
3,1,36,5,0,5,0,0,8,0.0
3,2,28,5,1,3,0,0,0,0.0
3,0,51,4,6,5,10,0,14,51.0
3,2,40,4,1,5,0,0,17,0.0
3,2,0,5,3,5,0,0,8,50.0
3,1,48,5,0,3,0,0,10,0.0
3,1,79,4,6,2,0,0,12,0.0
18,1,24,5,5,1,8,0,9,0.0
3,0,0,4,3,1,10,0,1,0.0
10,2,27,3,3,5,10,21456,0,0.0
3,1,35,5,0,3,0,21453,15,0.0
3,1,43,5,6,1,2,21801,17,80.0
3,2,54,5,8,1,1,21950,18,0.0
3,2,45,5,5,2,8,0,18,0.0
9,0,0,5,3,1,10,0,20,145.0
3,1,59,5,0,3,0,21453,11,0.0
3,1,41,4,0,2,0,0,8,0.0
0,1,20,0,3,5,10,21202,16,1476.0
3,0,0,5,1,2,10,0,1,48.0
3,0,0,5,1,1,10,0,2,48.0
18,1,58,5,0,1,0,0,19,0.0
3,0,0,5,6,3,10,0,23,63.0
3,2,81,4,5,5,8,0,15,0.0
3,1,31,5,0,2,8,0,0,0.0
3,2,0,5,5,5,0,22107,22,18.0
3,1,24,5,5,2,8,0,18,15.0
3,2,47,5,5,1,8,0,19,350.0
13,0,0,2,3,1,10,0,8,400.0
3,0,0,5,6,2,10,0,22,150.0
3,1,30,5,1,2,0,0,18,0.0
3,1,73,4,0,3,0,0,14,0.0
3,2,39,4,5,5,8,0,17,0.0
3,1,34,5,5,1,8,0,13,12.0
3,1,22,5,5,2,0,22350,7,150.0
3,1,37,5,0,2,0,0,8,0.0
3,1,20,5,0,2,0,0,18,0.0
0,1,19,5,7,5,0,0,13,150.0
3,6,29,5,3,2,0,22107,19,15.0
3,1,33,5,5,3,0,22350,10,396.0
3,2,0,5,2,2,10,22350,17,0.0
9,1,36,5,1,5,0,22350,15,0.0
9,2,58,5,5,5,0,0,9,0.0
3,2,54,5,6,1,10,21651,12,66.0
9,2,0,4,6,5,5,0,14,0.0
3,1,72,5,6,1,5,21658,15,100.0
3,7,30,5,2,2,10,22350,2,51.0
3,2,0,5,3,2,1,22107,3,0.0
3,0,0,5,6,1,10,0,10,81.0
3,1,23,0,7,1,0,0,20,200.0
3,1,30,5,5,2,0,0,8,0.0
3,1,46,5,0,2,0,0,14,0.0
18,2,0,4,5,5,0,0,16,0.0
3,2,0,4,6,5,2,0,20,0.0
3,0,0,5,6,2,10,0,5,37.0
3,2,0,4,5,5,8,0,16,0.0
3,1,17,5,2,2,0,22350,4,0.0
3,1,70,3,8,1,0,0,21,100.0
10,2,18,5,8,5,0,0,15,0.0
3,0,0,5,3,3,10,0,0,478.0
3,2,0,4,5,5,10,0,1,0.0
3,2,0,4,6,5,0,0,16,51.0
3,0,0,4,6,5,10,0,9,51.0
3,2,35,4,6,5,10,0,12,51.0
3,2,49,4,1,5,2,0,11,0.0
3,1,63,5,0,1,2,0,20,0.0
3,0,0,5,0,5,10,0,19,93.0
3,1,31,5,5,1,0,0,6,25.0
3,1,19,5,5,1,8,0,17,24.0
3,0,0,5,5,3,10,0,1,0.0
9,1,65,5,8,5,0,22450,8,21.0
3,1,32,5,6,5,0,0,15,0.0
3,1,36,5,5,3,8,0,12,87.0
3,2,42,5,6,5,0,22107,23,100.0
6,1,33,5,5,2,0,22350,21,0.0
18,2,0,4,6,5,10,0,5,255.0
3,1,38,0,7,5,1,22450,5,0.0
3,2,16,4,1,3,8,0,20,0.0
3,1,60,5,5,1,0,0,12,70.0
3,1,33,0,7,5,1,0,8,0.0
9,2,23,5,3,1,2,0,14,0.0
10,1,66,5,8,5,0,0,14,0.0
3,1,33,4,5,5,0,22350,9,0.0
3,2,0,5,6,1,1,22350,23,60.0
3,0,0,5,6,1,10,0,14,78.0
0,1,43,0,3,5,10,21804,18,390.0
3,0,0,5,0,1,10,0,7,290.0
0,1,36,5,3,1,0,0,17,0.0
3,2,21,4,6,5,0,0,21,0.0
6,1,51,4,3,2,1,0,13,293.0
3,2,45,4,5,5,8,0,18,0.0
3,2,0,4,5,5,0,0,8,0.0
3,2,31,5,6,3,0,0,14,51.0
3,2,26,4,5,5,0,0,7,51.0
10,1,57,3,3,5,10,21952,22,0.0
3,2,24,5,0,2,0,21453,20,0.0
18,5,32,5,5,2,0,0,22,23.0
3,1,26,5,3,2,2,22107,21,0.0
3,1,50,5,3,1,0,0,7,225.0
3,1,57,5,6,1,1,0,11,227.0
3,1,45,5,2,2,10,0,14,50.0
3,2,0,5,3,2,2,22350,2,0.0
8,1,31,5,3,2,10,21750,17,270.0
3,1,42,5,0,2,10,21801,16,0.0
3,1,89,0,7,5,1,0,11,0.0
3,2,41,4,0,5,0,0,18,0.0
3,1,55,4,0,5,0,0,10,0.0
3,0,0,5,6,2,10,0,21,198.0
3,1,26,4,5,5,8,0,20,50.0
3,2,0,5,5,5,0,22350,12,0.0
3,1,60,5,0,2,0,0,20,0.0
3,1,66,5,2,3,10,0,22,330.0
10,1,13,5,8,5,0,0,14,0.0
3,1,20,5,2,2,10,22350,3,43.0
9,2,0,5,3,1,2,22107,18,62.0
3,1,30,4,0,1,2,0,15,0.0
10,1,84,5,8,5,0,0,10,0.0
3,2,0,4,5,5,0,0,15,0.0
0,1,36,5,7,5,0,0,8,0.0
3,7,32,5,2,3,0,22350,20,170.0
3,0,0,5,6,5,10,0,17,51.0
3,2,28,4,5,5,8,0,14,0.0
3,1,25,4,0,2,0,0,15,0.0
3,0,0,5,3,2,10,0,5,0.0
3,2,0,5,2,3,10,22107,2,31.0
3,1,43,5,5,3,0,22350,7,0.0
3,1,0,5,0,3,0,0,4,0.0
3,2,39,4,5,5,0,0,17,0.0
3,5,43,5,5,1,8,0,15,0.0
3,1,49,4,5,5,10,22107,13,0.0
3,2,39,5,0,2,2,22350,20,90.0
9,1,44,5,0,2,0,0,13,0.0
3,2,0,6,3,5,0,20002,21,87.0
3,1,31,5,0,5,0,0,18,0.0
3,2,0,4,3,5,3,0,8,51.0
3,1,31,5,1,3,0,0,17,136.0
3,1,38,4,0,5,0,0,1,0.0
3,1,55,5,5,2,8,0,14,100.0
3,0,0,5,0,5,10,0,4,14.0
3,1,48,4,0,2,0,0,21,0.0
3,1,30,5,5,1,0,22350,22,24.0
0,1,59,5,7,5,0,0,9,0.0
3,1,19,5,6,5,0,0,20,0.0
3,1,59,5,5,5,0,0,8,60.0
9,1,22,5,6,1,5,21658,15,165.0
18,2,0,4,5,5,10,0,22,0.0
18,2,0,5,6,5,10,0,0,0.0
3,8,39,5,1,2,10,23152,3,144.0
3,0,0,5,3,1,10,0,9,445.0
3,1,46,4,3,2,10,0,15,0.0
3,1,25,5,6,1,0,0,18,200.0
3,1,42,4,3,5,2,21950,8,0.0
0,1,17,0,7,5,0,21200,19,0.0
18,2,0,4,6,5,10,0,0,51.0
18,2,0,4,2,5,10,0,18,215.0
3,0,0,5,1,2,10,0,17,28.0
3,1,42,5,5,2,8,0,11,0.0
3,2,0,5,6,5,10,21751,22,27.0
14,1,15,3,3,5,10,21954,18,99.0
3,2,58,4,6,5,10,0,3,51.0
3,2,0,5,6,5,0,22350,23,40.0
8,1,53,0,0,2,0,0,20,243.0
13,1,28,5,0,1,2,0,14,0.0
3,1,19,5,0,5,0,0,13,0.0
18,2,0,4,5,5,0,0,11,51.0
3,1,25,5,0,5,0,22350,16,0.0
3,1,42,5,5,2,1,0,1,194.0
3,1,72,5,3,3,2,21801,19,0.0
9,1,58,5,0,2,0,0,9,0.0
3,1,30,5,0,3,2,21804,7,0.0
3,0,0,5,0,3,10,0,0,255.0
3,1,76,5,0,1,3,21804,12,69.0
18,2,0,4,6,5,10,0,1,100.0
3,1,23,5,1,3,0,0,12,0.0
3,0,0,5,6,2,10,0,3,150.0
18,2,0,5,6,5,0,22107,21,230.0
3,1,47,3,3,5,1,0,23,0.0
3,2,26,5,5,1,0,0,23,0.0
3,0,0,5,6,2,10,0,13,0.0
3,0,0,4,0,2,10,0,11,51.0
3,7,47,5,0,1,2,21451,22,0.0
3,2,38,5,5,1,8,0,19,0.0
3,1,30,5,6,3,0,21453,19,0.0
3,2,51,4,3,5,3,0,6,51.0
3,2,35,5,5,3,10,22107,1,440.0
3,1,23,5,0,3,0,21802,18,0.0
3,0,0,5,6,1,10,0,3,158.0
9,1,64,4,8,5,2,0,7,0.0
3,1,59,4,5,1,0,0,18,0.0
3,2,62,5,5,1,8,0,17,566.0
3,1,31,5,5,1,0,0,17,0.0
9,0,0,5,5,3,10,0,4,84.0
9,1,60,5,8,1,0,21950,20,0.0
9,0,42,5,5,3,10,0,7,73.0
3,0,59,5,6,2,10,0,20,160.0
18,2,0,4,3,5,10,0,8,0.0
3,2,0,4,6,5,2,0,10,0.0
3,2,78,5,3,3,0,21663,5,21.0
6,2,49,4,3,5,0,0,16,21.0
3,0,0,5,6,2,10,0,0,105.0
3,1,67,4,0,2,0,0,19,0.0
3,2,24,4,6,5,1,0,20,51.0
3,0,0,5,5,1,10,0,1,62.0
3,1,50,5,0,5,0,21802,13,0.0
9,0,0,5,5,5,10,0,1,62.0
3,0,0,5,3,1,10,0,17,360.0
3,0,0,5,3,5,10,0,2,35.0
18,0,0,5,5,1,10,0,11,223.0
9,1,43,5,0,2,0,0,15,0.0
0,1,33,0,3,5,0,0,11,0.0
3,1,24,5,5,2,0,22350,17,36.0
3,2,37,5,0,5,10,21804,16,231.0
10,1,11,5,8,5,10,0,13,0.0
3,2,20,4,6,5,0,0,16,51.0
3,0,0,5,6,1,10,0,6,144.0
3,2,0,4,3,5,10,0,4,0.0
3,1,27,5,5,2,8,0,13,0.0
9,1,51,5,3,5,0,0,16,180.0
3,1,41,4,0,1,2,0,15,0.0
3,2,0,5,3,5,10,22350,21,78.0
10,2,36,4,8,5,10,0,21,0.0
3,2,0,4,6,5,0,0,15,100.0
0,1,19,5,7,1,0,0,8,0.0
3,1,32,4,5,2,0,22350,15,400.0
18,2,0,4,5,5,0,0,21,0.0
9,1,53,5,3,5,0,22350,10,100.0
1,2,25,5,5,1,8,0,12,0.0
3,2,21,5,3,3,2,0,19,0.0
3,1,30,5,5,5,8,0,15,26.0
3,2,0,5,1,3,10,22350,4,175.0
3,1,78,5,5,1,8,0,0,0.0
18,2,0,5,3,5,10,20002,20,100.0
3,1,26,5,6,1,2,22107,21,0.0
3,1,53,5,5,2,8,0,17,0.0
3,1,64,5,3,5,10,22106,7,86.0
9,0,0,5,6,2,10,0,1,25.0
3,1,20,4,0,3,0,22450,10,0.0
3,2,31,4,5,5,8,0,16,0.0
3,1,32,5,1,3,2,22107,16,0.0
3,1,19,5,0,2,0,0,14,0.0
10,2,17,5,8,5,10,0,8,0.0
3,1,40,5,0,2,2,21453,21,0.0
3,1,33,5,0,3,0,22450,14,0.0
3,2,56,5,5,1,10,22350,15,0.0
3,2,51,5,1,3,0,0,19,286.0
3,1,16,5,5,3,0,0,18,0.0
3,2,0,5,3,2,0,22350,23,0.0
3,1,18,5,0,2,0,0,6,0.0
3,1,21,5,1,1,8,0,8,0.0
3,1,0,5,1,5,2,21801,15,0.0
3,1,54,0,7,1,0,0,16,93.0
9,2,45,4,6,5,10,0,22,50.0
3,2,70,5,3,3,2,22350,0,37.0
18,2,0,5,3,5,0,0,20,0.0
3,2,69,5,5,1,0,21703,16,95.0
18,2,27,4,0,5,2,0,16,51.0
9,0,56,5,5,1,10,0,16,120.0
0,1,37,5,7,5,0,0,14,0.0
0,7,45,0,3,5,0,21453,16,0.0
13,0,0,5,6,1,10,0,3,51.0
3,1,27,5,1,5,2,21801,22,0.0
3,5,55,5,0,3,2,21800,19,0.0
3,1,54,4,8,2,0,0,18,99.0
3,1,59,3,3,1,0,0,20,0.0
3,2,30,4,5,5,8,0,19,0.0
0,7,57,0,7,5,0,21453,16,0.0
3,1,54,5,5,1,8,0,13,10.0
3,1,36,5,5,3,8,0,11,208.0
3,2,36,5,3,2,0,0,10,0.0
3,1,77,5,6,5,10,21804,8,120.0
8,2,61,5,2,1,0,22350,22,148.0
3,2,37,5,5,2,0,22350,11,102.0
18,2,0,4,6,5,10,0,0,0.0
3,1,63,5,5,1,8,0,17,51.0
3,1,64,5,1,2,2,21802,6,0.0
9,7,49,5,0,2,0,23152,20,0.0
3,2,37,4,0,5,0,0,16,0.0
3,1,23,5,3,5,0,0,0,0.0
3,1,53,5,0,2,0,22450,16,0.0
3,2,0,4,6,5,10,0,22,200.0
3,7,56,5,2,3,2,22107,22,0.0
3,2,0,4,5,5,0,0,7,0.0
3,0,0,5,2,1,10,0,10,0.0
3,2,24,5,3,3,2,22107,23,448.0
3,5,47,5,5,1,8,0,17,160.0
3,1,47,5,0,1,0,21453,17,0.0
18,2,0,4,6,5,10,0,15,51.0
9,1,34,5,5,1,8,0,11,33.0
3,1,61,5,5,1,8,0,1,0.0
3,1,41,5,5,2,8,0,14,0.0
3,2,41,5,7,1,10,1,15,46.0
3,2,0,4,3,1,10,0,0,200.0
3,2,0,4,5,2,0,20002,7,100.0
3,1,20,5,6,2,0,0,12,0.0
3,2,0,5,0,5,1,21950,14,0.0
3,1,21,5,0,2,0,22350,19,51.0
3,1,47,5,0,3,0,0,14,0.0
3,2,46,4,6,5,0,0,10,51.0
9,2,63,4,3,5,0,0,7,0.0
18,2,0,4,5,5,0,0,20,0.0
3,0,0,4,6,5,10,0,9,0.0
3,2,26,4,5,5,10,0,20,0.0
9,0,60,5,6,1,10,0,19,126.0
3,2,70,5,6,5,10,22107,6,140.0
3,1,21,1,5,2,8,0,15,0.0
3,2,0,5,3,1,3,22106,17,30.0
3,5,28,5,0,2,0,21801,1,0.0
18,2,0,4,6,5,10,0,3,0.0
3,1,37,5,0,2,0,0,17,0.0
3,1,54,5,2,4,10,21658,14,26.0
18,2,0,5,3,5,10,22107,19,99.0
3,2,18,5,0,1,5,22107,11,0.0
3,0,0,5,3,1,10,0,1,0.0
9,2,0,4,5,5,0,0,2,0.0
3,1,85,4,0,2,0,21453,11,0.0
3,0,23,5,0,3,10,0,20,0.0
3,2,0,4,0,5,0,0,14,0.0
3,2,0,4,3,5,10,0,14,0.0
9,7,59,5,6,1,3,22106,20,0.0
8,1,24,5,0,5,0,0,17,0.0
9,0,0,5,5,1,10,0,21,115.0
3,1,32,4,1,3,0,0,14,0.0
3,2,0,4,0,5,0,0,8,0.0
3,2,71,4,5,5,0,0,0,0.0
3,0,0,5,1,3,10,0,2,215.0
0,1,15,5,3,5,0,0,7,68.0
3,2,48,4,5,5,10,0,6,0.0
18,2,0,5,0,5,10,20002,17,76.0
3,2,38,4,5,5,0,0,13,0.0
3,2,39,4,7,5,0,0,13,0.0
3,2,19,5,6,2,0,22107,17,208.0
3,1,38,3,3,5,0,0,17,0.0
3,0,31,5,5,3,8,0,17,0.0
3,2,29,5,0,3,0,22450,14,0.0
9,2,52,4,0,3,0,0,7,0.0
3,2,0,4,5,5,2,0,22,0.0
3,1,35,5,5,5,0,0,13,0.0
3,2,34,4,3,5,8,0,15,51.0
9,2,39,4,2,1,0,0,16,120.0
3,1,62,5,0,2,0,21802,16,0.0
3,0,0,5,6,2,10,0,21,150.0
3,2,0,5,5,5,0,22350,0,92.0
3,2,23,5,4,4,0,22107,17,0.0
3,1,31,5,5,2,8,0,23,0.0
0,1,39,0,7,5,10,21200,7,0.0
3,1,50,4,8,2,0,0,20,50.0
3,2,22,5,6,1,0,1,11,257.0
3,0,24,5,3,5,10,0,11,0.0
3,7,26,5,3,3,10,22350,0,159.0
3,1,31,5,5,3,0,22350,15,0.0
3,2,0,4,3,5,3,0,6,0.0
3,1,26,5,5,1,8,0,13,0.0
3,2,27,4,3,5,0,0,17,0.0
3,1,32,5,5,2,8,0,2,0.0
3,2,0,4,5,5,0,0,10,0.0
3,1,61,4,0,1,0,0,16,0.0
3,1,50,5,6,1,10,0,11,210.0
3,0,0,5,5,5,10,0,22,274.0
3,6,0,5,3,3,0,20002,2,128.0
3,1,24,5,0,1,0,0,9,0.0
10,1,19,5,8,5,0,0,13,0.0
3,1,28,5,6,1,0,0,6,20.0
3,1,40,5,5,2,0,22350,15,153.0
3,1,38,5,6,1,1,0,19,0.0
9,1,22,5,1,2,1,0,8,45.0
3,2,50,4,5,5,8,0,12,0.0
3,1,58,5,0,2,2,22107,20,32.0
3,2,0,5,0,1,1,21651,17,18.0
3,6,70,5,3,5,0,20002,19,0.0
18,2,0,5,3,5,10,0,22,145.0
3,1,0,5,6,5,0,21658,15,0.0
18,2,0,4,6,5,10,0,23,51.0
3,0,0,5,5,3,10,0,11,373.0
3,0,0,5,0,1,10,0,18,50.0
10,1,12,5,8,5,0,0,16,0.0
9,5,61,5,0,3,0,0,19,0.0
3,2,0,5,0,2,0,22350,20,0.0
18,2,0,4,6,5,0,0,14,0.0
3,1,27,4,6,1,0,0,15,0.0
0,1,53,5,7,1,0,0,8,191.0
3,1,51,0,7,1,1,0,15,0.0
3,0,0,5,6,3,10,0,0,237.0
10,7,41,3,8,5,10,21950,14,0.0
3,0,0,5,0,1,10,0,18,0.0
3,2,0,5,6,5,5,0,9,20.0
3,7,34,5,0,1,0,21453,22,0.0
3,0,40,5,5,2,10,0,11,114.0
3,1,58,5,0,3,0,0,6,0.0
3,2,0,5,6,2,0,22350,23,79.0
10,2,55,3,8,5,10,21950,10,112.0
9,2,0,5,7,5,5,21658,20,0.0
0,1,21,0,3,1,10,21202,10,0.0
3,1,59,5,8,5,2,21950,19,0.0
3,1,66,5,3,5,2,21650,19,31.0
9,1,55,5,6,3,0,0,5,0.0
9,0,0,5,6,1,10,0,8,56.0
0,2,0,4,3,5,0,20002,12,75.0
18,2,0,4,2,5,10,0,22,23.0
3,1,56,5,0,2,10,21804,11,580.0
3,2,0,5,2,4,2,22101,4,346.0
3,2,24,4,5,1,8,0,11,0.0
3,1,79,5,6,1,8,0,15,25.0
3,1,45,5,0,2,0,21453,19,0.0
9,2,66,4,3,5,2,0,19,0.0
9,0,0,5,1,3,10,0,22,47.0
18,2,0,5,0,5,0,0,1,0.0
3,0,0,5,3,2,10,0,5,150.0
3,2,57,4,5,5,0,0,17,0.0
3,1,59,4,6,5,5,21658,15,0.0
3,2,18,5,5,5,0,0,22,0.0
3,1,57,5,5,1,8,0,8,0.0
3,1,17,5,8,5,3,21952,13,23.0
3,2,0,5,6,5,10,20002,12,80.0
3,1,43,5,1,2,0,0,19,0.0
3,0,0,5,5,2,10,0,7,0.0
3,2,45,4,5,5,0,0,21,15.0
3,1,35,5,0,3,0,21453,10,0.0
3,2,45,4,0,5,2,0,22,0.0
18,2,27,4,5,5,0,0,15,0.0
3,1,29,5,5,1,8,0,17,100.0
3,2,0,5,0,5,1,22107,0,24.0
3,2,18,5,3,3,10,22350,14,229.0
3,7,25,5,3,3,10,23152,7,72.0
3,0,44,5,5,1,10,0,18,45.0
10,2,26,5,8,5,10,21955,18,450.0
9,0,0,5,3,1,10,0,17,50.0
3,1,78,5,0,2,0,0,15,0.0
3,7,29,5,5,3,1,23152,22,150.0
3,0,0,5,5,1,10,0,14,21.0
3,1,56,4,8,1,1,0,17,0.0
3,2,67,4,6,5,0,0,23,0.0
3,1,38,5,0,1,0,0,16,0.0
3,0,0,4,5,1,10,0,7,189.0
9,2,28,4,3,5,0,0,15,51.0
3,2,31,5,2,3,0,0,3,0.0
3,7,33,5,5,3,10,22350,4,615.0
3,2,56,5,6,2,1,22107,9,115.0
3,1,48,5,5,2,10,0,11,100.0
9,2,31,4,5,5,2,0,12,60.0
3,2,0,4,3,5,0,22350,22,393.0
18,2,0,4,6,5,10,0,0,51.0
3,7,21,5,5,1,0,23152,18,0.0
3,6,48,5,6,2,10,0,10,148.0
3,1,43,5,0,2,0,21453,15,0.0
3,1,27,5,3,1,1,22107,8,40.0
9,2,66,5,6,2,0,21755,13,158.0
9,2,0,4,5,5,3,0,19,0.0
3,1,48,5,5,3,0,21703,17,0.0
6,1,40,4,3,5,0,0,21,0.0
3,1,32,5,6,2,8,22517,19,100.0
3,0,0,5,3,5,10,0,14,1211.0
3,1,54,5,5,2,0,22350,10,0.0
9,1,49,4,0,2,0,0,15,0.0
3,1,19,5,0,2,0,21453,20,0.0
18,2,0,5,1,3,1,23103,20,81.0
3,1,38,5,0,2,0,0,17,0.0
3,1,42,5,0,3,0,0,14,0.0
3,7,39,5,3,3,0,22350,23,0.0
3,7,20,5,5,3,0,22350,22,0.0
1,1,58,5,0,1,2,0,13,0.0
9,1,40,5,0,5,0,21800,11,0.0
3,1,54,5,0,5,0,0,17,0.0
3,2,19,4,6,5,0,0,11,0.0
3,2,48,4,0,5,0,0,11,0.0
18,0,0,5,0,2,10,0,0,0.0
3,1,27,5,0,2,2,21801,18,0.0
3,1,39,5,1,3,0,0,14,0.0
3,0,0,5,6,1,10,0,23,448.0
3,1,58,4,3,5,1,21949,19,0.0
3,0,0,4,6,5,10,0,19,51.0
3,1,35,4,3,5,0,0,9,600.0
3,1,45,5,3,5,10,21804,5,400.0
3,0,0,5,5,5,10,0,10,0.0
18,2,0,5,7,5,0,22350,21,21.0
3,0,0,5,0,1,10,0,15,131.0
3,0,0,1,1,3,10,0,9,0.0
3,0,0,5,5,2,10,0,1,470.0
3,2,0,5,5,3,2,1,15,54.0
13,2,0,4,0,5,2,0,15,0.0
3,1,39,5,5,1,8,0,18,0.0
3,1,40,5,5,1,0,0,8,0.0
3,2,62,5,0,3,0,0,21,0.0
3,7,43,5,5,3,0,23153,1,91.0
3,0,0,5,6,1,10,0,6,465.0
9,1,62,5,3,5,5,0,8,30.0
9,0,0,5,3,1,10,0,22,25.0
1,1,0,5,5,1,8,0,8,245.0
3,1,45,5,0,3,2,21453,17,0.0
3,2,33,4,3,5,2,0,19,0.0
18,2,48,5,5,2,8,0,19,37.0
3,1,20,5,0,2,2,22107,7,0.0
3,1,21,5,1,3,0,22350,0,60.0
9,2,0,5,1,2,0,20002,13,20.0
3,2,0,5,2,5,2,22350,3,0.0
9,2,52,4,0,5,0,0,15,51.0
3,2,0,5,3,5,5,22350,8,130.0
3,2,23,5,3,1,1,0,20,508.0
3,1,20,5,2,3,0,22350,22,51.0
3,1,30,5,5,1,8,0,21,0.0
3,0,0,5,5,3,10,0,4,51.0
18,2,0,4,5,5,0,0,0,0.0
9,1,66,4,0,5,0,21802,17,0.0
3,1,28,5,0,2,0,0,1,0.0
3,1,49,5,0,1,0,0,4,0.0
6,1,0,4,5,1,3,0,19,280.0
3,2,27,4,5,5,0,0,18,0.0
3,1,31,5,1,4,2,21453,21,0.0
3,1,53,5,5,1,10,0,8,0.0
3,1,76,5,5,2,8,0,21,0.0
3,2,0,5,5,3,0,20002,4,0.0
3,2,57,4,0,5,10,0,16,200.0
3,1,23,5,2,2,2,21453,0,0.0
3,1,77,5,0,3,0,0,7,0.0
3,1,64,5,6,1,10,22107,10,0.0
9,1,18,5,5,2,8,0,21,0.0
3,2,61,4,5,5,0,0,12,0.0
3,1,70,5,0,2,0,0,11,0.0
8,1,20,5,3,1,5,22350,7,871.0
3,0,0,5,5,3,10,0,2,50.0
3,0,0,4,3,2,10,0,20,0.0
3,5,37,5,6,1,2,0,23,0.0
18,2,0,4,3,5,4,20002,21,0.0
9,0,0,5,6,1,10,0,14,215.0
3,1,24,5,0,1,0,0,14,0.0
3,2,0,5,0,2,2,21802,21,0.0
3,0,0,5,0,3,10,0,3,115.0
3,2,58,4,5,5,8,0,19,0.0
18,2,0,4,6,5,5,0,2,0.0
3,1,74,5,3,2,4,22350,10,277.0
3,1,19,5,5,1,0,22350,23,44.0
18,2,0,5,0,5,10,21802,20,0.0
3,1,50,5,5,2,8,0,17,0.0
10,1,63,5,8,5,0,0,8,0.0
3,2,31,5,0,2,2,0,15,0.0
6,1,25,5,5,1,3,0,9,610.0
3,7,47,5,0,2,0,23152,19,403.0
9,2,41,4,5,5,8,0,9,51.0
9,1,44,5,6,1,2,0,16,0.0
3,0,0,5,6,1,10,0,20,150.0
3,1,56,5,0,2,0,0,18,62.0
3,1,33,5,0,1,0,0,13,0.0
3,5,23,5,0,2,0,22450,21,0.0
9,2,0,5,3,1,10,20002,2,60.0
3,0,0,4,3,5,10,0,17,32.0
3,2,23,5,5,3,0,22350,22,105.0
3,2,72,4,3,5,8,0,11,0.0
9,7,39,5,6,2,10,22107,20,183.0
3,1,47,5,0,3,2,0,22,0.0
3,1,36,5,0,2,8,0,2,30.0
9,1,24,5,1,3,2,22107,17,80.0
0,1,41,5,3,1,0,0,18,0.0
0,1,18,4,0,5,0,0,9,0.0
9,0,0,5,6,1,10,0,16,430.0