PartyType_Code,Sobriety_Code,Age,PrimaryCollisionFactor_Code,CollisionType_Code,VehicleDamage_Code,MovementPrecedingCollision_Code,ViolationCode,CrashTime,Distance
3,0,0,5,6,1,10,0,15,230.0
3,1,65,5,3,2,5,21658,7,200.0
3,1,26,5,2,3,2,21801,13,160.0
3,2,57,5,6,5,5,0,20,0.0
3,2,33,5,4,2,8,21453,20,0.0
3,2,27,5,0,3,10,21802,21,0.0
9,1,27,5,5,2,8,0,20,0.0
9,0,0,5,1,3,10,0,21,200.0
3,0,0,4,3,3,10,0,1,0.0
3,2,0,4,5,5,0,22350,14,0.0
9,1,0,5,1,5,0,0,10,0.0
3,2,51,4,6,5,10,0,17,51.0
3,0,0,5,1,5,10,0,18,20.0
3,2,0,4,5,5,0,0,16,0.0
3,2,27,4,3,5,3,0,20,51.0
10,2,69,5,8,5,10,0,6,0.0
13,1,45,5,5,1,0,22350,10,164.0
9,1,69,5,6,1,5,21658,21,0.0
3,0,0,5,5,1,10,0,2,26.0
3,0,0,5,3,2,10,0,2,60.0
3,2,0,4,6,5,10,0,17,0.0
3,2,0,4,6,5,10,0,16,51.0
3,1,46,5,0,3,0,0,19,0.0
18,2,0,5,3,5,10,22350,1,277.0
3,1,52,5,0,2,0,0,17,0.0
3,2,55,5,0,3,0,0,14,0.0
3,2,0,4,6,5,1,0,20,0.0
3,1,35,5,5,2,8,0,11,0.0
3,0,0,5,6,5,10,0,19,20.0
3,1,57,5,0,2,0,0,11,0.0
3,2,0,4,6,5,8,0,8,0.0
0,2,48,0,7,5,0,21703,8,28.0
3,1,41,5,1,3,0,0,7,0.0
3,7,50,5,2,2,10,22107,13,113.0
3,7,23,5,5,3,0,23152,23,0.0
3,1,40,5,3,1,0,0,11,150.0
3,2,57,5,5,1,8,0,19,238.0
3,2,0,4,5,5,8,0,17,0.0
9,1,47,5,0,2,0,21453,15,0.0
3,1,70,5,1,2,2,0,15,0.0
3,1,66,5,1,3,0,0,18,0.0
0,2,48,4,3,5,0,0,16,231.0
3,2,0,4,1,5,4,0,18,0.0
18,1,46,5,0,3,2,22107,13,387.0
3,0,0,5,3,5,10,0,9,180.0
3,0,0,5,6,3,10,0,8,415.0
18,2,0,4,3,5,10,0,12,0.0
3,1,67,3,8,5,0,0,6,51.0
0,2,59,5,0,5,0,0,17,0.0
18,2,0,4,5,5,10,0,19,0.0
3,2,25,4,5,5,10,0,21,51.0
3,0,0,5,1,2,10,0,17,150.0
9,2,0,5,0,5,0,21453,13,0.0
3,2,55,5,5,5,10,0,15,0.0
3,6,16,5,0,3,1,21802,14,100.0
3,7,21,5,3,3,0,23103,2,0.0
3,1,22,5,5,2,8,0,11,180.0
3,1,26,5,0,5,10,21804,14,0.0
3,2,0,4,5,5,0,0,15,0.0
18,2,0,4,5,5,0,0,7,50.0
3,0,0,5,0,1,10,0,18,0.0
18,2,0,5,1,5,10,22350,6,400.0
9,1,24,5,6,1,10,21804,15,1320.0
3,2,0,5,5,5,0,22350,17,45.0
3,1,45,5,1,3,2,21453,22,0.0
3,0,0,4,0,5,10,0,7,51.0
9,0,0,5,6,2,10,0,0,188.0
3,1,48,4,5,1,0,22350,9,0.0
3,2,39,4,5,5,0,22350,20,50.0
3,1,28,4,0,5,0,0,12,0.0
3,1,79,5,5,2,1,0,14,0.0
3,1,61,5,8,5,1,21950,19,0.0
3,0,0,4,6,5,10,0,15,0.0
3,0,0,5,3,2,10,0,7,120.0
9,2,49,4,5,5,8,0,15,0.0
3,1,58,5,6,1,3,22106,13,15.0
3,1,69,5,0,3,0,0,18,0.0
3,1,50,4,5,5,8,0,18,0.0
18,2,0,4,3,5,10,0,0,40.0
9,2,0,5,3,5,1,0,5,75.0
18,1,55,5,0,4,0,0,13,0.0
3,0,0,4,0,5,10,0,19,0.0
3,1,40,4,0,5,0,0,11,0.0
3,0,0,4,3,5,10,0,2,0.0
3,2,0,3,8,5,0,0,18,55.0
3,1,24,5,1,2,8,0,21,0.0
18,2,0,5,6,5,3,0,21,100.0
3,2,32,5,1,2,0,0,21,0.0
3,2,0,5,1,2,0,22350,15,177.0
0,1,13,0,3,5,10,21804,10,0.0
18,2,0,4,5,5,10,0,22,0.0
3,1,33,5,5,5,8,0,18,0.0
3,2,30,4,5,5,8,0,10,0.0
3,7,36,5,6,2,0,22107,3,54.0
3,2,0,5,0,1,1,22350,18,31.0
3,2,35,5,6,1,1,0,16,435.0
3,1,19,4,5,1,0,0,11,0.0
8,1,32,5,6,1,5,0,18,81.0
9,2,28,5,5,1,0,22350,0,32.0
3,2,32,4,5,5,8,0,17,0.0
3,2,69,5,5,5,10,0,15,343.0
3,5,24,5,1,3,2,21800,15,0.0
9,2,46,4,0,2,0,0,11,0.0
3,2,36,5,5,3,2,22350,18,0.0
3,1,53,5,5,1,0,22350,6,52.0
3,0,0,5,2,1,10,0,21,207.0
3,1,47,5,5,5,10,0,14,10.0
3,2,25,4,5,5,8,0,16,0.0
3,2,0,5,6,2,10,0,21,46.0
3,2,18,4,5,5,0,0,15,0.0
13,2,26,5,6,5,1,22108,9,0.0
3,1,42,5,1,2,2,21801,7,0.0
3,1,36,5,5,2,8,0,21,145.0
3,0,0,5,5,2,10,0,5,180.0
3,1,18,5,5,3,10,21802,8,0.0
3,1,61,5,3,5,1,0,14,0.0
3,4,39,6,3,2,0,22107,3,30.0
3,2,0,4,1,5,10,21657,15,0.0
3,0,0,4,3,2,10,0,19,264.0
18,2,0,5,5,5,0,22350,7,483.0
3,7,25,5,5,3,0,22350,18,25.0
18,2,0,4,3,5,10,0,7,0.0
18,2,39,4,6,5,0,0,8,0.0
3,1,44,5,3,5,10,22350,13,0.0
18,2,0,4,3,5,10,0,18,0.0
3,1,55,5,1,3,2,21453,21,0.0
3,1,43,3,3,1,0,0,14,509.0
3,1,29,4,5,1,10,0,17,100.0
0,1,31,5,6,1,0,0,19,150.0
9,2,0,5,0,2,3,22106,6,255.0
3,2,39,5,5,1,8,0,19,453.0
3,0,0,5,3,2,10,0,2,0.0
3,1,66,5,0,2,1,21804,15,0.0
9,2,0,4,6,5,10,0,21,0.0
3,2,0,4,5,5,0,0,18,0.0
3,6,37,5,3,1,10,22107,8,200.0
3,7,63,5,6,1,0,21658,21,144.0
3,2,21,5,0,1,0,0,17,0.0
3,1,34,5,5,2,0,22350,9,0.0
9,1,48,0,3,1,0,0,21,0.0
13,2,0,4,0,5,0,0,13,0.0
9,0,0,5,3,5,10,0,6,0.0
3,2,0,4,6,5,0,0,9,51.0
3,0,0,5,3,2,10,0,18,118.0
3,1,64,5,0,3,0,0,15,0.0
9,1,63,5,1,2,0,21453,7,0.0
3,0,0,5,5,5,10,0,20,150.0
3,1,41,5,3,1,10,22350,10,45.0
3,1,21,5,1,2,0,21650,15,0.0
3,2,0,4,3,5,10,0,7,51.0
3,0,0,5,3,3,10,0,17,159.0
18,1,64,5,5,2,10,21658,18,144.0
3,1,51,5,0,3,0,0,23,0.0
3,1,63,5,6,1,10,22101,23,54.0
3,7,20,5,6,2,2,22107,1,0.0
3,1,53,5,6,1,0,0,19,0.0
3,1,22,5,8,2,10,0,21,578.0
3,2,0,5,6,5,10,0,18,0.0
3,1,63,5,5,1,10,0,13,51.0
3,2,31,4,0,5,0,0,11,51.0
18,2,0,5,6,5,0,22107,19,51.0
3,0,0,5,3,1,10,0,14,177.0
3,1,22,5,5,1,0,0,16,0.0
0,2,29,0,3,5,10,21650,17,0.0
10,2,32,5,8,5,10,0,11,0.0
3,0,0,5,7,5,10,0,4,0.0
3,1,75,5,0,1,0,21802,14,0.0
3,2,0,5,3,1,10,22107,18,0.0
9,1,51,5,0,1,8,0,12,0.0
3,1,28,5,3,5,1,21950,13,0.0
8,1,20,5,0,2,0,0,12,460.0
3,2,0,5,0,3,0,22350,19,33.0
3,0,0,5,1,5,10,0,23,287.0
3,2,0,5,3,5,0,22107,22,100.0
3,0,0,5,3,2,10,0,11,0.0
0,1,45,0,3,2,0,21802,14,0.0
3,1,30,5,0,3,0,0,12,0.0
3,2,27,4,6,5,0,0,13,0.0
3,2,23,5,0,1,2,0,11,0.0
3,1,26,5,6,1,8,0,2,345.0
0,1,39,0,7,3,0,21803,18,16.0
10,1,4,2,3,5,9,0,15,0.0
3,1,20,5,0,1,0,0,18,0.0
3,2,49,5,0,3,2,0,9,0.0
3,1,50,5,0,2,2,0,9,0.0
3,1,44,5,5,3,10,0,10,80.0
8,1,45,5,3,5,0,0,17,224.0
3,7,38,5,6,4,0,23152,22,60.0
3,1,27,5,0,1,0,21802,14,0.0
3,1,56,5,0,2,0,0,23,0.0
3,2,18,5,0,3,2,21801,13,0.0
3,2,0,5,6,3,0,22350,6,0.0
3,2,26,5,5,1,10,0,14,250.0
3,1,43,5,6,3,0,0,13,13.0
3,0,0,5,5,3,10,0,0,240.0
9,2,0,5,3,5,10,22107,18,189.0
3,2,28,5,5,1,8,0,16,75.0
3,0,0,5,6,3,10,0,4,20.0
3,1,57,5,0,2,2,0,16,0.0
3,1,44,5,0,2,0,0,15,71.0
3,1,33,5,5,1,0,22350,19,72.0
3,1,37,4,5,5,8,0,16,0.0
3,2,0,5,3,5,0,20002,6,0.0
3,0,0,5,1,3,10,0,0,110.0
3,1,59,5,0,2,1,21804,8,150.0
3,0,0,4,3,5,10,0,12,0.0
3,0,0,5,6,1,10,0,0,280.0
9,7,29,5,3,2,5,22107,18,0.0
9,1,61,5,6,1,0,22350,2,260.0
3,3,43,5,1,2,10,21650,16,0.0
3,2,0,5,3,5,10,0,3,150.0
3,2,0,5,6,5,0,21453,10,0.0
3,0,0,4,6,5,10,0,0,80.0
3,1,76,5,5,2,0,0,12,0.0
3,1,19,5,1,3,2,21801,11,0.0
3,2,0,5,3,2,0,21950,17,0.0
3,1,20,5,5,2,0,1,23,78.0
3,0,0,4,3,5,10,0,2,387.0
3,1,66,4,3,5,8,0,11,0.0
3,1,22,5,5,1,0,22350,13,0.0
3,1,36,5,1,2,0,0,8,190.0
3,1,18,5,5,5,0,22350,14,100.0
3,1,63,5,5,3,8,22107,18,542.0
3,1,32,5,0,3,0,0,10,0.0
3,2,0,5,2,5,1,22107,19,0.0
3,2,31,5,0,3,10,0,18,48.0
3,7,25,5,0,2,0,23153,0,322.0
3,2,34,5,5,2,0,21703,12,253.0
3,1,68,5,1,3,0,0,12,0.0
3,2,29,4,5,5,0,0,18,0.0
3,0,0,4,5,5,10,0,13,275.0
3,1,45,5,5,3,0,21453,21,0.0
3,0,0,4,6,5,10,0,17,270.0
3,2,81,4,3,5,2,0,11,0.0
0,1,17,0,7,5,0,22350,8,226.0
3,0,0,4,5,5,10,0,23,51.0
3,2,0,4,6,5,4,0,8,0.0
3,0,0,5,5,2,10,0,5,520.0
9,2,0,5,6,5,0,21658,12,144.0
9,0,0,1,6,1,10,0,5,126.0
9,7,30,5,3,4,0,23152,15,650.0
3,1,81,4,0,1,0,0,14,0.0
3,0,0,5,5,3,10,0,18,230.0
1,1,47,5,6,1,2,0,13,0.0
3,1,33,5,5,1,8,0,12,179.0
18,1,22,5,5,2,8,0,16,150.0
18,2,0,4,6,5,10,0,10,0.0
1,1,65,5,0,1,2,21801,18,0.0
3,1,49,5,2,2,2,22350,11,0.0
3,1,60,5,0,1,5,21658,22,75.0
3,0,0,5,1,3,10,0,17,0.0
9,2,0,4,5,5,8,0,17,0.0
3,0,0,5,6,1,10,0,2,250.0
0,2,36,5,7,5,10,0,18,0.0
3,7,27,5,3,3,10,22350,1,400.0
3,2,33,4,6,5,10,0,15,200.0
3,2,87,5,0,2,0,22450,13,0.0
9,2,17,4,0,5,0,0,17,0.0
3,1,48,5,0,3,8,0,20,0.0
0,1,10,0,7,5,10,21804,17,400.0
3,2,47,4,5,5,8,0,9,0.0
9,0,0,5,3,2,10,0,16,320.0
3,1,35,5,5,1,10,22350,17,90.0
3,1,44,5,0,3,1,21804,20,100.0
18,2,0,4,3,5,10,0,7,0.0
8,1,22,5,5,3,0,22350,9,40.0
11,2,0,4,7,5,0,0,22,0.0
9,1,26,5,5,2,0,22350,15,32.0
3,1,17,5,0,4,0,0,20,120.0
9,0,0,5,5,1,10,0,20,42.0
3,2,0,4,6,5,0,22350,1,105.0
3,2,0,4,6,5,1,0,16,127.0
3,2,0,5,5,5,1,22100,19,0.0
3,2,65,5,0,2,2,21801,16,280.0
3,7,65,5,5,5,0,22350,21,87.0
3,0,0,5,1,1,10,0,3,45.0
9,2,43,4,5,5,8,0,15,0.0
3,2,73,5,0,5,1,22107,17,0.0
3,2,28,1,6,1,0,1,0,56.0
3,2,0,4,3,5,1,0,8,0.0
3,1,25,5,0,2,0,0,14,0.0
3,2,48,5,5,5,8,0,0,44.0
3,2,0,4,3,5,5,0,18,0.0
9,1,42,5,3,1,2,0,13,0.0
3,1,41,5,0,1,2,0,9,0.0
3,7,26,5,2,2,0,21651,3,0.0
3,1,32,5,1,2,2,21801,15,0.0
3,1,0,4,0,5,0,0,14,0.0
3,6,17,5,0,1,1,22350,19,33.0
3,1,51,5,5,1,8,0,15,440.0
3,0,0,5,3,3,10,0,15,93.0
10,7,41,5,3,5,0,0,1,0.0
9,1,19,4,5,1,0,0,15,0.0
3,1,48,5,5,2,8,0,14,0.0
3,2,69,5,1,3,2,21801,13,25.0
3,2,68,4,1,5,2,0,18,0.0
3,1,21,5,1,3,0,21453,22,0.0
18,2,0,4,3,5,0,0,22,60.0
3,7,28,5,3,3,10,22350,23,0.0
3,2,63,4,7,2,0,0,3,0.0
9,0,0,5,0,1,10,0,22,18.0
3,1,42,5,6,2,0,0,8,120.0
3,2,0,4,6,5,10,0,17,0.0
3,1,22,5,6,2,5,21658,20,100.0
9,1,50,4,0,5,0,0,12,0.0
0,2,29,5,7,5,0,0,17,0.0
3,0,0,5,3,1,10,0,17,1000.0
3,0,0,5,5,3,10,0,23,55.0
3,7,23,5,4,4,10,23152,22,75.0
3,7,23,5,5,3,0,23153,2,0.0
3,1,59,5,5,1,8,0,12,182.0
9,2,42,5,0,3,0,22450,18,0.0
3,0,0,4,5,5,10,0,20,0.0
3,1,36,5,6,5,0,0,14,161.0
3,1,31,0,3,1,0,0,21,0.0
3,1,49,5,0,2,0,0,17,0.0
3,1,50,5,3,1,2,0,11,0.0
3,2,45,5,6,3,0,23103,14,40.0
18,2,0,4,3,5,10,0,8,51.0
3,0,0,5,3,5,10,0,21,0.0
9,2,0,5,5,5,0,0,18,0.0
3,2,33,4,5,5,8,0,0,0.0
3,2,0,4,7,5,0,0,17,0.0
3,2,19,5,5,2,0,22350,9,0.0
3,7,37,5,5,3,0,23153,6,40.0
3,2,55,4,5,5,8,0,8,0.0
18,2,0,4,5,5,10,0,15,0.0
3,1,34,5,0,5,0,21453,15,0.0
3,1,28,5,0,5,0,0,23,0.0
3,0,0,5,5,2,10,0,7,130.0
3,1,22,5,0,2,0,0,22,0.0
3,2,53,1,7,1,0,22450,14,0.0
3,2,24,4,5,5,0,0,15,0.0
3,5,64,5,5,2,0,0,23,0.0
3,2,41,4,1,3,2,0,7,0.0
3,1,30,5,0,2,0,0,11,0.0
3,0,0,5,2,1,10,0,12,163.0
3,1,63,5,0,2,0,0,8,0.0
10,1,15,3,3,5,10,21456,7,0.0
3,7,55,5,5,1,0,23152,16,210.0
18,1,30,5,5,2,8,0,8,159.0
3,4,34,5,5,3,0,22350,16,584.0
3,1,21,4,0,2,0,0,17,0.0
3,2,0,5,3,3,0,22107,1,0.0
3,1,32,5,0,2,0,21453,9,0.0
0,1,42,0,3,5,0,22350,16,20.0
3,2,60,4,3,5,0,0,11,0.0
3,1,33,5,0,3,0,0,19,0.0
3,1,53,4,0,2,0,0,14,0.0
1,1,59,5,5,1,8,0,18,123.0
3,2,0,5,2,5,0,22350,6,0.0
3,1,47,5,5,2,2,22350,12,120.0
3,2,53,4,2,5,8,0,17,70.0
3,0,40,5,5,3,10,0,7,150.0
3,2,0,4,5,5,2,0,7,0.0
3,2,18,5,5,1,0,22350,17,245.0
10,2,77,3,8,5,10,21950,18,51.0
3,1,60,5,5,1,1,21703,13,20.0
3,1,19,5,0,2,2,21801,23,0.0
9,1,24,5,0,1,8,0,14,0.0
18,2,0,4,3,5,10,0,12,0.0
3,2,0,5,5,2,10,0,20,150.0
3,2,27,5,7,5,10,22517,17,30.0
9,2,0,5,5,5,0,22350,0,47.0
3,0,0,5,5,2,10,0,0,266.0
3,1,24,0,7,1,1,0,19,415.0
3,2,54,5,6,1,0,0,21,22.0
3,1,40,5,1,3,0,0,20,0.0
3,2,60,4,5,5,10,0,19,0.0
0,1,49,0,6,1,0,21650,8,0.0
3,2,0,5,5,5,1,0,19,0.0
10,0,0,4,3,5,9,0,7,0.0
3,1,62,5,0,3,0,21800,16,0.0
3,1,67,6,1,3,2,22100,18,480.0
3,2,54,5,5,1,0,0,8,128.0
3,2,24,4,5,5,8,0,15,0.0
9,0,0,5,3,1,10,0,0,137.0
3,1,24,5,0,5,0,0,13,300.0
3,1,19,5,5,2,8,0,8,165.0
3,2,0,5,0,3,0,21453,10,0.0
10,7,0,3,8,5,10,21954,22,0.0
3,0,68,5,5,1,8,0,12,0.0
3,2,0,5,3,5,10,21750,8,412.0
3,0,0,5,5,2,10,0,20,66.0
9,1,54,5,0,1,1,0,10,36.0
3,1,20,5,2,4,0,22350,14,2640.0
18,2,20,4,0,5,10,0,19,0.0
8,0,0,4,3,5,10,0,23,51.0
9,1,58,5,0,4,0,0,17,0.0
3,1,22,4,0,3,0,0,23,0.0
3,0,45,5,0,3,10,0,19,86.0
3,0,0,5,6,1,10,0,14,46.0
3,7,21,5,2,3,10,22107,3,0.0
3,1,34,5,2,3,10,22107,3,0.0
3,1,28,5,0,4,0,0,11,0.0
3,1,30,4,0,2,10,23109,16,0.0
3,7,69,5,5,3,0,0,23,198.0
3,1,24,5,0,1,0,0,20,0.0
3,1,72,5,3,1,0,21209,20,1058.0
3,1,23,5,2,3,10,22350,5,42.0
3,2,0,4,5,5,10,0,8,0.0
9,0,0,5,5,1,10,0,21,60.0
3,2,59,4,5,5,2,0,13,0.0
3,0,0,5,1,2,10,0,13,0.0
3,0,0,5,6,3,10,0,15,168.0
3,2,20,5,5,1,0,21703,18,0.0
3,2,0,5,3,5,10,22107,6,75.0
3,1,72,5,0,1,0,0,14,138.0
3,1,46,5,5,3,0,0,23,36.0
18,2,0,4,3,5,9,0,16,0.0
3,2,0,5,2,3,10,22107,4,51.0
3,2,19,4,0,5,2,0,7,0.0
3,2,0,5,6,5,10,22106,17,78.0
3,2,54,4,3,5,8,0,8,0.0
3,2,53,5,5,2,8,0,10,70.0
3,2,0,5,1,5,0,23103,5,87.0
3,2,61,5,5,2,0,0,11,172.0
3,1,53,5,5,2,0,22350,7,289.0
18,2,0,5,3,5,3,22350,22,0.0
3,1,38,5,6,2,0,0,15,0.0
3,2,48,5,5,3,0,22350,17,0.0
3,1,58,5,5,2,0,22350,13,50.0
9,2,0,5,6,5,0,22107,14,0.0
3,2,30,4,5,5,0,0,22,0.0
3,2,37,5,6,1,3,22350,23,0.0
3,2,0,5,5,5,0,22350,21,0.0
3,5,66,4,7,1,0,0,5,0.0
8,1,25,5,0,1,0,0,20,0.0
3,1,19,4,5,1,2,0,16,293.0
3,0,0,5,3,2,10,0,23,0.0
10,2,47,4,8,5,10,0,19,0.0
3,2,0,5,5,2,0,22350,19,51.0
3,2,70,5,1,1,8,0,15,45.0
3,0,0,4,3,5,10,0,0,50.0
3,0,0,5,3,2,10,0,22,154.0
10,2,48,3,8,5,10,21955,5,0.0
17,0,46,5,5,5,10,0,9,610.0
3,2,33,4,6,5,0,0,8,1320.0
3,1,41,4,0,3,0,0,13,0.0
9,0,0,4,6,5,10,0,20,118.0
9,1,30,5,5,1,0,12500,12,10.0
3,2,26,5,0,2,0,21453,23,0.0
18,2,0,4,6,5,10,0,11,51.0
3,1,57,0,7,5,1,0,12,0.0
3,7,20,5,5,3,8,0,22,15.0
3,1,30,5,3,3,0,22107,4,49.0
3,2,59,4,3,5,10,0,12,51.0
3,2,0,5,2,3,10,22350,6,0.0
3,1,73,5,8,5,0,21950,8,0.0
3,2,0,5,6,5,10,22350,13,48.0
3,2,0,4,3,2,10,22350,14,3.0
3,2,44,4,1,5,2,0,21,0.0
3,0,0,4,3,5,10,0,21,0.0
3,0,26,5,2,1,10,0,22,0.0
3,1,45,5,3,1,2,21950,18,0.0
3,0,0,4,6,5,10,0,19,51.0
3,1,38,5,5,3,0,0,20,238.0
3,7,26,4,1,2,2,21801,19,0.0
3,2,74,4,6,5,0,0,16,0.0
3,2,23,4,0,5,0,0,17,0.0
3,2,68,4,0,5,2,0,12,0.0
3,2,30,5,3,5,3,22106,11,20.0
18,2,0,4,3,5,10,0,7,0.0
3,7,52,5,2,5,2,23152,18,0.0
3,1,51,5,0,3,2,22107,16,56.0
3,1,53,5,5,2,8,0,14,110.0
3,2,22,4,5,5,1,0,0,0.0
3,2,68,5,5,3,0,22350,14,320.0
3,1,39,5,0,3,10,21650,16,65.0
10,1,85,5,8,5,0,0,11,73.0
3,1,20,5,8,5,0,22350,20,0.0
3,2,0,4,0,5,10,0,9,0.0
3,2,0,4,5,5,0,0,10,0.0
3,2,0,4,5,5,0,0,6,0.0
1,1,58,5,5,2,8,21703,8,39.0
3,2,32,4,6,5,10,0,14,51.0
3,1,0,5,2,3,0,22350,5,43.0
3,2,59,5,5,5,8,0,14,327.0
3,0,0,5,6,5,10,0,19,335.0
3,7,32,5,1,2,10,21657,1,188.0
3,7,22,5,3,2,1,22350,20,20.0
8,2,32,5,0,3,0,0,9,171.0
3,2,32,4,5,5,8,0,21,0.0
3,1,33,5,5,1,8,0,19,100.0
18,2,0,4,5,5,0,0,17,0.0
9,1,48,5,1,1,8,0,18,51.0
18,2,27,5,1,1,8,0,4,0.0
3,1,30,5,0,3,0,0,18,0.0
3,0,0,5,1,1,10,0,0,0.0
3,0,0,4,3,5,10,0,18,51.0
3,2,0,5,3,3,0,22350,22,0.0
10,1,21,5,8,5,10,0,16,154.0
3,2,25,4,6,5,8,0,17,0.0
0,2,20,4,3,5,1,0,15,0.0
3,2,53,4,5,1,2,22107,15,200.0
3,0,0,5,6,1,10,0,2,189.0
3,0,0,5,6,3,10,0,23,368.0
3,2,0,5,3,5,0,22350,16,72.0
3,1,22,5,0,3,0,0,10,0.0
3,2,0,5,8,5,1,22450,11,648.0
3,2,35,5,5,3,0,22350,19,100.0
3,2,0,4,6,5,0,0,15,0.0
3,6,23,4,3,5,0,0,18,0.0
3,1,52,5,6,1,0,0,12,61.0
6,1,28,5,6,1,0,0,0,0.0
9,2,0,5,5,2,0,0,2,177.0
8,1,31,5,2,5,0,0,16,108.0
3,1,27,5,0,3,2,21802,16,0.0
3,0,0,5,5,3,10,0,16,69.0
9,0,0,5,5,3,10,0,7,225.0
3,1,58,5,0,1,10,21804,11,0.0
3,1,22,5,5,1,8,0,18,0.0
3,2,31,4,5,5,8,0,12,0.0
9,2,0,5,6,2,0,21658,0,200.0
3,0,0,5,0,5,10,0,16,0.0
3,2,0,5,2,5,0,22350,12,0.0
3,2,49,5,5,1,8,0,19,189.0
3,1,50,4,5,5,8,0,21,0.0
3,2,71,4,3,5,1,21202,15,0.0
8,2,27,4,5,1,8,0,14,20.0
3,2,28,5,6,5,5,20002,12,0.0
3,1,39,5,1,3,0,0,14,245.0
9,2,0,4,6,5,10,0,16,0.0
13,2,0,5,3,5,1,22107,10,225.0
3,7,27,5,5,3,1,23153,1,0.0
10,8,31,3,3,5,10,21956,1,194.0
3,1,48,5,0,1,0,0,15,0.0
3,1,83,5,3,2,0,22107,18,313.0
3,1,40,4,0,2,0,0,7,0.0
9,1,49,5,0,2,0,0,20,0.0
3,2,65,5,5,2,0,22350,15,0.0
18,2,0,4,5,5,0,0,11,0.0
3,1,25,5,5,5,0,22350,22,97.0
3,7,51,5,6,3,0,23152,2,200.0
3,0,0,5,5,5,10,0,17,0.0
3,2,0,5,5,3,0,22350,4,140.0
3,2,0,5,5,5,0,22107,7,377.0
18,2,0,4,5,5,0,0,16,0.0
3,0,0,5,3,5,10,0,7,290.0
3,1,24,5,6,1,5,21658,12,60.0
9,2,0,5,3,5,0,22107,21,485.0
18,2,0,4,6,5,10,0,1,0.0
3,2,55,4,5,5,8,0,11,0.0
3,0,0,5,6,3,10,0,13,95.0
18,2,0,5,6,5,0,0,8,100.0
3,1,22,5,3,5,0,22350,12,0.0
3,0,0,5,6,1,10,0,20,0.0
3,2,48,4,5,5,1,0,9,0.0
3,1,45,5,1,3,2,21801,8,0.0
3,0,0,5,3,2,10,0,2,463.0
3,1,29,5,1,3,0,0,8,72.0
3,2,0,4,1,5,0,0,6,0.0
3,0,0,5,1,3,10,0,17,395.0
3,2,23,4,6,5,2,0,15,0.0
3,2,24,4,5,5,8,0,7,0.0
3,1,51,5,5,1,0,22350,18,37.0
3,2,26,5,1,3,0,21453,14,0.0
3,2,0,4,5,5,10,0,15,0.0
3,0,0,5,6,3,10,0,0,338.0
3,2,0,5,6,3,9,20002,20,0.0
0,1,19,5,5,1,0,0,6,300.0
3,0,0,5,3,2,10,0,9,528.0
3,1,20,0,3,1,2,0,20,36.0
3,1,71,5,0,3,2,22101,10,0.0
18,2,0,5,5,2,0,20002,23,246.0
3,0,0,5,5,2,10,0,3,170.0
3,6,0,5,5,5,0,22350,18,0.0
9,1,34,5,5,1,8,0,8,0.0
3,2,21,5,5,5,0,22350,10,0.0
3,2,0,5,3,3,2,22350,11,3.0
3,0,0,4,5,1,10,0,19,180.0
3,1,71,4,0,3,0,0,11,0.0
3,1,39,5,1,2,0,21453,8,0.0
3,2,0,5,6,5,0,22350,21,147.0
3,2,39,4,5,5,0,0,11,51.0
3,2,29,4,6,5,5,0,15,51.0
3,1,44,4,3,1,1,0,1,18.0
3,1,35,5,0,2,0,21453,15,0.0
3,1,19,5,0,3,0,0,14,425.0
3,1,30,5,3,5,0,22107,22,0.0
3,1,20,5,0,1,1,21453,20,0.0
3,1,24,4,1,3,0,0,18,0.0
3,2,38,4,0,5,0,0,12,0.0
3,0,0,4,3,5,10,0,15,0.0
3,1,29,5,0,3,2,0,21,0.0
9,5,30,5,2,3,0,0,17,35.0
3,2,0,4,0,5,0,0,2,0.0
3,1,27,5,5,5,8,0,17,0.0
3,7,45,5,6,2,0,23152,19,54.0
0,1,44,5,3,2,0,0,17,0.0
3,0,0,4,3,5,10,0,19,0.0
3,4,43,5,2,3,2,22101,0,0.0
3,2,0,5,6,3,0,22350,20,373.0
3,0,0,4,8,1,10,0,21,0.0
3,6,0,5,0,5,1,20002,20,0.0
3,1,56,5,6,2,1,0,17,40.0
3,1,49,5,5,5,8,0,15,0.0
0,7,13,5,7,1,2,21453,15,0.0
3,0,0,5,3,2,10,0,23,1741.0
9,1,19,5,2,3,0,22350,4,238.0
9,3,61,5,3,1,2,21950,18,0.0
9,7,46,5,5,3,0,22350,21,78.0
3,2,25,4,3,5,8,0,10,0.0
3,2,57,5,0,5,0,21453,8,0.0
18,2,0,5,3,5,10,0,3,30.0
9,7,62,5,6,1,0,23152,20,175.0
3,7,27,5,0,2,0,23152,5,112.0
3,0,0,5,1,3,10,0,3,120.0
3,1,66,5,0,3,0,21453,7,0.0
3,2,19,4,5,5,10,0,10,0.0
0,2,36,4,7,5,0,0,14,0.0
3,2,48,5,0,2,2,21804,16,111.0
13,1,36,5,3,3,1,21949,22,0.0
3,1,59,5,3,1,0,21950,18,0.0
9,2,69,5,1,4,0,0,7,0.0
3,2,0,5,5,5,8,0,7,325.0
3,2,24,4,5,5,1,0,8,0.0