PartyType_Code,Sobriety_Code,Age,PrimaryCollisionFactor_Code,CollisionType_Code,VehicleDamage_Code,MovementPrecedingCollision_Code,ViolationCode,CrashTime,Distance
18,2,34,5,2,5,10,22350,6,580.0
3,2,0,4,6,5,10,0,21,0.0
3,1,22,5,0,2,10,21801,2,75.0
3,2,0,4,0,5,0,0,18,0.0
3,1,62,5,5,5,8,0,17,0.0
3,0,0,5,3,2,10,0,3,120.0
3,1,30,4,3,1,1,0,19,0.0
3,2,51,4,0,5,0,0,4,0.0
3,1,19,5,6,3,0,21658,22,0.0
3,1,80,5,1,3,2,21453,13,0.0
3,1,30,5,0,3,0,0,9,0.0
3,1,44,5,5,1,8,0,15,0.0
3,1,32,5,6,1,0,21750,8,8.0
3,1,29,5,3,5,1,22107,5,0.0
3,2,30,5,5,3,8,0,7,32.0
9,1,62,1,7,5,10,21804,6,102.0
3,2,0,5,6,3,1,22107,0,77.0
3,1,49,3,8,3,0,0,5,315.0
3,2,20,4,5,1,8,0,16,0.0
3,1,20,5,0,1,10,22103,12,0.0
3,1,17,5,5,1,8,0,15,35.0
3,0,0,5,6,2,10,0,0,297.0
3,1,43,5,0,1,10,21804,16,200.0
3,2,0,4,5,5,0,0,14,0.0
18,2,0,4,0,5,3,0,15,0.0
3,2,0,4,6,5,1,0,8,0.0
3,2,0,5,6,5,0,22350,20,160.0
18,2,0,5,6,5,0,22350,10,32.0
3,0,0,5,5,2,10,0,0,68.0
3,0,0,5,8,1,10,0,1,5.0
3,1,33,5,5,2,0,0,8,0.0
3,2,53,5,0,1,0,21453,15,0.0
3,7,29,5,3,3,0,22350,2,92.0
9,0,0,4,3,5,10,0,8,73.0
3,2,37,4,5,5,10,0,16,0.0
3,0,0,4,5,2,10,0,22,170.0
3,1,86,5,5,1,0,0,20,0.0
9,1,32,4,0,2,0,0,7,0.0
18,2,0,5,3,5,9,0,18,155.0
3,2,35,5,0,2,0,21453,14,0.0
3,2,0,5,3,5,1,22107,13,0.0
3,1,41,5,5,1,8,0,16,0.0
3,1,18,5,5,2,8,0,21,0.0
3,5,52,3,8,5,0,0,23,153.0
9,0,0,5,3,1,10,0,21,0.0
10,0,56,5,8,5,0,0,20,0.0
3,2,0,4,5,5,8,0,12,0.0
3,0,0,4,2,5,10,0,11,40.0
3,1,31,5,5,3,0,22350,8,204.0
3,2,34,4,6,5,0,0,17,0.0
3,1,37,5,8,1,1,22100,6,0.0
3,4,19,5,2,3,0,22350,4,81.0
3,2,36,4,6,5,8,0,10,0.0
3,2,37,5,0,4,0,0,18,0.0
3,2,50,5,5,2,0,0,8,215.0
3,2,53,5,5,5,0,0,17,0.0
9,1,54,5,3,1,2,21950,7,0.0
3,1,41,4,1,5,0,0,14,0.0
9,0,0,5,6,3,10,0,6,147.0
10,1,25,5,3,5,10,0,18,200.0
3,0,0,4,5,5,10,0,11,0.0
3,1,38,5,0,2,2,0,14,0.0
3,1,19,4,0,2,0,0,19,0.0
3,1,40,5,0,2,0,0,10,0.0
3,0,0,5,6,2,10,0,19,109.0
3,0,0,5,3,1,10,0,15,105.0
10,1,12,3,8,5,10,21954,14,270.0
18,2,0,5,6,5,0,20002,23,0.0
3,2,67,5,0,5,2,0,10,0.0
3,0,0,4,6,5,10,0,0,0.0
3,2,82,4,5,5,8,0,16,51.0
3,2,38,4,3,5,1,0,8,0.0
3,2,67,4,3,5,5,0,15,0.0
3,0,0,5,6,2,10,0,4,549.0
0,1,15,0,7,5,2,22107,17,0.0
3,2,0,5,2,2,2,22350,0,34.0
3,2,47,5,0,5,2,0,7,0.0
3,2,41,4,5,5,0,0,8,0.0
3,2,0,4,5,5,0,0,21,0.0
3,1,22,5,1,2,0,0,20,0.0
9,0,0,5,3,2,10,0,1,2640.0
3,2,35,4,6,5,0,0,11,0.0
3,1,18,5,3,1,3,22106,13,100.0
3,0,0,5,6,3,10,0,1,260.0
3,2,0,4,5,5,10,0,1,51.0
3,0,0,6,3,5,10,0,3,135.0
3,0,0,5,6,1,10,0,23,448.0
3,0,44,5,0,3,10,0,8,199.0
3,2,0,5,5,1,10,0,13,0.0
3,2,39,5,3,1,0,22350,9,620.0
3,1,44,5,5,1,8,0,10,51.0
3,0,0,5,6,3,10,0,17,82.0
18,2,0,4,0,5,0,0,6,0.0
3,0,0,5,5,1,10,0,23,21.0
3,1,31,5,5,5,0,0,10,65.0
3,0,0,4,6,1,10,0,16,220.0
3,0,0,5,6,2,10,0,23,0.0
8,2,0,5,0,5,0,21800,16,0.0
3,1,31,5,0,2,0,0,5,0.0
18,2,0,4,5,5,0,0,9,51.0
3,0,0,5,3,5,10,0,13,250.0
3,7,37,5,2,2,2,23152,0,0.0
18,0,0,4,6,2,10,0,4,0.0
3,1,39,5,0,3,0,0,22,0.0
3,2,0,5,5,3,5,22107,22,122.0
3,1,42,5,1,5,0,0,16,80.0
3,2,48,4,6,5,2,0,12,0.0
18,2,0,5,5,5,0,22350,15,364.0
3,0,0,5,3,5,10,0,5,495.0
3,1,65,5,6,1,8,0,11,24.0
3,1,19,5,5,1,3,0,10,20.0
9,1,84,5,6,3,1,21801,7,0.0
3,1,34,5,5,5,0,0,16,0.0
3,2,23,5,5,2,0,22350,14,0.0
3,2,40,5,6,3,0,0,9,38.0
3,1,49,5,0,2,0,0,15,0.0
3,1,41,5,6,2,8,0,15,0.0
3,1,34,5,0,1,0,0,18,0.0
18,2,0,4,2,5,10,0,0,51.0
3,2,0,4,0,5,2,0,15,0.0
3,2,0,5,6,3,0,22107,11,40.0
3,2,0,5,0,1,2,21802,14,0.0
3,1,34,5,5,2,8,0,9,0.0
3,2,22,5,5,5,1,0,12,0.0
3,1,26,5,0,3,0,22450,19,0.0
9,2,0,5,3,5,3,22106,5,63.0
0,2,53,0,7,5,0,21453,18,0.0
3,1,22,5,0,3,0,0,21,0.0
8,2,0,5,3,5,0,22350,15,12.0
18,2,0,5,6,5,2,22350,22,0.0
10,2,60,5,8,5,0,0,14,250.0
3,1,51,5,0,5,0,0,9,670.0
9,1,70,5,5,1,8,0,13,40.0
8,1,57,5,0,2,2,0,21,0.0
3,0,0,5,5,1,10,0,22,289.0
3,6,57,5,5,2,0,0,14,0.0
3,2,33,5,6,1,2,22107,10,66.0
3,2,61,4,3,5,8,0,18,0.0
3,1,59,5,5,2,8,0,16,72.0
3,2,0,5,5,1,0,22350,20,0.0
3,1,54,5,5,1,8,0,16,0.0
3,2,0,5,6,3,0,23103,23,50.0
3,1,41,5,0,3,0,0,8,0.0
3,0,0,4,2,3,10,22515,23,100.0
3,1,18,3,8,3,0,0,21,0.0
3,0,0,4,5,5,10,0,17,500.0
3,1,24,5,0,1,8,0,10,220.0
3,1,63,5,3,1,5,0,17,60.0
3,1,36,4,3,1,10,0,12,200.0
8,1,25,5,6,1,0,0,18,205.0
1,1,32,5,0,1,0,0,16,10.0
3,2,0,4,3,5,10,0,18,0.0
3,2,0,5,3,5,2,21801,0,0.0
18,2,0,4,0,5,10,0,20,51.0
3,2,27,4,6,5,8,0,14,0.0
3,2,48,5,5,1,8,0,16,240.0
3,2,60,4,5,5,8,0,7,0.0
6,1,26,0,7,5,2,0,20,0.0
3,2,0,5,5,5,1,22350,19,0.0
9,0,0,4,2,3,10,0,20,242.0
18,2,43,5,6,1,0,0,22,51.0
18,0,0,5,0,3,10,0,22,53.0
3,1,40,1,2,2,2,22350,18,41.0
9,2,0,5,3,5,10,22350,11,0.0
3,2,68,5,0,2,0,0,13,0.0
6,1,46,5,1,1,0,0,8,0.0
3,1,48,5,0,5,8,22109,15,0.0
3,2,47,5,5,3,0,0,18,0.0
18,2,0,4,3,5,10,0,15,400.0
3,0,0,5,5,3,10,0,8,323.0
3,2,31,5,5,5,0,22350,21,15.0
9,2,45,4,8,5,0,0,11,0.0
3,2,0,4,5,5,0,0,11,0.0
3,2,0,5,5,5,0,21703,20,36.0
6,1,0,5,0,1,0,0,23,0.0
3,7,24,5,3,3,0,23152,1,200.0
3,1,35,5,1,3,0,21453,19,0.0
3,2,0,5,5,1,0,22350,17,93.0
3,1,50,5,5,1,8,0,14,170.0
3,1,44,5,5,2,8,0,23,0.0
3,2,0,5,5,1,10,22107,17,0.0
3,0,46,5,5,3,10,0,4,206.0
3,1,20,5,5,3,1,0,14,15.0
3,1,21,5,0,1,0,21453,15,0.0
3,1,40,5,0,3,0,0,21,0.0
3,0,0,4,3,2,10,0,10,20.0
3,0,72,5,5,2,0,0,6,0.0
3,2,28,4,5,5,8,0,16,0.0
9,1,23,5,5,2,1,22350,18,0.0
18,2,0,4,5,5,0,0,21,0.0
18,2,0,4,5,5,10,0,6,51.0
3,0,0,5,5,5,10,0,23,260.0
3,1,33,5,0,2,0,0,15,0.0
3,1,38,5,5,1,8,0,17,23.0
3,1,45,5,0,2,0,0,11,0.0
3,2,0,4,3,5,5,0,20,0.0
3,2,0,4,3,5,10,0,13,0.0
13,2,0,4,3,5,8,0,9,0.0
3,3,78,4,3,5,2,22107,14,0.0
3,2,0,4,5,5,0,0,3,51.0
3,1,27,5,2,3,1,22350,13,97.0
9,1,38,5,5,3,0,22350,18,150.0
3,2,63,5,5,1,8,0,21,20.0
3,0,0,5,6,3,10,0,1,145.0
3,7,32,5,6,1,0,23152,7,20.0
18,2,0,4,6,5,1,0,11,0.0
3,0,41,5,3,2,10,22350,14,363.0
3,1,55,5,5,2,0,21453,22,0.0
3,1,38,5,0,2,0,0,19,225.0
3,2,0,4,6,5,5,0,17,300.0
3,2,0,5,5,5,0,20002,5,668.0
3,2,0,5,6,5,0,22107,22,51.0
3,7,28,5,2,3,0,22350,21,40.0
3,2,32,4,6,5,2,0,6,0.0
3,0,0,5,3,2,10,0,6,15.0
3,2,22,4,0,5,0,0,14,0.0
3,7,21,5,2,3,10,23152,3,120.0
3,1,23,5,5,2,0,22350,15,0.0
3,1,29,5,6,1,3,22350,19,51.0
3,1,37,4,0,5,0,0,6,0.0
3,2,0,5,3,5,10,20002,19,0.0
9,2,49,4,3,5,10,0,16,51.0
3,2,0,5,2,3,0,22350,23,0.0
3,2,40,4,5,5,8,0,13,75.0
3,2,48,5,5,1,8,0,17,0.0
3,2,0,4,0,5,0,0,19,0.0
3,1,53,5,1,2,0,0,18,0.0
3,2,22,4,3,5,10,0,18,51.0
10,2,0,5,3,5,10,0,0,0.0
9,1,38,5,6,1,0,0,16,0.0
18,2,30,5,0,1,1,22107,7,0.0
3,1,33,5,0,2,2,22107,13,56.0
9,1,27,5,6,2,10,22107,10,96.0
3,1,82,5,1,3,0,21453,9,0.0
10,1,19,5,8,5,10,0,6,0.0
3,1,42,5,6,1,1,0,15,20.0
3,1,32,5,3,5,0,22350,9,400.0
10,2,61,5,8,5,0,0,16,0.0
3,0,0,5,1,1,10,0,0,327.0
3,0,0,5,0,3,10,0,13,0.0
3,2,17,5,6,1,2,21801,15,0.0
9,2,47,5,3,5,3,22106,15,0.0
3,4,66,5,6,2,0,22350,3,50.0
9,0,0,5,6,2,10,0,18,146.0
9,1,55,4,5,1,0,0,14,0.0
3,2,36,5,1,1,0,0,13,22.0
0,1,16,5,3,5,0,0,16,0.0
3,2,35,4,6,5,0,0,12,51.0
3,1,85,5,0,2,8,0,19,50.0
3,0,0,5,6,5,10,0,10,112.0
3,2,0,5,5,5,2,21801,19,0.0
3,7,22,5,2,2,2,23152,1,0.0
3,2,55,4,5,5,8,0,14,0.0
3,0,0,0,5,1,10,0,13,101.0
3,0,0,5,6,5,10,0,6,472.0
9,7,25,5,0,3,0,21453,23,0.0
9,0,0,5,6,2,10,0,23,190.0
3,2,0,5,6,5,10,21651,0,140.0
3,1,40,5,5,1,8,0,18,0.0
3,2,66,5,2,2,10,22350,3,76.0
9,1,67,5,0,3,0,21453,10,0.0
3,2,25,4,5,5,2,0,13,20.0
9,2,72,4,5,5,8,0,16,0.0
3,0,0,5,3,2,10,0,1,300.0
3,2,67,6,3,1,1,21200,19,0.0
3,1,59,5,2,3,10,22107,9,19.0
9,2,0,5,3,5,10,0,0,0.0
3,1,48,5,5,5,8,0,16,7.0
3,0,0,5,3,3,10,0,0,25.0
3,3,64,4,3,1,9,0,18,0.0
9,1,29,5,5,2,8,0,3,24.0
9,2,0,5,5,5,0,22350,13,35.0
9,1,23,5,6,5,10,21804,17,0.0
3,1,39,0,7,1,0,0,8,0.0
3,2,0,4,3,5,3,0,9,0.0
3,2,72,4,6,5,0,0,10,0.0
3,2,0,5,3,5,8,22350,11,0.0
3,2,0,4,5,5,0,0,12,0.0
3,2,17,4,5,5,8,0,16,0.0
3,2,57,4,6,5,0,0,16,0.0
3,2,0,5,5,2,0,22350,7,27.0
3,1,40,4,0,3,0,0,0,0.0
3,0,0,4,1,5,10,0,19,51.0
3,7,54,5,3,1,3,22106,22,0.0
3,0,0,5,0,3,10,0,19,0.0
3,2,31,5,5,2,0,22350,19,201.0
3,1,73,5,0,2,0,0,9,0.0
3,2,0,4,6,5,0,0,8,0.0
3,1,27,5,5,1,8,0,15,20.0
3,1,29,5,0,3,0,21453,7,0.0
3,1,32,5,3,5,1,0,13,55.0
3,2,0,5,5,5,0,22350,22,0.0
3,1,58,5,3,1,8,0,8,0.0
3,0,0,5,3,2,4,0,1,115.0
9,1,20,5,6,3,0,0,17,0.0
3,2,0,5,2,2,9,23103,13,35.0
18,2,0,5,6,5,10,21658,20,10.0
3,1,37,4,0,3,0,0,9,0.0
13,1,45,2,2,5,0,0,10,42.0
3,2,0,5,0,5,2,22107,2,48.0
9,2,0,4,0,5,1,0,7,0.0
3,1,40,5,0,3,0,0,7,0.0
18,2,0,5,3,5,0,22107,19,50.0
3,2,0,5,1,5,0,21453,23,0.0
3,2,83,4,2,3,5,0,8,400.0
3,0,0,5,5,3,10,0,8,300.0
3,1,31,5,0,3,0,0,22,0.0
3,2,21,5,6,5,2,22107,18,0.0
3,1,29,5,1,3,10,0,8,0.0
3,1,39,5,5,1,8,0,19,0.0
3,2,0,4,5,5,0,0,15,50.0
3,1,55,5,5,1,1,21703,8,92.0
3,0,0,4,6,5,10,0,0,51.0
3,2,28,5,5,1,8,0,13,0.0
3,1,59,4,7,1,0,0,16,46.0
3,1,36,5,3,3,0,0,0,22.0
18,2,0,4,3,5,10,0,7,0.0
3,1,61,5,6,1,10,21658,10,0.0
18,2,0,4,3,5,10,0,0,51.0
3,0,0,5,3,1,10,0,21,342.0
3,2,56,4,5,5,8,0,15,1000.0
3,1,61,5,5,5,0,22350,16,100.0
3,1,67,5,5,2,0,22350,17,532.0
10,1,44,3,8,5,10,21956,8,25.0
3,2,0,4,6,5,2,0,16,0.0
3,2,0,4,5,5,0,0,16,0.0
0,1,35,5,0,3,0,0,21,0.0
3,2,0,5,5,5,10,22107,21,0.0
3,2,0,4,3,2,10,0,21,0.0
18,2,0,4,5,5,10,0,4,51.0
3,1,27,5,0,2,2,21801,10,0.0
9,2,64,4,6,5,10,0,0,51.0
3,1,32,5,0,4,0,21453,19,0.0
3,2,0,4,3,3,10,0,15,57.0
3,2,50,4,8,5,0,0,14,0.0
6,1,48,5,6,2,0,0,12,127.0
3,1,28,5,1,3,0,0,17,93.0
9,1,53,5,5,2,8,0,14,290.0
3,0,0,5,1,2,10,0,1,67.0
3,1,19,5,0,3,10,22107,17,77.0
3,2,18,5,3,3,0,22350,2,0.0
3,1,22,5,0,2,2,21801,12,0.0
9,3,78,4,3,2,0,0,15,0.0
9,2,0,4,5,5,1,0,15,0.0
3,2,0,5,3,2,10,0,20,0.0
3,1,36,5,5,2,0,0,22,0.0
3,2,0,5,6,3,0,22350,19,200.0
10,1,85,5,8,5,0,0,8,0.0
4,1,42,5,3,3,0,22107,9,35.0
9,0,0,5,6,1,10,0,8,129.0
9,0,0,5,0,1,10,0,18,0.0
3,2,0,4,6,2,10,20002,1,80.0
9,1,54,5,5,2,10,0,18,236.0
18,2,0,5,3,5,10,22107,13,300.0
18,2,0,5,6,5,1,22107,9,0.0
9,1,43,5,6,1,8,0,17,0.0
3,1,40,5,0,3,0,0,7,0.0
3,0,0,5,3,2,10,0,20,90.0
16,2,37,4,8,5,10,0,23,0.0
3,2,77,4,5,2,8,0,17,0.0
3,1,33,5,5,2,8,0,18,0.0
3,7,19,5,6,2,10,23152,17,0.0
18,2,0,5,8,5,0,22106,22,0.0
3,2,31,5,5,1,8,0,12,0.0
3,0,24,5,5,2,10,0,18,50.0
3,1,52,5,3,5,10,21952,7,20.0
18,2,0,5,3,5,0,22107,21,217.0
3,0,0,5,3,1,10,0,7,66.0
9,1,51,0,3,5,1,0,18,0.0
0,1,41,1,7,5,0,0,19,130.0
3,2,80,5,8,1,1,21950,5,0.0
3,7,23,4,3,4,1,23152,1,0.0
3,2,0,4,6,5,2,0,19,0.0
9,5,21,4,1,5,0,2,5,0.0
3,0,0,5,5,2,10,0,12,95.0
0,2,74,4,7,5,0,0,7,0.0
9,7,18,5,3,3,1,22350,3,0.0
3,1,31,5,6,3,0,0,18,0.0
3,1,53,5,0,2,8,0,12,0.0
18,2,0,4,1,5,10,0,8,0.0
3,0,0,5,5,3,10,0,1,102.0
9,1,35,5,0,2,0,21453,6,0.0
9,0,0,5,6,2,10,0,23,610.0
3,1,23,5,5,1,1,22350,9,0.0
3,0,0,5,6,5,10,0,19,0.0
3,2,46,4,3,5,3,0,10,0.0
3,1,33,5,5,1,8,0,15,125.0
3,6,0,5,6,5,0,21658,18,90.0
3,1,39,5,0,5,0,0,9,0.0
9,2,0,5,5,5,1,21800,6,0.0
3,1,46,5,0,2,0,0,18,0.0
17,2,0,4,7,5,2,0,10,51.0
3,1,86,5,0,1,2,21801,17,0.0
3,1,21,5,5,3,0,22350,20,0.0
3,1,28,6,6,1,5,22107,16,50.0
3,1,73,5,5,1,8,0,10,528.0
3,7,25,5,3,3,10,23103,19,145.0
3,0,0,4,6,5,10,0,9,51.0
0,1,35,0,0,5,0,21202,14,223.0
3,2,0,5,3,5,0,21453,6,0.0
3,1,32,5,2,1,8,0,10,0.0
10,2,52,5,8,5,0,0,8,0.0
3,0,0,5,5,3,10,0,14,51.0
3,0,0,5,6,2,10,0,1,0.0
3,1,36,5,5,3,0,0,7,206.0
3,0,0,5,1,3,10,0,7,396.0
3,0,0,5,3,1,10,0,17,0.0
3,3,64,5,0,3,0,21658,9,95.0
3,2,43,4,5,5,8,0,19,0.0
3,0,0,5,3,3,10,0,19,147.0
3,1,62,5,3,5,0,22350,20,0.0
18,1,24,5,0,2,0,22107,7,0.0
3,2,59,5,6,2,0,0,15,51.0
3,1,33,5,1,3,2,21800,9,0.0
3,0,57,5,5,3,0,22350,0,250.0
18,2,0,5,6,5,10,0,15,0.0
3,1,27,5,8,5,2,21950,6,0.0
3,1,18,5,6,2,1,22107,9,22.0
3,7,35,5,0,2,0,23152,17,0.0
3,2,41,5,5,2,0,22350,9,346.0
9,1,49,0,3,1,0,0,14,0.0
14,1,24,3,3,5,9,21712,11,0.0
3,2,45,5,5,1,4,22350,9,73.0
9,2,64,4,6,5,8,0,15,51.0
18,2,0,5,0,1,10,21650,10,108.0
3,1,29,5,5,5,8,0,17,51.0
3,1,18,5,5,2,0,22350,16,21.0
3,2,0,4,5,5,0,0,17,0.0
3,1,34,5,0,3,0,21453,14,0.0
3,2,42,4,5,2,8,0,13,0.0
3,2,0,4,5,5,0,0,7,0.0
3,2,0,4,5,5,0,0,22,51.0
0,1,56,5,6,5,0,21658,19,310.0
3,1,25,5,0,2,0,0,23,0.0
3,2,55,5,6,2,2,22107,10,0.0
3,7,23,5,5,2,0,22107,2,30.0
3,1,38,5,6,5,8,0,15,0.0
9,0,0,5,5,3,10,0,0,258.0
4,2,0,5,6,5,5,22107,14,264.0
3,1,52,5,5,1,8,0,18,0.0
3,7,30,5,5,3,0,23152,3,56.0
3,1,42,5,3,2,2,21801,15,0.0
3,2,0,4,6,5,2,0,8,0.0
3,1,49,4,0,5,2,0,7,0.0
9,1,29,5,8,5,2,22350,13,1600.0
3,1,58,5,0,3,0,0,10,0.0
3,1,55,5,5,1,8,0,19,0.0
3,2,31,5,5,5,0,0,5,100.0
0,1,26,0,0,5,0,21453,12,0.0
3,2,0,5,0,5,2,20002,15,435.0
6,2,47,4,1,1,0,0,15,70.0
0,1,58,0,7,5,0,21650,15,200.0
3,2,0,5,3,1,10,22100,14,260.0
3,2,0,4,5,5,2,22350,18,0.0
3,2,33,4,5,5,0,0,21,0.0
3,0,0,4,3,5,10,0,7,0.0
3,1,44,5,1,3,0,0,0,70.0
0,1,16,5,3,1,0,21202,16,0.0
3,2,28,4,6,5,0,0,14,0.0
3,1,46,4,6,3,0,0,9,50.0
3,2,56,4,6,5,8,0,16,0.0
3,2,0,4,5,5,0,0,11,362.0
3,1,18,5,5,5,0,22350,11,315.0
3,1,33,5,0,2,8,0,8,46.0
3,0,0,5,3,1,10,0,21,194.0
3,2,42,5,1,5,2,0,12,0.0
3,1,48,5,0,3,0,22350,18,24.0
3,1,34,5,0,5,2,22107,8,0.0
3,1,25,5,0,1,0,0,15,686.0
3,0,0,4,3,5,10,0,5,51.0
8,1,24,5,3,1,0,22350,19,0.0
3,1,60,4,3,1,8,0,8,99.0
18,2,52,5,5,1,0,21703,10,51.0
3,1,30,5,1,3,10,21658,17,83.0
18,1,52,5,5,5,0,22100,12,0.0
3,1,28,5,6,1,0,0,13,200.0
3,1,30,5,1,3,0,0,22,0.0
18,2,0,5,3,5,0,22107,1,530.0
9,7,31,5,3,3,9,23152,22,105.0
3,2,53,5,6,3,0,0,8,0.0
3,0,0,5,3,2,10,0,7,0.0
3,2,14,5,2,3,0,22350,23,530.0
3,2,31,5,5,1,8,0,10,63.0
3,0,0,5,5,2,10,0,2,245.0
3,0,0,5,6,2,10,0,1,466.0
3,2,42,4,5,5,8,0,13,0.0
3,1,28,5,3,1,8,0,18,125.0
3,2,75,5,0,1,0,0,7,0.0
3,1,51,5,0,5,0,0,16,0.0
3,2,67,4,0,3,0,0,14,0.0
3,2,0,5,5,1,0,22350,14,150.0
3,1,22,5,0,3,10,21804,19,80.0
3,1,30,5,6,2,5,21658,12,200.0
3,1,85,5,5,1,0,22350,15,0.0
3,6,28,5,5,1,0,22107,1,112.0
3,1,71,5,3,4,0,0,18,100.0
10,1,38,5,8,5,8,0,11,0.0
3,2,52,5,5,1,0,22350,21,51.0
3,2,0,5,8,5,3,22106,7,0.0
3,1,48,5,5,1,10,0,12,74.0
3,2,0,4,0,5,0,0,20,0.0
3,1,23,4,1,1,1,0,21,0.0
3,2,0,5,5,5,10,22350,7,0.0
3,2,0,5,3,2,10,20002,21,70.0
3,2,53,4,3,3,10,0,11,0.0
3,1,38,5,5,2,8,0,15,150.0
18,2,0,4,6,5,0,0,16,0.0
3,2,0,4,5,5,0,0,18,0.0
3,2,39,5,5,2,8,0,22,0.0
3,1,72,5,3,5,0,22350,17,15.0
0,1,18,0,3,5,10,21202,17,300.0
3,7,53,5,8,1,0,23153,21,0.0
9,2,0,4,6,5,0,0,18,0.0
3,2,38,5,1,2,0,0,17,0.0
3,1,75,5,6,3,0,0,8,0.0
9,1,57,5,0,5,2,0,14,100.0
3,0,0,5,6,3,10,0,23,102.0
3,7,35,5,3,2,0,23152,21,0.0
9,1,77,5,3,3,0,22107,16,113.0
3,1,31,5,8,1,0,0,1,0.0
3,2,19,4,0,5,0,0,8,0.0
3,2,33,4,6,5,8,0,17,0.0
9,1,25,5,0,2,0,0,13,0.0
18,2,0,4,3,5,0,0,16,305.0
3,0,0,4,2,5,10,0,19,413.0
3,2,69,5,6,1,0,21658,17,390.0
3,2,0,4,5,5,0,0,18,0.0
3,2,44,4,0,5,0,0,12,0.0
3,0,0,1,6,2,10,0,3,192.0
3,0,41,4,3,5,10,0,6,51.0
9,1,42,5,5,2,0,22350,13,90.0
3,0,0,5,6,2,10,0,4,46.0
3,1,81,4,1,2,0,0,11,0.0
0,2,0,5,3,5,0,0,15,0.0
3,2,24,4,0,5,0,0,12,0.0
3,2,0,5,1,2,2,21801,18,0.0
3,2,25,5,1,3,0,21453,13,0.0
3,1,51,5,5,5,8,0,10,0.0
3,2,23,5,5,3,2,21801,19,55.0
3,1,24,5,1,5,0,0,18,0.0
9,1,27,5,5,2,8,0,18,0.0
9,0,0,5,6,2,10,0,22,20.0
3,1,50,5,6,2,0,21453,16,0.0
3,1,31,5,5,3,0,22107,15,13.0
3,1,36,5,0,2,8,0,17,8.0
3,0,0,5,3,5,10,0,7,0.0
3,4,27,5,2,3,10,22107,22,259.0
3,1,47,4,3,2,1,21703,12,0.0
3,2,0,4,3,3,0,22350,1,0.0
3,2,61,5,1,2,0,0,9,0.0
3,4,20,5,3,4,0,0,4,171.0
3,1,22,5,0,3,0,0,21,0.0
3,2,53,5,6,1,8,0,10,708.0
3,0,0,4,3,5,10,0,9,0.0
3,2,0,4,0,5,2,0,21,215.0
3,1,31,5,7,1,10,21804,17,180.0
3,1,34,5,5,2,8,0,18,63.0
3,1,72,5,0,3,0,0,11,0.0
3,1,67,5,0,3,0,21453,19,0.0
3,0,0,5,5,1,10,0,2,245.0
18,0,0,5,5,1,10,0,22,0.0
18,2,0,5,5,5,0,22350,19,105.0
3,2,0,5,2,2,0,21651,1,17.0
6,1,0,5,5,2,0,21703,16,625.0
9,2,66,5,5,1,2,0,15,0.0
1,1,44,5,3,1,1,0,13,0.0
3,6,0,5,1,5,10,21804,18,0.0
3,1,85,5,8,1,3,22106,18,51.0
3,1,21,5,6,1,0,0,20,0.0
3,2,23,5,6,1,10,21804,15,54.0
3,1,19,5,0,1,10,0,19,0.0
3,2,0,5,3,5,10,0,3,450.0
9,1,45,5,6,5,8,0,19,136.0
3,1,42,5,5,3,0,0,9,0.0
3,0,0,4,3,2,10,0,10,51.0
3,0,0,5,3,5,10,0,11,100.0
3,1,22,5,5,1,1,22350,20,0.0
3,1,44,4,3,1,8,0,20,0.0
3,7,60,5,5,3,0,23152,17,294.0
3,1,66,5,0,3,8,0,11,0.0
3,0,0,5,1,1,10,0,2,45.0
3,2,0,5,5,5,10,22350,20,30.0
3,7,25,5,2,3,10,22350,0,0.0
3,2,0,4,5,5,0,22350,18,250.0
3,2,67,5,1,3,0,22106,18,0.0
3,1,37,5,6,2,10,0,14,0.0
3,1,0,5,0,3,2,0,6,0.0
3,1,39,5,5,1,8,0,7,380.0
18,2,0,4,3,5,10,0,0,0.0
3,0,0,4,3,2,10,0,14,0.0
3,1,33,5,5,3,0,0,15,27.0
3,1,39,5,5,1,8,0,7,0.0
3,1,16,5,1,3,2,21453,11,0.0
3,1,59,5,3,1,8,0,16,0.0
3,0,0,5,6,1,10,0,20,254.0
3,2,0,5,5,5,0,22350,21,0.0
3,1,24,5,3,3,0,22350,8,141.0
3,1,27,5,5,2,0,22350,17,315.0
3,1,30,5,0,3,0,0,13,0.0
3,2,0,4,6,5,5,0,7,0.0
3,7,63,5,3,2,0,22350,20,0.0
3,7,28,5,1,5,2,22107,20,470.0
18,2,0,4,6,5,10,0,21,0.0
18,2,0,5,3,5,10,0,2,0.0
3,2,0,5,5,5,0,22350,16,300.0
3,1,41,4,0,2,0,0,7,0.0
3,1,60,5,0,5,0,0,7,0.0
9,2,44,4,0,5,0,0,16,0.0
3,2,0,4,6,5,0,0,14,51.0
3,2,0,4,0,5,0,0,17,0.0
3,1,53,5,5,5,0,22350,12,30.0
3,1,42,5,5,2,8,0,7,32.0
3,1,46,5,0,2,8,0,18,0.0
3,2,0,5,5,1,0,22350,13,51.0
17,0,0,5,6,3,10,0,6,748.0
10,1,44,5,8,5,10,0,16,0.0
3,1,57,5,1,2,0,0,14,0.0
3,7,40,5,6,1,0,23152,19,10.0
3,1,60,5,1,2,0,21453,12,0.0
3,1,32,0,7,5,1,0,18,0.0
3,2,30,4,3,5,0,0,16,0.0