PartyType_Code,Sobriety_Code,Age,PrimaryCollisionFactor_Code,CollisionType_Code,VehicleDamage_Code,MovementPrecedingCollision_Code,ViolationCode,CrashTime,Distance
3,0,0,5,5,2,10,0,2,40.0
3,0,0,5,6,1,10,0,15,106.0
3,2,23,5,0,1,0,0,20,0.0
3,1,22,4,6,1,0,0,18,0.0
3,2,0,5,0,5,10,23102,17,0.0
9,1,37,5,8,5,2,21950,8,0.0
3,1,74,5,0,2,0,0,6,0.0
10,1,54,5,8,5,10,0,21,40.0
3,2,67,5,7,5,1,1,11,60.0
3,2,0,5,3,5,10,20002,10,0.0
3,1,35,5,0,1,0,22350,23,0.0
3,1,64,4,1,5,2,0,13,0.0
3,1,68,5,1,1,0,0,14,0.0
3,2,27,4,5,5,10,0,11,0.0
3,1,58,5,5,3,0,0,7,0.0
3,1,38,5,0,2,0,0,22,0.0
3,2,27,5,6,1,0,0,1,0.0
3,0,0,5,3,1,10,0,8,120.0
3,0,0,5,5,5,10,0,23,260.0
3,2,0,4,3,5,8,0,21,0.0
3,7,29,5,3,5,1,0,16,42.0
3,1,25,5,0,2,0,0,18,0.0
3,0,0,4,6,5,10,0,16,51.0
3,1,78,5,6,5,5,21658,15,0.0
3,7,44,5,2,4,0,22350,21,0.0
3,0,0,5,1,1,10,0,19,195.0
9,7,50,5,5,3,0,23152,15,0.0
13,1,34,5,5,1,0,22350,11,0.0
9,0,0,5,3,1,10,0,18,178.0
3,1,46,5,0,2,0,0,19,0.0
3,2,21,5,3,2,0,22350,23,300.0
3,0,0,5,3,3,10,0,4,0.0
9,2,44,4,6,1,2,0,20,0.0
3,2,0,5,3,5,3,22106,20,66.0
3,1,63,5,1,2,0,21453,9,0.0
3,1,25,5,0,3,2,0,18,0.0
3,1,21,5,0,3,0,21453,6,0.0
3,2,26,5,5,3,8,0,23,45.0
3,1,26,5,0,3,0,0,13,42.0
3,1,39,5,5,5,0,22107,17,245.0
9,2,0,4,0,5,3,0,8,300.0
0,2,93,5,7,5,0,0,10,266.0
3,1,67,5,0,2,0,22107,17,0.0
3,2,41,4,6,5,1,0,16,0.0
3,0,0,5,3,1,10,0,3,0.0
18,2,0,5,5,5,2,22350,1,51.0
3,2,31,5,6,5,0,0,19,0.0
6,1,0,4,3,1,3,0,15,0.0
18,2,0,4,8,5,0,0,21,625.0
3,0,0,5,5,2,10,0,18,52.0
3,2,0,6,0,5,0,0,22,0.0
3,1,73,5,5,1,8,0,13,51.0
18,0,0,5,3,5,10,0,18,147.0
10,2,37,5,8,5,10,0,19,0.0
3,1,22,5,6,2,0,22350,21,143.0
3,1,29,5,0,5,0,0,17,0.0
3,2,0,5,3,5,0,20002,19,590.0
18,2,0,5,6,5,2,21658,14,0.0
3,1,22,5,5,1,0,0,9,199.0
3,0,0,5,6,1,10,0,23,450.0
0,1,23,5,0,5,0,0,17,0.0
3,2,0,4,2,2,2,0,23,20.0
3,2,64,5,0,2,2,21453,11,0.0
3,0,0,5,3,1,10,0,18,30.0
3,2,0,6,6,1,0,0,18,0.0
3,1,17,4,3,2,0,22350,22,0.0
10,2,15,5,3,5,10,0,7,0.0
3,1,27,5,2,1,1,22100,14,0.0
3,1,60,5,4,3,0,21453,10,0.0
3,2,0,5,3,3,0,0,3,430.0
3,1,53,5,5,3,0,22350,14,86.0
0,2,0,0,7,5,10,22350,7,90.0
3,0,54,5,5,2,10,0,11,114.0
0,2,51,5,7,1,0,0,15,0.0
3,7,36,5,6,1,5,21658,17,18.0
9,1,24,5,1,5,0,0,17,0.0
3,2,0,5,3,1,10,22107,0,195.0
9,1,43,5,3,3,2,0,7,0.0
3,1,32,5,1,2,0,0,18,0.0
3,2,0,5,0,3,0,21453,5,0.0
3,1,70,5,6,5,10,22103,10,180.0
9,2,48,5,8,1,0,22107,19,402.0
3,2,39,5,0,2,10,21800,8,51.0
18,2,0,5,6,5,5,22107,12,96.0
3,1,22,5,5,2,8,0,13,0.0
3,1,29,5,5,3,5,22107,2,45.0
3,1,84,1,5,5,0,1,16,0.0
0,2,17,5,7,1,0,0,8,0.0
3,0,0,4,6,5,10,0,11,0.0
3,1,26,5,3,1,2,22100,13,395.0
3,7,25,5,0,1,0,23152,1,60.0
3,0,0,5,1,2,10,0,23,51.0
9,0,0,5,5,1,10,0,17,100.0
3,2,0,4,5,5,0,0,6,0.0
18,2,0,5,3,5,10,0,23,200.0
3,0,0,5,6,2,10,0,23,18.0
3,1,28,5,2,3,10,22350,6,243.0
3,2,0,5,8,5,2,21950,16,0.0
3,1,24,5,0,3,0,0,13,0.0
3,1,52,5,0,3,2,21801,13,0.0
9,2,44,4,5,5,1,0,22,0.0
3,0,0,5,3,2,10,0,3,800.0
3,2,30,5,2,4,0,21658,3,25.0
3,1,29,5,5,2,8,0,10,0.0
3,0,0,5,6,1,10,0,17,78.0
3,1,61,5,5,5,10,0,17,56.0
18,2,0,4,5,5,0,0,20,0.0
3,1,60,5,0,5,0,0,10,0.0
3,1,52,5,5,1,0,0,13,51.0
3,2,25,5,3,1,0,0,17,183.0
9,0,0,4,0,5,10,0,0,0.0
3,2,0,4,5,5,0,0,11,0.0
9,0,32,5,6,1,10,0,2,432.0
3,2,45,4,5,5,8,0,18,0.0
3,0,0,5,6,3,10,0,15,39.0
3,1,70,5,6,3,0,22107,10,85.0
3,1,24,5,0,2,0,0,19,0.0
9,1,43,5,1,2,2,0,6,0.0
3,1,22,3,2,4,0,22350,22,141.0
3,2,59,4,5,5,0,0,12,0.0
9,1,45,5,5,1,8,0,13,100.0
3,2,0,5,5,5,1,22350,13,0.0
3,2,27,5,1,3,1,0,23,0.0
10,1,76,5,8,5,0,0,15,0.0
3,0,0,5,5,5,10,0,21,380.0
3,0,0,5,3,1,10,0,13,24.0
3,2,29,5,5,1,8,0,22,398.0
3,2,0,5,6,5,4,22106,17,75.0
3,1,24,5,5,2,0,22350,11,0.0
9,2,0,5,2,3,0,20002,9,0.0
3,2,0,5,5,5,10,22103,21,0.0
9,1,41,5,0,1,1,22107,8,225.0
3,2,0,5,5,3,0,22350,18,228.0
3,1,20,5,0,3,0,21453,0,0.0
3,0,0,4,5,5,10,0,8,51.0
3,2,0,4,5,5,0,0,11,0.0
3,1,56,5,0,1,0,0,12,100.0
3,0,0,5,0,1,10,0,16,50.0
3,0,0,5,0,1,10,0,22,48.0
3,1,43,5,1,2,0,0,18,0.0
3,0,0,5,1,5,10,0,8,19.0
3,2,35,4,0,1,0,0,12,0.0
3,1,44,5,1,2,0,0,16,1320.0
3,2,30,5,0,2,0,21453,6,0.0
3,2,0,5,6,5,10,22350,20,20.0
3,1,21,3,3,1,0,0,21,135.0
3,1,39,5,0,5,0,0,8,0.0
3,1,43,5,5,1,8,0,14,3.0
3,1,56,4,1,1,2,0,14,0.0
3,1,39,5,0,4,2,0,12,0.0
3,2,0,4,2,5,10,0,10,20.0
3,0,0,5,0,1,10,0,20,78.0
18,2,0,4,6,5,10,0,22,51.0
3,1,43,5,6,2,0,0,16,0.0
8,2,42,4,3,2,0,0,14,0.0
3,1,51,5,6,2,8,0,17,0.0
17,2,0,4,6,5,10,0,18,345.0
3,2,0,5,3,1,3,22106,18,0.0
18,2,0,4,5,5,0,0,15,51.0
3,1,50,5,0,2,0,21453,13,0.0
3,1,33,5,5,2,8,0,19,330.0
3,0,0,5,3,2,10,0,18,39.0
0,1,58,5,5,5,0,0,8,0.0
9,1,28,5,0,2,2,21453,19,0.0
3,2,0,5,5,5,0,0,0,0.0
3,1,43,5,5,2,10,0,19,0.0
9,1,35,5,6,5,1,22100,18,60.0
3,1,22,5,0,2,0,0,14,0.0
18,0,0,5,0,2,10,0,15,69.0
3,2,22,4,5,5,8,0,14,0.0
3,2,26,4,5,5,8,0,15,0.0
3,2,0,4,5,5,10,0,4,100.0
3,1,35,5,5,1,8,0,9,60.0
3,2,42,4,5,5,8,0,22,0.0
3,0,0,5,6,5,10,0,20,0.0
3,1,57,5,0,3,0,21453,13,0.0
3,2,31,4,5,5,0,0,16,0.0
3,0,0,4,3,5,10,0,11,0.0
3,2,0,5,3,2,10,21658,14,198.0
3,7,27,5,3,3,0,23152,1,60.0
3,0,0,5,6,3,10,0,17,200.0
3,7,23,5,3,3,0,21650,5,33.0
3,2,32,4,0,5,0,0,10,0.0
3,0,0,5,6,1,10,0,23,18.0
3,0,0,4,3,5,10,0,23,0.0
3,2,0,4,3,5,0,20002,20,0.0
3,1,29,5,5,1,8,0,0,0.0
3,2,0,5,6,3,10,22107,17,220.0
3,2,0,5,5,3,0,22350,3,152.0
3,1,64,5,1,2,2,21801,18,0.0
3,2,20,5,5,2,0,22350,21,72.0
6,1,53,3,8,5,0,0,2,0.0
3,1,19,5,0,2,2,22107,11,0.0
9,0,0,5,6,5,10,0,7,0.0
3,1,39,5,6,5,8,0,17,14.0
3,1,21,5,0,3,3,0,22,142.0
3,1,23,5,5,1,8,0,16,51.0
3,1,22,5,3,4,10,22350,8,1056.0
3,2,0,5,0,5,0,21453,12,0.0
3,1,67,5,0,2,2,21801,21,0.0
9,1,45,5,0,2,0,21453,13,0.0
3,0,0,5,2,3,10,0,2,0.0
3,1,36,5,6,1,10,22107,12,0.0
3,2,51,4,6,5,0,0,10,0.0
18,2,0,4,3,5,10,0,17,51.0
3,1,33,5,2,4,0,22350,22,22.0
3,1,27,5,2,5,3,22106,16,0.0
3,1,41,0,7,1,0,0,21,41.0
9,7,45,5,3,2,0,22107,1,0.0
3,7,35,5,2,3,0,22350,2,26.0
3,1,19,5,5,1,8,0,18,35.0
3,2,27,5,6,1,0,0,6,146.0
3,2,47,5,2,5,0,22107,15,123.0
3,7,34,5,3,2,0,22350,23,129.0
3,2,0,5,1,3,0,22107,1,0.0
3,1,44,3,3,1,0,0,9,0.0
3,1,45,5,0,2,0,0,16,0.0
3,0,0,5,6,5,10,0,0,10.0
3,1,19,5,6,2,5,22107,17,51.0
3,1,27,5,5,3,10,22107,16,0.0
3,2,41,3,3,5,0,0,19,0.0
10,2,16,5,8,5,9,0,8,0.0
3,1,38,4,0,2,0,0,16,0.0
3,2,56,4,5,5,8,0,9,0.0
18,2,0,4,1,5,10,0,20,0.0
3,1,28,5,1,5,0,0,15,0.0
9,0,0,5,2,1,10,0,0,78.0
3,2,0,4,5,5,2,0,0,0.0
3,0,0,5,3,5,10,0,1,239.0
3,5,17,5,5,5,8,0,17,0.0
10,2,19,4,8,5,10,0,21,80.0
3,2,49,5,5,2,8,0,8,88.0
3,1,71,5,5,3,10,22103,6,0.0
3,1,30,5,0,3,0,21453,20,0.0
18,1,55,5,0,2,0,0,17,0.0
3,7,21,5,5,2,0,0,5,210.0
3,2,0,5,0,2,10,22100,17,202.0
6,1,37,5,3,1,0,0,17,0.0
3,1,28,5,5,1,0,0,21,0.0
3,1,50,5,1,5,1,0,12,71.0
3,1,58,5,5,1,10,0,13,190.0
3,1,62,5,1,5,8,0,19,0.0
3,0,24,5,5,1,10,0,16,80.0
9,1,20,5,5,3,8,0,22,6.0
3,1,17,5,3,3,0,22350,23,300.0
9,0,0,5,2,1,4,0,14,300.0
0,1,52,0,7,5,0,21460,16,45.0
3,1,31,5,2,2,1,22350,12,93.0
9,2,39,5,5,5,10,0,23,51.0
3,1,55,5,5,1,2,0,18,51.0
3,1,59,5,5,2,8,0,14,318.0
3,1,61,5,0,2,8,22450,15,269.0
3,2,66,4,5,1,0,0,15,0.0
3,2,49,4,0,5,2,0,15,150.0
3,0,0,5,6,1,10,0,22,171.0
3,0,0,5,3,1,10,0,19,146.0
3,1,68,5,6,1,0,22350,8,142.0
3,1,58,5,0,4,0,0,16,0.0
3,1,53,5,8,5,2,1,13,20.0
9,6,37,5,0,2,1,22100,11,270.0
9,1,52,5,1,2,0,0,19,0.0
3,1,45,5,0,3,0,21453,16,0.0
9,2,0,4,5,5,10,0,9,0.0
3,1,27,5,5,1,8,0,16,600.0
9,2,23,4,0,5,0,0,11,0.0
9,2,49,5,5,2,0,21703,16,112.0
3,0,0,5,4,1,10,0,2,143.0
3,1,20,5,6,1,0,0,16,145.0
9,2,23,5,0,2,0,21453,0,0.0
3,2,46,5,5,1,0,22350,14,0.0
9,1,18,5,3,3,2,22350,8,150.0
3,7,33,5,3,2,0,23152,10,0.0
1,1,60,5,6,5,8,0,16,36.0
3,2,0,4,6,5,5,0,14,0.0
3,2,0,5,5,5,0,22350,17,405.0
3,1,20,5,3,3,0,0,19,0.0
3,1,0,5,1,3,2,21453,11,0.0
3,1,68,5,0,2,0,0,20,0.0
3,2,65,4,0,2,10,0,13,0.0
3,7,48,5,3,5,2,22350,15,20.0
3,0,0,4,6,5,10,0,22,0.0
3,1,20,5,3,1,8,0,19,0.0
3,2,0,5,5,3,10,22350,4,120.0
9,7,62,5,6,3,0,21657,21,83.0
3,1,43,4,0,2,0,0,20,0.0
3,1,24,5,5,1,8,0,2,30.0
3,0,0,5,3,2,10,0,17,177.0
3,0,0,5,3,1,10,0,3,200.0
3,0,0,4,6,5,10,0,0,51.0
3,0,0,4,6,5,10,0,11,51.0
3,1,33,5,5,1,0,21703,11,0.0
9,0,0,5,1,3,10,0,20,54.0
3,1,56,5,5,5,10,0,8,0.0
3,2,0,5,6,5,2,22350,19,0.0
9,1,36,5,1,3,2,0,12,0.0
3,1,53,5,1,3,2,0,11,0.0
3,1,56,5,5,1,8,0,21,31.0
3,0,0,4,6,5,10,0,10,200.0
3,5,21,5,6,4,10,22350,2,250.0
3,2,0,5,3,3,0,22350,3,120.0
3,7,27,5,6,3,0,23153,20,684.0
3,1,42,5,6,5,0,0,7,0.0
3,2,0,5,5,5,0,22350,0,24.0
3,1,60,5,5,5,0,22350,16,45.0
18,2,0,4,5,5,8,0,20,0.0
3,2,0,4,5,5,0,0,17,0.0
3,2,0,5,6,2,0,22350,11,150.0
3,2,0,4,5,5,10,0,8,51.0
3,1,48,5,5,2,0,22350,15,0.0
3,1,30,5,5,1,8,0,22,0.0
9,0,0,5,4,3,10,0,4,174.0
3,2,39,5,1,5,0,0,8,0.0
3,2,36,4,6,5,0,0,21,0.0
3,1,51,5,5,1,10,22107,17,0.0
18,2,0,4,6,5,10,0,0,51.0
3,1,40,5,3,5,10,22107,12,0.0
3,1,44,5,1,2,0,0,17,0.0
3,1,45,5,0,3,0,0,19,0.0
3,1,17,5,0,2,2,0,20,0.0
3,2,51,4,5,5,8,0,23,0.0
3,1,18,5,3,1,8,0,23,125.0
18,2,0,5,6,5,0,0,23,0.0
3,2,0,5,3,2,0,22107,3,100.0
18,2,37,5,3,1,3,22106,17,0.0
3,2,0,4,5,2,0,0,20,0.0
3,2,38,4,5,3,8,0,18,0.0
3,1,65,0,7,5,10,0,15,600.0
3,2,0,5,7,5,0,21950,7,0.0
3,1,44,5,1,2,0,0,21,0.0
3,1,48,5,5,5,0,0,13,0.0
3,0,0,4,3,5,10,0,0,0.0
3,2,34,4,5,5,0,0,10,0.0
17,0,0,4,5,5,10,0,2,51.0
3,2,44,4,5,5,8,0,7,0.0
3,1,30,5,6,2,10,22107,11,43.0
3,1,55,5,0,1,8,0,15,0.0
3,1,55,5,0,2,2,0,22,0.0
3,1,23,0,3,1,0,0,11,240.0
9,1,31,3,8,5,0,0,11,110.0
3,2,37,5,3,1,10,0,6,75.0
10,1,17,5,8,5,0,0,19,0.0
3,1,40,5,5,2,0,0,17,0.0
6,1,0,5,0,1,0,0,17,0.0
3,1,47,5,5,5,8,0,9,30.0
3,2,40,5,6,1,0,0,21,51.0
18,2,0,4,3,5,10,0,17,51.0
3,2,48,4,3,5,1,0,11,0.0
3,1,51,4,3,5,2,21703,18,0.0
3,1,40,5,0,2,0,0,7,0.0
3,1,23,5,5,2,8,0,20,0.0
3,2,49,4,5,3,2,0,7,0.0
3,2,0,5,0,2,2,22107,23,0.0
18,2,0,4,3,5,10,0,10,0.0
3,2,33,4,5,5,8,0,18,0.0
9,2,44,5,5,2,8,0,7,61.0
3,2,0,4,3,2,0,22350,2,0.0
9,0,0,5,1,1,10,0,4,0.0
3,0,0,5,6,1,10,0,23,125.0
3,2,54,5,0,1,0,0,11,0.0
3,1,52,5,1,2,0,0,22,0.0
8,1,27,5,6,2,5,21658,18,323.0
3,2,35,5,0,5,2,0,17,0.0
10,6,30,4,3,5,0,21453,23,0.0
3,2,16,5,0,3,0,21453,23,0.0
3,1,17,5,4,4,0,22350,22,24.0
3,1,25,5,0,2,0,0,12,250.0
3,7,23,5,1,2,0,21657,3,98.0
3,1,40,4,5,1,8,0,13,0.0
3,2,0,4,6,5,2,0,12,0.0
3,1,56,5,0,1,8,0,14,0.0
3,2,52,4,5,5,2,0,14,51.0
3,1,0,5,1,2,0,22350,4,0.0
3,2,17,5,2,3,10,0,22,0.0
3,1,49,5,5,5,8,0,16,0.0
3,1,26,5,5,1,0,22350,10,570.0
3,1,58,4,8,5,2,0,6,295.0
18,2,0,4,5,5,10,0,18,51.0
9,0,0,4,3,5,10,0,11,0.0
3,7,28,5,0,2,2,23152,0,0.0
3,1,35,5,6,1,0,0,17,207.0
3,2,62,5,5,1,8,0,12,15.0
18,2,0,4,3,5,4,0,23,0.0
3,0,0,5,3,2,10,0,14,0.0
18,2,0,5,3,5,0,22350,20,400.0
18,2,0,5,3,5,1,20002,23,30.0
3,1,37,5,1,2,0,21658,4,70.0
3,1,45,5,0,3,0,0,18,0.0
8,2,28,5,3,2,0,0,12,0.0
3,1,56,5,0,3,2,21801,18,0.0
3,2,0,4,5,5,0,0,0,0.0
3,2,66,5,0,3,0,21209,14,389.0
3,1,26,5,6,1,2,21801,17,0.0
3,1,62,5,5,5,0,22350,17,50.0
0,1,62,5,3,5,10,0,14,0.0
3,1,73,5,0,3,2,22101,8,0.0
3,0,0,5,3,5,10,0,23,60.0
3,0,0,4,3,1,10,0,4,0.0
3,7,28,5,5,1,0,22350,21,250.0
3,1,60,5,5,1,1,0,11,0.0
9,2,0,5,5,2,0,21658,4,206.0
3,1,22,5,0,3,2,0,12,0.0
3,1,65,4,0,2,1,0,7,0.0
3,2,0,4,3,5,10,0,13,51.0
3,1,69,4,5,1,0,22350,11,0.0
3,2,0,4,6,5,10,0,10,51.0
18,2,0,4,3,5,10,20002,1,0.0
3,1,22,5,2,3,0,22107,0,360.0
3,2,0,5,5,5,0,22350,22,0.0
3,7,23,5,1,3,10,23153,22,54.0
3,2,28,5,3,2,0,22350,18,0.0
9,7,61,5,6,2,0,22350,17,10.0
0,2,17,4,3,5,0,0,13,0.0
3,0,0,5,3,3,10,0,12,181.0
3,2,0,5,2,2,10,22350,20,50.0
18,2,0,5,6,5,10,21658,20,26.0
3,0,0,5,3,3,10,0,0,0.0
9,1,37,5,5,1,0,0,20,0.0
3,1,36,5,1,3,10,23103,16,278.0
3,0,0,5,5,3,10,0,19,89.0
18,2,0,4,5,5,0,0,15,0.0
3,2,0,4,6,5,10,0,23,51.0
9,1,64,5,3,5,0,24002,10,0.0
9,1,44,5,5,3,8,0,10,0.0
3,0,0,5,1,5,10,0,18,51.0
3,2,0,4,6,5,10,0,17,51.0
3,7,62,5,0,3,10,22107,17,378.0
3,1,17,5,0,3,0,0,8,0.0
6,1,27,5,0,1,0,0,16,736.0
9,0,0,5,5,1,10,0,17,32.0
3,2,0,4,6,5,2,0,19,0.0
3,2,0,5,5,5,0,22350,0,0.0
9,2,29,4,5,5,8,0,22,0.0
3,2,30,5,0,3,2,0,12,0.0
18,0,0,5,2,1,10,0,17,27.0
3,1,27,5,0,3,2,21801,12,0.0
9,0,0,5,6,2,10,0,16,30.0
3,1,38,5,0,3,0,0,11,0.0
3,7,22,5,0,2,0,22107,7,0.0
3,1,52,5,5,1,8,0,7,30.0
3,2,60,4,5,5,0,0,14,0.0
3,1,54,5,1,1,0,0,20,0.0
10,1,47,5,8,5,0,0,15,0.0
18,2,0,5,2,5,10,22350,22,20.0
10,1,13,5,8,5,9,0,7,190.0
9,2,52,5,1,1,8,0,6,0.0
3,0,0,4,5,1,10,0,4,366.0
3,1,53,5,6,5,0,0,22,0.0
3,2,30,4,5,5,8,0,9,0.0
10,2,44,5,8,5,10,0,22,0.0
9,1,62,5,2,3,0,21453,11,0.0
3,1,27,5,6,1,0,0,21,188.0
18,2,0,5,5,5,10,22107,3,69.0
3,2,32,5,0,2,2,0,7,0.0
3,0,0,5,3,2,10,0,0,25.0
9,2,42,4,6,5,0,0,17,0.0
3,1,20,5,1,2,2,0,9,0.0
3,2,23,5,5,5,0,0,9,40.0
3,2,39,4,6,5,0,0,6,0.0
3,2,27,5,0,2,1,22450,17,0.0
3,1,45,5,5,1,0,22350,7,0.0
0,1,17,5,3,5,0,0,18,0.0
3,2,0,5,5,5,0,22350,0,220.0
18,2,0,5,6,5,10,22107,13,0.0
3,1,37,5,3,3,0,0,8,135.0
18,2,0,4,0,5,10,0,14,0.0
9,0,0,5,6,3,10,0,0,38.0
3,2,0,4,0,5,10,0,20,0.0
3,0,0,4,6,5,10,0,2,0.0
3,1,30,5,5,1,10,21703,17,75.0
18,1,28,5,0,2,0,0,19,33.0
3,0,0,5,6,3,10,0,2,0.0
18,2,0,4,3,5,10,0,1,135.0
3,1,38,4,6,1,10,0,13,50.0
3,2,29,5,0,3,0,0,21,153.0
3,2,29,4,5,5,8,0,17,0.0
3,7,35,5,1,3,0,23152,17,84.0
10,2,79,5,8,5,10,0,14,280.0
3,7,34,5,7,1,0,23153,23,0.0
9,1,52,5,3,2,2,0,19,0.0
3,6,63,4,1,2,2,0,21,0.0
3,1,44,5,6,2,0,0,17,192.0
3,1,0,5,3,2,0,0,17,130.0
3,0,0,5,6,2,10,0,15,50.0
3,1,20,4,5,2,0,22350,6,100.0
3,1,0,5,0,2,0,0,12,22.0
18,2,0,4,0,5,1,0,15,0.0
3,1,22,5,5,5,8,0,6,50.0
18,0,0,4,3,5,10,0,11,50.0
3,1,41,5,5,1,8,0,18,86.0
3,1,61,0,3,1,0,0,9,235.0
3,1,26,5,5,1,8,0,17,0.0
3,2,26,5,5,1,8,0,17,0.0
3,1,34,5,0,2,0,21806,17,0.0
3,1,72,5,5,1,8,0,17,12.0
3,1,40,5,5,1,8,0,18,24.0
3,2,0,4,0,5,0,0,5,51.0
3,1,49,4,3,5,1,0,6,0.0
3,1,30,5,6,2,0,0,21,0.0
3,2,38,4,2,3,10,0,12,400.0
3,1,47,5,6,2,5,21658,6,120.0
3,1,71,0,3,1,1,0,8,0.0
18,2,0,4,5,5,10,0,0,51.0
3,1,55,5,5,1,0,22350,10,0.0
3,7,33,5,3,3,0,23152,0,0.0
3,2,24,4,5,5,1,0,18,0.0
3,2,0,5,5,3,0,22350,0,19.0
9,2,0,5,2,2,0,22350,17,0.0
18,2,0,5,3,5,0,22107,5,100.0
3,1,37,5,8,1,2,22350,11,0.0
3,7,36,5,7,1,10,21950,18,343.0
3,1,22,5,2,2,0,22350,4,800.0
3,1,20,5,3,4,0,22350,8,0.0
3,2,0,4,3,5,8,0,15,0.0
3,0,0,5,3,3,10,0,21,0.0
9,0,0,5,0,1,10,0,2,132.0
3,0,0,5,4,1,10,0,2,82.0
3,2,34,5,6,2,1,0,21,165.0
3,5,28,5,2,4,1,22107,19,0.0
18,2,0,4,3,5,0,20002,2,745.0
3,1,22,5,5,2,0,22350,21,30.0
3,1,71,5,0,2,0,22350,20,414.0
10,1,85,5,3,5,10,0,8,300.0
3,2,0,4,5,5,0,0,9,0.0
3,1,63,5,5,1,8,0,11,82.0
18,2,0,4,6,5,10,0,12,51.0
3,0,0,0,7,5,10,0,15,51.0
3,0,0,5,3,2,10,0,16,346.0
3,2,0,4,5,5,0,0,5,0.0
3,1,54,5,5,1,0,0,18,100.0
3,2,45,4,5,5,8,0,10,0.0
9,1,60,5,1,3,0,0,13,0.0
9,1,24,5,1,1,2,22107,23,60.0
3,1,30,5,5,1,0,21453,10,0.0
3,2,0,5,3,2,0,21453,7,0.0
3,2,37,5,2,2,2,22350,21,0.0
3,1,46,5,3,5,1,21950,7,0.0
3,1,57,5,5,2,0,0,15,0.0
10,1,63,5,8,5,0,0,16,0.0
3,1,41,5,3,2,3,22106,7,0.0
3,1,50,5,0,2,10,0,2,0.0
3,2,19,5,0,2,8,0,14,0.0
18,2,0,4,3,5,10,0,14,51.0
3,7,35,5,5,3,0,22350,1,0.0
3,2,62,5,3,5,0,20002,19,800.0
18,2,0,4,5,5,10,0,1,51.0
3,0,0,5,6,2,10,0,14,51.0
3,1,33,5,5,2,8,0,16,415.0
3,1,23,5,0,2,8,0,10,173.0
3,1,28,5,5,5,2,0,18,314.0
3,2,60,5,0,3,0,0,23,0.0
3,0,0,5,3,2,10,0,2,128.0
9,1,31,5,6,1,0,0,18,0.0
3,0,0,1,5,1,10,0,8,159.0
3,0,0,5,5,3,10,0,22,150.0
14,1,18,5,8,5,0,0,0,36.0
3,2,24,5,0,3,1,22107,16,35.0
3,2,0,5,6,1,0,20002,3,100.0
3,1,49,5,0,1,0,0,19,0.0
9,2,0,4,6,5,10,0,12,51.0
3,6,0,4,3,5,4,20002,16,35.0
3,2,22,5,3,3,2,20002,19,147.0
3,2,43,5,7,1,1,21800,12,27.0
3,7,22,5,3,2,0,23152,20,40.0
3,2,0,4,6,5,5,0,16,50.0
3,1,84,5,0,3,2,21802,8,0.0
3,2,26,5,5,1,3,22106,17,183.0
3,2,51,4,0,5,0,0,15,51.0
3,1,81,4,0,3,0,0,14,0.0
3,2,0,4,6,5,2,0,17,0.0
3,1,21,5,0,3,0,0,16,0.0
0,2,43,0,3,5,2,22107,19,68.0
3,1,19,5,3,3,0,22350,17,445.0
10,1,58,3,8,5,10,21456,21,18.0
3,1,40,4,0,3,0,0,19,0.0
3,2,0,4,0,5,0,0,16,0.0
3,2,0,4,0,5,0,0,15,0.0
3,1,35,5,5,2,8,0,16,252.0
3,1,54,5,6,5,8,0,13,33.0
9,2,35,4,5,5,8,0,7,0.0
3,2,35,5,2,3,2,22350,3,0.0
3,0,0,5,5,1,10,0,2,0.0
3,1,17,5,1,3,10,0,21,0.0
18,2,0,5,3,5,3,22106,19,290.0
3,1,49,5,6,1,0,21453,8,0.0
3,1,67,4,6,5,5,21658,17,0.0
3,1,35,5,1,2,0,0,3,0.0
10,2,87,3,8,4,10,21955,18,51.0
3,2,0,5,0,1,0,21453,0,0.0
3,7,29,5,6,2,10,23103,21,0.0
3,1,31,5,0,2,0,21453,20,0.0
3,1,56,5,0,3,0,0,17,0.0
3,2,32,6,0,2,0,0,6,0.0
3,2,38,4,1,5,2,0,7,0.0
3,2,49,4,5,5,8,0,17,0.0
3,1,28,5,0,2,2,21453,21,0.0
9,1,20,5,5,2,0,22350,22,160.0
3,1,39,5,0,2,0,0,16,0.0
0,2,51,5,7,5,0,0,6,51.0
3,1,24,5,5,2,8,0,10,402.0
3,0,0,4,6,5,10,0,2,179.0
9,1,34,4,7,5,2,0,18,0.0
18,2,34,4,1,5,2,0,16,0.0
3,5,30,5,5,1,10,22350,7,220.0
3,1,26,5,0,2,0,0,0,0.0
3,3,70,5,1,1,0,21657,14,18.0
3,2,0,4,6,5,2,0,8,0.0
3,1,27,5,0,5,0,0,12,0.0
3,2,0,4,6,5,2,0,21,0.0
3,0,0,5,6,1,10,0,22,20.0
3,0,0,5,1,5,10,0,6,50.0
9,7,27,5,3,3,0,23152,23,280.0
3,1,34,5,0,5,2,22107,6,0.0
18,1,27,5,0,3,0,0,11,0.0
3,1,39,5,2,2,2,0,18,0.0
3,1,38,5,5,2,0,22350,14,280.0
3,2,24,4,6,5,10,0,17,0.0
3,2,28,5,5,1,0,22350,15,30.0
3,2,30,4,5,5,8,0,21,0.0
3,2,26,4,0,5,0,0,13,0.0
3,2,0,5,3,5,0,22350,17,190.0