PartyType_Code,Sobriety_Code,Age,PrimaryCollisionFactor_Code,CollisionType_Code,VehicleDamage_Code,MovementPrecedingCollision_Code,ViolationCode,CrashTime,Distance
3,1,22,5,6,1,0,23103,21,0.0
3,1,20,4,0,3,8,0,22,0.0
3,2,0,5,5,5,10,21804,2,100.0
3,2,0,5,5,5,0,22350,17,0.0
10,2,58,3,3,5,10,21954,17,0.0
3,1,61,5,5,1,8,0,7,51.0
9,1,48,5,0,2,0,21453,10,0.0
3,1,34,4,5,1,8,0,7,0.0
3,2,51,4,3,5,0,0,17,0.0
3,1,51,5,3,1,2,22107,15,0.0
3,2,0,4,3,5,10,0,8,73.0
8,2,0,5,3,5,10,0,5,0.0
10,1,23,5,3,5,0,0,8,0.0
3,2,0,4,6,5,10,0,17,0.0
3,2,20,5,6,3,0,22107,4,57.0
3,1,54,0,7,1,8,0,12,0.0
10,1,71,4,3,5,0,0,18,0.0
3,1,56,5,1,2,2,0,15,0.0
3,1,50,5,5,2,0,22350,17,205.0
3,1,39,5,0,1,8,0,23,0.0
3,1,37,5,5,3,0,22350,18,610.0
3,1,19,5,0,3,0,21453,9,0.0
3,1,22,5,5,2,0,0,16,129.0
3,1,31,5,1,2,0,0,20,0.0
3,1,34,5,1,5,2,21801,20,0.0
9,2,0,4,3,5,10,0,10,51.0
17,1,50,5,3,1,10,22103,12,75.0
3,1,33,5,2,3,8,0,7,98.0
3,1,30,5,0,2,10,22450,18,0.0
9,2,0,5,6,2,0,22101,9,0.0
3,1,22,5,1,3,0,1,22,0.0
18,2,0,4,5,5,10,0,5,0.0
3,0,0,5,6,1,10,0,23,135.0
3,1,35,5,0,3,2,21453,19,0.0
3,1,26,5,3,3,1,22107,18,400.0
3,0,0,5,5,1,10,0,3,0.0
10,1,71,4,3,5,10,0,7,0.0
3,1,44,0,3,2,1,0,8,0.0
3,2,0,4,3,5,1,20002,20,112.0
3,1,39,4,1,3,0,0,13,0.0
3,1,29,5,0,3,2,0,10,0.0
3,2,0,5,6,5,10,1,12,104.0
3,1,21,5,2,3,0,22350,11,214.0
3,2,18,4,1,5,0,0,20,0.0
3,1,20,5,0,3,0,21453,22,0.0
3,7,26,5,6,2,10,22350,6,0.0
9,1,35,5,0,1,8,0,17,0.0
3,1,53,5,5,3,8,0,21,27.0
0,5,52,0,7,5,10,21954,16,157.0
3,1,50,5,5,1,8,0,18,0.0
3,7,20,5,5,3,0,23140,5,75.0
3,1,63,5,1,5,0,0,13,0.0
3,1,43,5,1,3,2,0,23,0.0
3,2,0,5,0,5,10,22107,8,210.0
3,0,0,5,3,1,10,0,18,0.0
3,2,0,5,0,5,2,21801,8,0.0
3,1,46,5,5,1,8,0,16,0.0
18,2,0,4,3,5,2,22107,0,0.0
3,2,20,5,5,5,0,0,15,1137.0
9,1,59,5,5,3,0,22350,13,0.0
3,1,75,5,6,1,1,0,13,15.0
3,1,35,5,0,3,0,0,22,0.0
3,0,0,4,3,5,10,0,6,0.0
3,2,51,4,0,5,0,0,11,0.0
3,0,0,5,6,1,10,0,0,0.0
3,2,32,4,6,5,10,0,15,51.0
3,2,0,5,1,1,0,22350,16,327.0
3,0,0,4,3,5,10,0,1,0.0
3,1,26,5,3,3,0,0,13,0.0
3,1,53,5,0,2,0,0,19,0.0
3,2,0,5,6,3,0,21657,11,0.0
3,1,28,5,0,5,10,0,17,0.0
3,2,25,4,5,5,8,0,16,0.0
18,2,0,4,5,5,10,0,9,51.0
3,1,19,5,3,3,0,22107,0,0.0
9,1,65,5,0,3,0,21453,10,0.0
3,0,28,4,3,5,10,0,13,51.0
3,1,84,4,0,5,0,0,10,0.0
9,2,40,5,0,2,2,1,16,0.0
3,1,26,5,6,5,10,21755,14,329.0
3,1,62,5,0,1,8,0,14,0.0
3,1,50,5,0,3,0,21453,12,0.0
3,2,0,4,0,5,1,0,13,0.0
3,2,0,5,5,5,0,22107,12,0.0
3,2,67,5,0,3,1,0,8,0.0
3,2,76,4,5,3,1,0,12,0.0
3,0,0,4,3,5,10,0,21,0.0
3,0,0,4,3,5,10,0,22,0.0
3,0,0,5,5,2,10,0,15,0.0
3,2,0,5,5,2,0,22106,18,0.0
10,2,50,4,8,5,0,0,5,0.0
3,2,32,5,0,3,0,21801,14,0.0
3,2,26,5,0,3,0,0,9,51.0
3,1,23,5,0,5,0,0,2,0.0
3,0,0,5,6,1,10,0,16,234.0
3,1,20,5,2,1,2,22350,0,90.0
18,2,0,4,5,5,0,0,15,51.0
3,5,0,5,0,5,10,21657,21,0.0
3,1,28,5,5,3,0,22350,16,0.0
3,2,62,4,5,5,0,0,14,0.0
3,0,0,5,5,2,10,0,11,421.0
3,2,0,4,5,5,10,0,13,0.0
9,2,25,5,5,1,10,0,12,0.0
3,2,43,4,0,3,2,0,7,0.0
3,1,24,5,5,3,8,0,19,40.0
3,2,0,4,2,5,2,0,22,225.0
3,1,55,5,5,1,8,0,7,8.0
3,0,0,4,6,5,10,0,4,51.0
3,1,19,3,8,1,0,0,15,0.0
1,1,28,5,0,1,2,0,17,0.0
18,2,0,4,5,5,0,0,15,0.0
3,2,0,4,5,5,10,0,0,0.0
3,2,41,5,0,5,0,21453,18,0.0
3,1,18,5,0,2,0,21453,17,0.0
3,2,0,5,3,5,10,22350,1,0.0
3,1,0,5,6,2,10,0,15,162.0
18,2,0,4,3,1,10,22107,19,100.0
3,1,40,5,0,3,8,0,23,0.0
3,1,30,5,5,3,0,22350,16,0.0
3,2,0,5,3,1,0,23101,19,137.0
3,2,31,4,6,5,10,0,19,51.0
9,2,0,4,0,5,0,0,10,0.0
3,1,21,5,3,3,0,0,21,100.0
3,1,45,5,5,1,8,22109,17,15.0
3,1,48,3,3,5,1,0,14,0.0
3,0,0,5,3,2,10,0,16,374.0
3,0,0,5,3,2,10,0,2,443.0
3,2,41,4,1,5,2,0,18,0.0
3,2,0,5,6,1,0,22107,3,284.0
3,1,28,5,6,2,5,22107,15,20.0
3,2,19,4,3,5,2,0,23,0.0
3,1,17,5,5,2,0,22350,19,45.0
9,1,62,5,5,2,0,22350,16,150.0
9,1,55,5,6,1,8,0,14,50.0
3,1,52,5,0,5,0,0,1,33.0
3,2,32,5,1,1,0,22450,16,0.0
3,5,20,5,5,2,0,23123,2,105.0
3,1,59,5,0,3,2,22107,8,0.0
3,1,30,5,5,2,0,22350,10,0.0
3,7,35,5,5,2,0,22350,20,84.0
13,1,45,5,0,3,0,0,16,0.0
3,1,61,5,3,2,0,22350,18,0.0
18,2,0,4,3,5,10,0,0,0.0
3,1,65,5,1,3,0,0,23,0.0
3,2,0,4,6,5,5,0,7,0.0
9,0,0,5,3,1,10,0,17,240.0
3,2,47,5,5,5,0,0,17,20.0
18,2,0,4,6,5,10,0,22,0.0
13,1,55,4,0,5,8,0,16,0.0
3,0,0,5,1,5,10,0,20,32.0
3,1,48,5,1,3,0,0,23,146.0
3,2,22,5,1,3,0,0,12,0.0
3,2,48,4,5,2,8,0,19,0.0
3,0,0,5,6,1,10,0,3,407.0
3,1,48,5,0,1,8,0,7,25.0
3,1,27,5,5,1,8,0,2,40.0
3,1,32,5,5,2,0,22350,16,0.0
3,2,48,4,1,5,0,0,14,0.0
3,7,28,5,2,3,1,22107,3,0.0
6,2,41,2,3,5,0,0,13,319.0
3,2,0,4,5,5,0,0,14,0.0
3,1,26,5,6,1,8,0,16,0.0
3,2,34,4,3,5,0,0,17,0.0
3,1,51,4,0,1,0,0,9,30.0
3,0,0,5,3,1,10,0,10,150.0
0,1,14,0,7,5,10,21650,16,430.0
3,1,25,5,1,3,2,21801,8,0.0
3,1,22,5,3,3,5,22107,3,0.0
3,0,0,4,3,1,10,0,4,0.0
1,1,44,5,5,1,8,0,14,72.0
3,2,0,4,5,5,0,0,21,0.0
3,4,30,5,2,2,0,22107,4,176.0
3,2,0,4,3,5,2,0,0,0.0
0,2,58,4,7,5,0,0,22,0.0
3,7,41,5,5,1,0,23152,23,0.0
3,2,68,4,6,5,10,0,16,0.0
0,1,15,5,7,5,0,21650,20,0.0
3,1,63,0,7,1,0,0,18,0.0
3,1,38,5,5,2,0,0,17,174.0
18,0,0,5,0,1,10,0,9,65.0
9,2,41,4,6,5,10,0,1,51.0
9,1,52,5,7,5,10,21804,13,140.0
3,1,42,5,5,3,0,21658,7,173.0
3,2,0,4,3,5,0,22350,14,0.0
3,1,68,4,7,1,0,0,21,100.0
3,0,0,5,5,2,10,0,16,270.0
3,1,25,5,5,2,8,0,19,0.0
3,1,24,5,0,2,0,0,7,182.0
3,0,0,5,3,5,10,0,3,0.0
3,2,0,4,6,5,10,0,11,0.0
18,2,0,4,0,5,10,0,14,51.0
3,1,19,5,5,2,8,0,13,15.0
3,2,41,4,5,5,8,0,8,0.0
3,2,45,4,5,5,0,0,19,0.0
3,1,66,5,5,3,0,0,12,0.0
3,0,0,5,5,3,10,0,19,0.0
3,1,32,5,5,1,0,22350,9,70.0
3,1,44,5,1,2,1,22350,3,22.0
3,0,0,5,3,1,10,0,19,780.0
3,0,0,5,5,1,10,0,1,33.0
3,1,34,5,0,1,2,0,16,0.0
3,0,0,5,6,2,10,0,2,0.0
6,1,37,4,3,5,2,0,10,72.0
3,1,26,5,5,1,8,0,18,43.0
9,1,46,5,5,1,8,0,16,76.0
8,1,24,5,2,3,0,22107,16,100.0
3,7,43,5,6,2,5,23153,10,25.0
3,1,32,5,0,2,0,0,8,0.0
9,1,28,5,1,1,2,21801,12,0.0
3,2,0,5,3,3,0,22350,4,0.0
0,1,15,0,3,1,10,21202,15,0.0
3,1,20,5,6,1,0,21804,17,42.0
3,1,20,5,1,1,0,0,2,0.0
3,1,27,5,3,1,5,0,12,955.0
3,6,0,5,3,5,3,22106,14,48.0
0,1,14,0,7,1,0,21650,18,0.0
3,2,0,4,6,5,5,21658,8,132.0
3,2,64,5,5,1,8,0,9,39.0
3,1,34,5,0,5,0,0,20,0.0
3,1,63,5,6,2,2,0,15,0.0
3,1,47,4,5,5,8,0,18,0.0
3,1,20,5,6,3,5,21658,18,0.0
3,2,34,5,0,3,2,21453,16,0.0
3,2,55,5,7,1,1,21453,4,0.0
3,1,20,5,5,1,0,0,18,0.0
3,0,0,5,3,5,10,0,21,150.0
3,7,53,5,5,1,0,22350,18,36.0
3,1,30,5,0,3,0,0,2,0.0
3,1,22,5,3,5,0,0,17,0.0
3,2,0,5,6,5,0,22350,11,0.0
3,1,54,5,0,3,0,0,10,0.0
9,2,0,4,6,5,10,0,21,0.0
3,1,38,5,0,3,2,21801,17,1120.0
3,2,29,5,3,3,0,21657,14,119.0
3,2,36,5,6,1,0,0,13,35.0
3,0,0,4,0,5,10,0,0,137.0
3,5,17,5,2,3,0,22350,23,342.0
3,1,19,5,1,3,2,22350,1,201.0
3,1,37,5,1,2,0,0,14,1073.0
9,2,55,5,5,1,8,0,10,20.0
9,1,29,5,5,1,0,22106,11,0.0
18,0,0,5,5,3,10,0,2,374.0
0,1,44,5,3,5,1,22107,18,0.0
18,1,41,5,5,3,8,0,11,24.0
0,1,46,5,0,5,0,0,17,0.0
3,7,43,5,2,3,10,22107,1,116.0
9,2,0,4,0,5,2,0,13,0.0
3,2,0,5,5,5,10,22350,16,40.0
3,2,33,5,5,3,10,21755,7,0.0
9,1,37,5,5,1,8,0,13,0.0
9,7,42,5,6,2,1,22107,23,72.0
3,0,0,5,5,2,10,0,20,200.0
3,1,43,5,0,2,10,21804,15,20.0
3,0,0,5,6,3,10,0,17,68.0
0,1,56,4,7,5,0,0,16,0.0
9,1,47,4,5,2,0,22350,8,0.0
3,7,29,5,3,2,0,23152,0,0.0
9,0,0,5,3,2,10,0,14,155.0
3,2,32,5,1,1,8,0,18,0.0
3,2,48,4,6,1,8,0,18,0.0
3,2,0,4,5,5,0,0,12,0.0
3,0,0,5,1,2,10,0,0,85.0
18,2,48,4,0,5,0,0,6,1320.0
3,1,58,5,5,1,8,0,16,3.0
3,2,36,5,5,5,0,22350,18,239.0
3,1,46,5,1,2,0,0,17,0.0
3,2,0,5,6,1,4,22107,9,80.0
3,1,21,5,0,5,2,21453,20,0.0
3,2,64,4,5,5,8,0,4,0.0
3,1,20,5,0,5,0,21453,10,0.0
3,2,32,5,1,2,0,0,9,0.0
3,2,24,4,7,5,1,0,8,0.0
3,1,21,5,5,1,0,22350,8,144.0
3,2,23,4,5,5,8,0,2,0.0
3,1,55,4,3,1,10,21952,15,0.0
3,1,56,5,5,1,8,0,13,0.0
3,1,21,5,0,2,0,0,21,0.0
3,1,48,5,3,5,10,21804,19,0.0
3,1,23,5,1,3,2,0,9,0.0
0,1,18,5,7,5,0,0,13,0.0
3,1,31,5,5,2,0,21703,18,31.0
3,2,74,5,0,3,0,0,9,0.0
3,2,43,4,6,5,5,0,9,0.0
3,1,53,3,8,2,0,0,0,145.0
3,2,37,5,5,5,8,0,2,0.0
3,1,24,5,1,2,0,0,15,0.0
3,1,41,5,5,5,8,0,10,275.0
0,1,20,0,3,5,10,21453,20,33.0
3,1,25,5,5,2,0,0,1,0.0
3,1,65,5,3,2,10,0,11,484.0
0,1,39,5,3,5,10,21650,17,0.0
3,0,0,4,6,5,10,0,6,51.0
9,2,42,4,5,5,1,0,9,51.0
3,1,38,5,0,2,0,21453,15,0.0
3,1,0,5,0,3,0,0,19,0.0
3,2,0,4,6,5,10,0,8,51.0
3,1,20,5,0,2,1,0,12,0.0
3,1,60,5,0,2,10,21804,7,145.0
17,1,28,5,0,1,0,0,20,246.0
3,2,0,5,1,2,2,22350,1,40.0
18,2,0,4,3,5,10,0,0,0.0
3,1,58,5,5,3,0,22350,18,150.0
3,1,54,0,7,1,0,0,18,68.0
18,2,0,5,5,1,0,22350,16,0.0
0,2,0,0,7,5,0,21804,12,0.0
3,1,33,5,5,5,8,0,10,0.0
3,2,64,5,0,2,0,21453,6,0.0
3,2,27,4,1,2,0,0,23,61.0
3,1,29,5,6,2,0,0,19,40.0
3,0,28,4,6,3,10,0,11,165.0
3,2,0,5,1,1,10,22103,10,9.0
3,1,35,5,0,3,0,0,8,0.0
9,0,0,5,3,1,10,0,22,0.0
3,1,41,5,5,2,8,0,11,38.0
3,1,38,4,3,1,0,0,17,0.0
3,2,42,4,0,5,2,0,7,0.0
3,0,0,5,0,2,10,0,0,0.0
3,2,45,5,0,3,0,0,21,89.0
3,1,48,4,0,2,0,0,13,0.0
9,2,0,4,5,5,10,0,18,0.0
3,2,0,3,8,5,0,20002,19,0.0
18,2,59,4,7,5,1,0,16,158.0
3,2,0,5,5,3,0,22350,0,0.0
3,1,27,5,1,4,2,0,22,0.0
3,1,29,5,5,2,10,0,19,42.0
9,4,0,5,4,4,10,2,5,0.0
3,0,0,5,3,2,10,0,22,300.0
3,1,26,5,5,1,8,0,8,0.0
3,2,70,4,0,5,2,0,7,0.0
9,0,0,5,5,2,10,0,5,0.0
3,1,37,5,5,2,8,0,14,0.0
3,2,0,5,3,5,1,0,16,0.0
9,1,25,5,1,3,0,0,13,0.0
3,2,42,4,5,5,8,0,9,0.0
18,2,0,4,0,5,10,0,0,0.0
3,2,0,5,0,5,2,21801,19,0.0
3,0,0,4,3,1,10,0,12,0.0
18,1,47,5,5,3,0,22350,18,177.0
3,2,64,5,7,1,2,21950,10,0.0
3,0,0,5,6,1,10,0,18,174.0
3,1,44,3,3,5,0,0,9,0.0
3,2,0,5,2,3,10,21650,8,145.0
0,1,62,0,3,5,0,21200,19,0.0
3,1,0,5,6,1,0,0,12,149.0
3,1,19,5,0,3,0,21802,18,0.0
3,2,53,5,8,5,1,21950,8,12.0
10,1,6,3,3,5,10,21954,18,0.0
9,2,0,5,1,5,10,22350,22,0.0
3,2,0,5,5,1,0,22350,22,0.0
18,2,0,4,5,5,0,0,5,15.0
3,2,74,4,6,5,0,0,15,0.0
3,1,26,5,3,2,0,22350,9,0.0
3,1,0,5,6,5,2,0,10,0.0
3,1,25,4,3,5,0,22350,17,0.0
18,2,0,5,3,5,0,23101,1,63.0
9,1,62,5,0,1,0,0,16,0.0
9,7,50,3,8,1,0,0,10,0.0
3,1,44,5,5,1,2,22100,13,0.0
3,0,0,5,5,1,10,0,1,28.0
9,0,0,5,3,5,10,0,3,0.0
18,2,0,4,3,5,10,0,14,51.0
3,2,18,5,6,1,0,0,23,540.0
3,2,0,5,5,2,0,22350,8,0.0
3,1,51,5,5,1,8,0,18,200.0
10,2,67,3,8,5,10,21955,21,100.0
3,2,76,5,5,3,0,23103,18,51.0
3,0,0,2,5,1,10,0,21,51.0
3,2,36,4,5,5,8,0,12,0.0
3,0,33,5,6,1,10,0,2,113.0
3,0,0,5,0,3,10,0,1,32.0
3,1,60,4,5,3,0,0,16,269.0
3,2,0,5,5,5,0,0,19,75.0
3,1,75,5,1,2,0,0,12,0.0
3,2,29,5,6,3,0,0,22,37.0
9,1,31,5,5,3,0,22350,11,72.0
3,2,40,5,6,1,2,0,18,178.0
3,0,0,5,5,1,10,0,16,0.0
3,0,0,5,3,3,10,0,1,245.0
3,2,0,5,3,5,0,0,13,0.0
0,1,24,5,3,5,0,21650,15,400.0
3,1,77,5,5,2,0,0,16,0.0
3,2,42,4,5,5,0,0,18,0.0
3,1,49,5,0,1,0,0,23,0.0
3,0,0,5,5,3,10,0,13,80.0
3,7,41,5,0,2,10,22350,17,365.0
3,5,52,5,5,2,8,0,16,1114.0
3,2,0,4,3,5,0,0,14,0.0
3,0,0,5,6,1,10,0,23,66.0
3,4,42,5,0,3,10,22107,7,144.0
9,1,39,5,5,2,0,22350,16,0.0
3,1,18,5,0,1,10,22103,15,200.0
3,7,26,5,0,4,0,23152,2,230.0
18,7,24,5,2,2,0,23152,23,490.0
3,0,0,5,6,1,10,0,7,70.0
0,1,49,4,3,5,0,0,9,0.0
18,7,0,5,2,4,0,23152,2,0.0
9,1,43,5,5,2,0,22350,13,20.0
9,0,0,5,5,1,10,0,22,732.0
3,2,0,5,2,3,0,22350,5,411.0
3,0,0,5,5,3,10,0,9,595.0
9,0,0,5,3,1,10,0,20,48.0
3,2,34,5,0,3,4,21804,18,0.0
18,2,0,5,3,5,0,20002,13,210.0
18,2,0,4,0,5,10,0,15,51.0
3,2,0,5,3,1,3,22106,14,120.0
3,1,54,5,2,3,0,22350,17,128.0
3,2,36,4,5,5,2,0,13,0.0
3,2,30,5,5,2,0,22350,21,44.0
3,1,0,5,5,1,0,0,19,36.0
3,2,42,5,0,2,2,0,22,0.0
3,2,0,5,5,5,0,22350,16,20.0
3,2,0,5,5,5,0,21703,17,0.0
3,0,0,5,3,2,10,0,23,140.0
8,1,17,5,5,2,0,22350,14,188.0
3,1,20,5,6,2,10,21804,17,112.0
9,1,63,5,6,3,1,0,15,0.0
3,1,55,5,0,1,0,0,18,0.0
18,2,0,4,0,5,10,0,0,51.0
3,2,48,4,6,5,5,0,19,0.0
3,0,0,5,3,3,10,0,22,0.0
3,1,33,4,6,5,0,0,11,69.0
3,2,22,4,5,5,8,0,14,0.0
10,1,41,5,3,2,10,0,8,0.0
3,1,56,5,0,3,10,21802,16,0.0
3,2,0,4,2,5,0,0,9,0.0
9,0,0,5,5,1,10,0,19,0.0
3,7,17,6,0,2,2,21801,13,0.0
3,1,65,4,3,5,0,0,15,0.0
3,0,0,5,6,1,10,0,21,269.0
3,2,42,4,6,5,1,0,12,0.0
3,1,39,5,5,2,8,0,9,12.0
3,2,0,6,6,2,10,22517,21,18.0
3,2,46,4,0,5,0,0,23,0.0
3,2,27,5,2,3,0,22350,23,0.0
3,0,0,5,3,1,10,0,17,149.0
3,1,60,5,6,2,3,0,7,0.0
3,1,68,4,0,2,10,21804,15,0.0
3,0,0,5,6,2,10,0,19,337.0
3,7,74,5,5,2,0,22350,20,120.0
3,7,22,5,3,3,10,22107,1,0.0
3,1,77,5,3,5,1,21952,14,300.0
3,2,0,4,5,5,0,0,18,51.0
18,2,0,4,5,5,0,0,18,0.0
3,1,67,5,0,2,2,22107,18,20.0
3,2,26,5,5,1,8,0,15,0.0
3,2,0,5,5,1,10,22350,14,0.0
3,1,43,5,5,2,8,0,17,99.0
1,1,62,5,5,1,10,0,16,10.0
3,2,0,5,0,5,3,22106,10,0.0
0,1,44,0,7,5,10,21651,11,382.0
3,1,50,5,5,2,0,0,12,0.0
3,2,69,4,5,5,8,0,21,0.0
3,2,41,5,5,3,1,0,11,156.0
3,2,0,4,5,5,0,0,8,0.0
3,2,54,5,5,2,0,0,4,51.0
3,2,57,4,5,5,8,0,8,0.0
3,2,0,4,5,5,0,0,15,0.0
3,1,66,5,5,1,0,22350,9,33.0
9,0,0,5,3,5,10,0,3,465.0
3,2,28,5,5,2,0,0,21,45.0
9,2,0,4,6,5,0,0,16,0.0
3,0,0,5,5,3,10,0,22,87.0
9,1,41,5,5,3,8,0,17,225.0
3,2,0,4,5,5,0,0,21,51.0
3,1,41,5,3,2,10,21651,8,0.0
3,2,41,5,0,3,2,21802,15,0.0
3,1,61,5,5,2,8,0,15,39.0
3,2,0,5,5,5,0,22350,21,50.0
3,1,29,5,5,1,8,0,12,0.0
3,2,34,4,3,5,0,0,13,0.0
18,2,0,4,3,2,0,22350,9,81.0
3,1,24,5,6,2,10,21804,17,379.0
3,1,37,5,1,2,0,22350,13,0.0
3,1,17,5,2,2,1,22107,22,24.0
3,7,20,5,1,3,10,21650,22,86.0
3,1,60,5,0,1,0,0,20,0.0
3,1,41,5,0,1,2,21801,14,0.0
3,2,0,4,2,5,3,0,15,0.0
3,2,57,4,1,5,8,0,11,0.0
3,1,43,4,1,5,2,0,13,0.0
3,1,23,5,5,2,1,0,18,125.0
8,1,60,5,3,1,0,22350,10,250.0
3,2,30,4,6,5,10,0,22,51.0
3,1,20,5,1,2,2,22107,18,0.0
3,1,76,5,5,3,0,21703,18,0.0
3,1,49,5,0,3,0,0,10,225.0
3,2,19,5,5,2,10,22350,1,285.0
3,2,0,5,5,3,0,22350,20,147.0
3,1,69,5,6,2,10,0,7,42.0
3,2,64,4,3,5,0,0,14,0.0
3,1,37,5,5,1,8,0,17,10.0
3,1,35,5,1,2,1,21804,19,137.0
3,2,16,5,2,3,1,22350,11,30.0
3,2,0,4,6,1,0,0,16,0.0
3,1,31,5,5,1,8,0,17,0.0
9,6,40,5,3,2,10,21657,15,170.0
3,0,0,4,3,5,10,0,1,0.0
3,2,18,4,0,1,2,0,14,0.0
3,0,0,5,5,1,10,0,14,36.0
3,2,0,4,3,5,10,0,18,51.0
3,1,15,5,5,1,0,22350,10,118.0
3,1,39,5,0,2,0,0,7,0.0
3,1,39,5,5,5,8,0,18,0.0
3,0,0,5,4,3,10,0,11,181.0
3,0,0,5,5,5,10,0,0,75.0
3,1,18,5,0,2,2,0,13,0.0
3,2,31,5,6,3,0,0,17,45.0
3,2,0,5,0,5,0,21453,6,0.0
3,1,21,4,0,5,0,21800,8,0.0
3,1,50,5,3,4,0,22350,10,118.0
3,2,33,4,0,5,0,0,7,0.0
10,6,27,5,3,5,10,0,20,0.0
10,1,66,5,3,5,10,0,17,0.0
3,1,22,4,0,3,10,22106,13,0.0
3,1,23,5,5,1,8,0,7,17.0
3,5,66,5,5,1,8,0,19,23.0
3,1,28,5,0,3,2,21801,10,0.0
3,0,0,5,3,1,10,0,23,215.0
8,1,29,5,1,3,1,22107,23,32.0
3,1,62,5,1,5,0,0,11,30.0
3,1,65,5,5,1,10,0,12,20.0
3,2,33,4,5,5,8,0,10,0.0
3,1,44,5,5,1,8,0,10,150.0
9,2,0,5,2,5,10,22350,11,0.0
3,1,58,5,5,1,8,0,12,0.0
3,2,44,5,7,5,0,22350,16,0.0
9,0,0,5,0,1,10,0,18,69.0
3,1,48,5,6,1,0,0,13,1056.0
3,7,26,5,1,1,2,22107,16,0.0
3,0,0,5,1,3,10,0,20,301.0
3,1,21,5,1,2,2,0,20,0.0
9,2,0,4,2,5,10,0,22,50.0
8,2,46,5,3,5,0,0,12,380.0
3,0,0,5,3,1,10,0,22,197.0
10,1,16,4,3,5,0,0,0,0.0
18,2,0,5,7,5,1,21663,8,0.0
3,1,32,5,5,5,0,22350,18,0.0
3,4,24,5,2,2,10,21658,6,230.0
3,1,45,5,5,1,8,0,0,45.0
18,2,0,5,0,5,2,21453,19,0.0
3,1,18,5,0,3,1,22107,13,45.0
3,1,35,5,0,2,8,0,20,0.0
3,1,44,5,5,1,8,0,17,0.0
3,1,21,5,5,1,8,0,15,0.0
3,1,41,1,5,2,0,21703,3,40.0
3,1,33,5,5,2,0,22350,19,120.0
3,2,41,5,8,5,1,21453,16,0.0
3,7,49,4,0,2,2,0,1,0.0
3,1,24,5,6,2,5,21658,18,0.0
8,2,59,5,1,1,0,0,7,150.0
3,1,23,5,2,3,0,22107,22,184.0
3,0,0,5,6,1,10,0,14,0.0
3,0,0,5,3,3,10,0,22,107.0
3,1,37,4,0,2,2,12500,16,0.0
3,1,51,4,1,5,2,0,23,100.0
3,2,0,5,0,5,10,21804,17,51.0
3,0,0,5,3,1,10,0,16,175.0
3,0,0,5,6,2,10,0,20,48.0
3,1,18,4,0,2,0,0,17,0.0
3,2,30,4,3,5,10,0,3,51.0
3,2,25,4,3,5,10,0,12,51.0
3,2,0,5,5,5,0,22450,17,42.0
3,1,23,5,5,1,8,0,18,200.0
9,7,32,5,8,2,3,22106,22,150.0
18,2,0,4,1,5,10,0,0,51.0
3,2,23,4,3,5,10,0,20,51.0
3,2,29,5,0,3,0,0,11,0.0
18,2,0,4,3,5,10,0,8,234.0
3,2,21,4,6,5,10,0,2,0.0
3,2,0,4,5,5,0,0,8,0.0
3,2,24,5,0,2,0,0,19,0.0
3,1,26,5,1,1,0,0,18,100.0
3,1,57,5,1,1,8,0,19,42.0
8,1,30,5,2,2,10,22350,16,59.0
3,1,42,5,5,1,0,22350,14,207.0
3,2,0,5,5,1,0,22350,15,27.0
0,1,23,5,3,5,0,0,12,500.0
13,1,30,5,0,2,0,0,16,0.0
3,2,0,5,5,3,0,22350,1,28.0
3,2,0,5,0,3,10,22107,4,273.0
13,1,26,5,3,4,10,22350,18,42.0
3,0,0,5,0,3,10,0,15,48.0
3,2,26,4,5,1,8,0,16,0.0
18,1,21,5,6,3,0,0,13,55.0
3,2,0,4,3,3,0,22107,6,0.0
3,2,0,4,5,5,0,0,8,0.0
3,0,0,5,3,1,10,0,21,60.0
3,0,0,4,6,5,10,0,22,51.0
3,1,57,5,1,1,2,21800,17,0.0
12,1,25,3,8,5,10,21650,16,90.0
3,1,57,5,6,2,0,0,7,0.0
3,2,0,5,6,5,10,22107,8,40.0
3,1,19,5,0,1,0,0,18,479.0
3,0,0,5,6,2,10,0,1,120.0
3,2,0,4,5,5,2,0,14,0.0
3,1,51,5,5,1,10,0,14,130.0
3,1,34,5,5,1,0,22350,10,20.0
10,8,22,3,8,5,10,21456,14,0.0
3,1,36,5,5,1,0,21703,18,0.0
3,1,58,5,1,2,10,21804,16,64.0
3,3,50,5,1,2,10,21651,18,0.0
3,1,55,5,6,2,8,22400,23,102.0
3,1,44,5,0,3,2,21801,22,0.0
3,2,0,5,5,5,0,20002,18,30.0
3,0,0,5,0,2,10,0,19,85.0
3,2,0,4,5,5,4,0,19,51.0
3,0,0,5,5,1,10,0,21,31.0
3,1,47,5,0,2,0,0,2,0.0
3,2,42,4,5,5,8,0,15,51.0
3,1,28,5,5,1,8,0,14,123.0
3,2,0,5,5,1,0,22350,22,0.0
13,1,31,6,3,1,1,0,20,253.0
6,2,37,5,6,1,1,22107,3,0.0
3,1,30,3,3,5,1,0,11,0.0
3,1,21,5,1,1,2,22107,15,0.0
3,2,0,4,6,5,8,0,7,0.0
9,2,59,5,0,2,3,0,18,882.0