PartyType_Code,Sobriety_Code,Age,PrimaryCollisionFactor_Code,CollisionType_Code,VehicleDamage_Code,MovementPrecedingCollision_Code,ViolationCode,CrashTime,Distance
3,2,0,4,7,5,2,0,16,0.0
3,2,0,5,5,2,0,0,19,0.0
10,1,13,5,8,5,10,0,7,0.0
3,1,43,5,5,2,5,21703,2,42.0
3,1,22,5,5,2,8,0,0,10.0
3,7,22,5,5,2,0,23152,1,65.0
18,2,0,4,3,5,10,0,22,0.0
3,1,20,5,5,5,0,22350,8,90.0
3,1,43,5,1,3,0,0,12,0.0
18,2,0,5,6,5,0,22107,7,35.0
3,1,53,5,0,3,0,0,16,170.0
3,2,0,5,5,2,0,22350,15,0.0
3,1,0,5,5,1,8,0,14,0.0
3,1,22,5,5,5,0,0,16,0.0
3,2,0,4,6,5,1,0,11,0.0
10,2,22,5,8,5,10,0,21,0.0
3,2,66,4,5,1,8,0,11,0.0
18,0,0,5,0,1,10,0,10,0.0
18,1,0,5,7,5,10,22107,21,80.0
3,1,50,5,0,2,0,0,15,0.0
3,1,60,5,5,5,8,0,17,0.0
3,7,37,5,3,3,10,22107,0,21.0
3,2,51,4,5,5,10,0,10,0.0
3,0,25,5,5,3,10,0,3,105.0
10,2,73,5,8,5,2,0,6,117.0
9,1,52,5,3,5,3,22106,18,20.0
3,7,48,5,2,1,0,22350,20,128.0
3,2,30,4,1,5,1,0,17,0.0
0,1,30,0,3,1,0,21456,8,0.0
3,1,28,5,3,2,8,0,9,350.0
3,1,54,5,5,2,8,0,17,0.0
3,1,23,5,0,3,0,21800,18,0.0
3,1,51,5,5,1,0,22350,9,232.0
3,1,45,5,0,2,2,21801,11,0.0
3,1,63,5,0,2,0,0,17,0.0
3,2,42,5,5,1,8,0,7,46.0
3,1,34,5,1,1,10,22350,13,0.0
3,2,40,5,5,1,0,22350,16,51.0
3,2,57,5,6,1,4,0,22,96.0
9,1,61,5,6,1,0,21802,9,0.0
10,2,66,3,3,5,10,0,18,190.0
3,2,38,4,5,3,0,0,15,51.0
3,7,33,5,2,3,2,23152,23,167.0
3,1,24,5,5,3,0,21703,18,57.0
3,2,60,4,0,5,1,0,16,0.0
3,1,44,5,0,3,0,21453,6,0.0
3,1,20,5,0,2,0,21453,22,0.0
3,2,37,4,6,5,10,0,18,51.0
3,1,27,5,5,1,0,22350,10,30.0
3,0,0,4,3,5,10,0,3,0.0
3,1,32,5,0,2,0,0,23,0.0
3,7,50,5,5,1,0,22350,2,110.0
3,2,77,4,0,1,0,0,17,0.0
3,1,69,0,3,1,8,0,20,0.0
9,1,33,5,0,4,2,0,22,0.0
3,2,0,5,0,1,0,22450,8,0.0
3,1,24,3,8,1,2,0,9,450.0
3,1,72,5,0,3,0,0,17,0.0
3,0,0,4,3,5,10,0,16,0.0
3,1,38,5,5,3,8,0,15,200.0
3,7,56,5,5,1,2,22350,15,0.0
3,2,0,5,6,5,10,0,18,100.0
3,2,50,4,6,5,0,0,22,51.0
18,2,0,4,3,5,10,0,14,326.0
3,7,0,4,1,1,10,0,7,25.0
3,1,17,5,5,2,8,0,13,160.0
3,1,21,5,1,2,0,0,21,0.0
3,2,47,4,6,5,0,0,14,0.0
10,1,62,5,8,5,10,0,20,0.0
3,0,0,5,3,1,10,0,1,300.0
3,2,28,4,6,5,4,0,15,51.0
3,2,0,5,6,5,10,0,8,0.0
3,2,0,5,1,5,0,21453,5,0.0
3,0,0,5,6,3,10,0,3,194.0
3,0,0,5,5,2,10,0,21,160.0
3,0,0,5,5,3,10,0,1,175.0
3,1,34,5,5,2,10,0,14,581.0
10,1,10,5,1,5,10,0,21,0.0
9,2,0,5,6,5,0,22350,7,16.0
3,2,0,5,3,5,0,21703,9,0.0
3,0,0,4,3,5,10,0,8,0.0
3,2,23,5,5,3,10,22107,1,130.0
3,1,20,5,5,3,0,0,19,5.0
3,1,38,4,0,3,0,0,21,0.0
18,2,0,5,5,5,0,21658,0,111.0
3,1,27,5,3,3,10,22350,9,0.0
3,7,33,5,5,3,0,23152,23,0.0
3,1,43,5,0,2,0,22350,18,0.0
0,0,57,5,7,5,0,0,16,280.0
3,1,50,5,5,1,0,22350,16,33.0
3,1,72,5,1,3,10,21651,21,51.0
18,2,0,4,5,5,0,0,9,0.0
3,1,60,5,0,1,0,21800,17,0.0
3,1,37,5,0,2,0,0,9,0.0
3,1,61,5,6,3,0,0,15,120.0
3,2,74,4,5,5,8,0,20,0.0
3,0,0,5,5,1,10,0,1,274.0
3,1,31,5,6,1,2,21801,13,0.0
3,0,0,5,5,2,10,0,14,40.0
9,1,42,5,0,2,2,0,18,0.0
3,1,79,5,3,1,10,21804,15,300.0
3,1,50,3,3,1,0,0,21,200.0
3,6,0,5,6,3,0,22350,6,195.0
3,1,31,5,0,3,0,0,8,400.0
9,2,43,5,0,3,0,22450,10,0.0
3,1,27,4,5,1,2,0,21,0.0
3,2,61,4,5,1,8,0,12,0.0
18,2,0,5,3,5,3,0,7,0.0
3,1,43,5,3,5,1,22450,7,5.0
3,2,0,4,5,5,0,0,13,51.0
3,2,53,4,6,5,1,0,13,0.0
3,2,0,5,1,3,0,21650,6,250.0
3,2,55,5,0,4,2,0,18,36.0
9,2,50,4,5,5,8,0,19,0.0
3,1,65,5,5,2,10,22350,13,40.0
3,1,21,5,2,2,10,22350,9,148.0
3,2,0,5,6,5,2,0,8,0.0
3,1,35,5,3,2,10,22105,16,100.0
3,0,0,5,5,3,10,0,7,484.0
3,1,23,5,0,5,0,21453,15,0.0
3,2,29,5,6,2,10,21658,17,0.0
3,1,77,5,3,5,2,22107,20,0.0
3,2,0,5,2,3,10,22350,22,0.0
3,1,23,5,5,1,0,22350,17,75.0
3,1,71,3,3,1,0,0,13,0.0
9,1,27,5,1,3,0,21453,9,0.0
0,1,29,5,0,5,10,21650,10,0.0
3,1,73,5,0,3,2,22107,19,0.0
3,2,41,4,5,5,8,0,6,0.0
3,1,36,5,3,1,2,22107,17,0.0
3,1,24,5,1,3,2,21801,17,0.0
3,1,69,5,5,5,0,0,18,245.0
3,2,44,5,5,5,8,0,19,0.0
3,1,21,5,1,2,0,0,4,0.0
9,0,0,5,0,1,10,0,23,0.0
3,1,53,5,5,2,0,22350,19,775.0
3,1,21,5,6,2,0,0,4,52.0
3,0,0,5,0,2,10,0,20,476.0
3,1,19,4,5,3,0,22350,22,0.0
8,2,36,4,2,1,0,0,22,255.0
3,2,0,4,5,5,0,0,19,0.0
3,1,55,5,2,3,1,22100,9,150.0
3,2,27,3,8,1,0,0,17,0.0
1,2,44,5,6,1,0,0,12,0.0
3,1,41,5,1,2,2,22107,16,0.0
11,2,23,0,7,5,0,0,10,149.0
3,1,53,5,0,3,0,0,11,0.0
3,2,0,5,0,5,2,22107,18,0.0
3,2,0,4,5,5,5,0,12,51.0
13,1,42,5,6,5,8,21658,13,0.0
3,2,45,5,0,1,0,0,18,0.0
9,6,0,4,3,5,2,22107,13,0.0
3,2,44,4,5,5,8,0,11,0.0
3,2,0,4,5,3,0,0,7,0.0
3,2,0,5,2,3,10,22350,23,64.0
3,1,33,5,0,2,8,0,19,0.0
3,1,33,5,5,1,8,0,16,66.0
10,2,37,4,8,5,10,0,22,0.0
3,0,0,5,3,1,10,0,0,500.0
6,1,0,5,6,1,3,22106,23,79.0
3,1,50,5,0,2,10,21453,17,0.0
3,0,0,5,3,1,10,0,11,265.0
3,1,46,5,0,2,1,21800,13,0.0
3,2,64,5,0,3,0,0,14,0.0
3,1,36,5,6,1,0,0,19,0.0
3,1,28,4,6,5,0,0,8,51.0
3,2,0,5,0,2,0,21453,21,0.0
10,1,63,5,8,5,10,0,7,0.0
3,1,28,1,5,2,8,0,15,0.0
10,7,58,4,8,5,0,0,23,0.0
9,0,0,5,3,1,10,0,10,90.0
3,1,20,5,0,3,2,22107,19,0.0
3,0,0,5,6,3,10,0,17,45.0
3,1,44,5,5,1,0,22350,18,0.0
3,1,33,2,5,2,2,0,17,0.0
3,1,55,5,5,2,8,0,20,61.0
18,2,0,4,0,5,2,0,8,0.0
10,2,19,5,8,5,0,0,21,0.0
18,2,0,4,2,5,10,0,11,128.0
3,2,0,5,1,3,0,21658,2,19.0
9,0,0,5,5,2,10,0,20,180.0
3,7,21,5,1,3,10,21651,23,146.0
3,6,0,5,6,3,0,21453,2,0.0
3,2,28,5,0,2,1,22350,15,150.0
18,2,0,4,0,5,2,0,7,0.0
3,1,45,5,6,1,0,0,8,0.0
3,2,68,5,5,2,0,22350,17,100.0
0,1,34,0,7,5,10,21955,10,290.0
3,1,48,5,5,5,0,22350,18,0.0
1,2,39,5,6,1,5,21658,13,100.0
3,7,72,5,6,1,0,23152,21,0.0
3,2,0,5,5,2,0,22350,12,55.0
3,1,60,4,5,1,0,0,16,3.0
3,1,68,5,0,3,0,0,16,0.0
3,1,33,5,6,1,10,22107,10,0.0
3,1,24,4,0,5,0,0,12,0.0
3,2,0,5,3,3,0,20002,5,301.0
3,0,0,5,6,2,10,0,20,278.0
18,2,0,4,5,5,1,0,22,0.0
3,2,0,4,7,5,1,0,10,0.0
3,1,49,5,5,1,0,22350,8,0.0
3,1,51,5,5,3,8,0,1,0.0
9,7,34,5,3,3,2,22107,22,63.0
18,1,33,5,3,2,0,0,23,0.0
3,2,52,5,5,5,0,0,7,0.0
9,2,26,5,6,1,5,21658,20,0.0
10,1,16,5,8,5,10,0,18,341.0
3,0,0,5,6,2,10,0,0,81.0
3,1,69,5,6,2,0,22350,8,0.0
18,2,0,5,0,5,1,22350,5,0.0
3,2,33,4,6,5,0,0,13,0.0
3,7,32,5,2,2,1,22350,15,20.0
3,2,0,4,5,5,5,0,19,0.0
3,2,21,5,0,2,0,0,11,0.0
3,1,39,5,0,3,2,21801,17,0.0
3,1,27,5,5,2,2,0,12,0.0
9,0,0,5,3,2,10,0,2,0.0
3,0,0,5,6,1,10,0,16,945.0
3,2,0,5,2,5,10,20002,8,238.0
3,0,0,5,1,2,10,0,23,60.0
3,7,31,5,5,2,0,23152,20,51.0
3,1,23,5,3,1,8,0,10,0.0
3,7,21,5,3,2,10,23152,4,53.0
3,1,70,5,5,5,8,0,10,0.0
3,2,0,4,5,5,0,0,6,51.0
3,2,38,5,5,1,0,0,18,51.0
9,7,28,5,3,3,1,23152,22,0.0
9,1,42,5,6,1,8,0,19,59.0
10,2,33,5,8,5,10,0,7,51.0
3,0,0,5,5,1,10,0,23,150.0
3,1,45,5,5,1,0,21703,8,0.0
1,1,56,5,1,1,0,0,6,0.0
9,1,48,5,1,3,2,21453,12,0.0
3,2,0,5,6,5,0,21453,13,0.0
3,2,0,5,6,5,0,22350,17,0.0
9,2,58,5,1,3,10,21650,16,42.0
3,0,0,5,6,2,10,0,20,28.0
9,0,0,5,5,2,10,0,22,56.0
9,2,73,5,8,5,2,22107,8,0.0
3,1,63,5,5,1,8,0,14,151.0
9,1,53,5,0,5,0,0,9,0.0
3,0,0,5,3,3,10,0,2,109.0
3,1,62,5,1,5,10,22350,18,182.0
3,1,59,5,5,5,8,0,11,25.0
10,0,74,5,3,5,0,0,8,0.0
9,1,21,5,5,5,0,22350,9,0.0
3,1,41,5,5,5,2,0,13,0.0
3,2,0,5,0,5,0,22350,15,0.0
3,2,43,4,5,5,8,0,12,0.0
17,2,0,4,3,5,10,0,12,310.0
3,2,0,4,5,5,0,0,18,0.0
3,1,46,5,3,3,10,22107,0,140.0
18,1,17,5,0,2,2,0,12,0.0
8,1,36,5,5,3,0,22350,9,400.0
3,1,21,5,6,1,10,21804,17,0.0
3,1,20,5,6,5,0,21802,17,0.0
3,2,59,4,1,5,2,0,17,0.0
3,2,0,4,2,5,10,0,19,20.0
3,1,59,5,6,2,0,21453,6,0.0
3,2,36,4,0,5,2,0,6,0.0
3,3,77,5,3,2,10,22100,14,0.0
3,0,0,5,6,2,10,0,21,59.0
3,0,0,5,3,3,10,0,1,300.0
9,7,42,5,3,2,0,23152,22,75.0
3,1,19,5,0,3,0,21453,12,0.0
3,1,21,5,0,3,10,21804,15,120.0
3,1,60,4,0,1,2,0,10,670.0
3,1,66,4,6,1,0,0,8,0.0
3,1,65,5,5,2,0,0,13,36.0
3,0,0,5,3,2,10,0,1,0.0
0,1,57,5,5,2,8,0,1,0.0
3,1,57,5,0,2,10,22103,21,25.0
3,8,26,5,5,2,0,22350,22,40.0
3,2,0,5,3,2,0,22350,1,280.0
3,1,48,5,3,3,2,22350,7,42.0
3,1,59,5,3,1,0,22350,7,0.0
3,2,0,5,2,2,0,22107,23,50.0
3,1,43,5,5,1,10,0,12,0.0
18,2,0,4,3,5,10,0,0,0.0
3,7,32,5,0,3,0,21453,21,0.0
18,2,0,4,3,5,10,0,12,50.0
3,0,0,5,6,5,10,0,22,490.0
3,2,35,4,6,5,0,0,11,0.0
3,1,30,5,5,2,8,0,23,3.0
10,1,63,5,3,5,8,0,8,313.0
3,1,24,4,0,3,0,0,11,0.0
3,1,32,5,5,3,10,0,0,0.0
9,7,36,5,3,2,0,23152,5,205.0
3,1,50,5,0,1,10,21804,12,353.0
3,1,48,5,0,3,0,21802,21,0.0
3,1,17,5,1,2,1,20002,11,20.0
3,1,61,4,5,2,10,0,15,0.0
3,1,50,5,5,1,0,21703,21,0.0
3,1,22,5,6,5,10,0,19,136.0
3,2,38,4,5,5,8,0,18,51.0
3,2,0,5,5,5,0,22350,8,0.0
10,1,46,3,8,5,10,21954,8,18.0
3,1,22,5,0,3,0,0,16,0.0
3,1,35,5,5,1,8,0,15,0.0
3,1,20,5,0,2,0,0,18,0.0
3,0,0,5,1,1,10,0,21,120.0
3,2,87,5,2,1,5,22107,17,34.0
3,2,54,4,0,5,1,0,8,0.0
18,1,0,5,3,5,10,22106,22,340.0
9,1,19,5,5,2,8,0,21,0.0
3,1,87,5,1,2,2,21461,13,0.0
3,2,62,4,7,1,2,0,11,500.0
3,1,78,5,5,1,8,0,9,51.0
3,2,44,4,1,5,10,0,12,0.0
3,2,22,4,1,1,2,22107,22,0.0
3,1,33,5,5,5,0,22350,8,0.0
3,2,26,5,1,5,2,22107,9,0.0
3,1,37,5,3,1,10,0,15,210.0
3,1,54,5,1,2,0,22107,12,300.0
3,6,0,5,0,2,0,1,16,180.0
18,2,0,5,3,5,10,21663,2,353.0
3,1,24,5,5,3,0,0,21,37.0
9,1,60,5,5,3,8,0,0,51.0
18,2,0,4,3,5,10,0,4,0.0
3,5,21,5,1,2,10,22350,0,145.0
9,6,41,5,3,3,10,12500,16,332.0
3,0,0,5,3,2,10,0,1,277.0
3,1,41,5,0,3,9,21453,23,0.0
3,1,32,5,0,3,0,0,17,0.0
3,1,21,5,0,3,0,0,21,0.0
6,1,0,5,5,1,8,0,7,190.0
3,0,0,4,6,5,10,0,3,0.0
3,0,0,4,6,5,10,0,10,51.0
3,2,0,5,8,5,2,21950,21,0.0
0,1,54,4,3,5,0,0,8,150.0
3,1,0,5,0,2,0,21453,21,0.0
3,2,19,4,5,2,0,22350,7,55.0
3,1,61,5,0,5,8,0,14,0.0
3,2,45,4,5,1,1,22350,10,0.0
18,2,0,4,6,5,10,0,17,51.0
3,2,29,5,5,1,0,21703,14,166.0
3,2,41,4,5,5,10,0,13,0.0
3,1,67,5,0,2,0,0,12,416.0
3,2,0,5,2,2,0,22350,14,39.0
3,2,0,0,7,5,1,0,0,195.0
3,2,0,5,5,5,0,22350,19,0.0
3,0,0,4,3,5,10,0,8,0.0
9,2,45,4,6,5,10,0,23,51.0
3,5,21,5,0,2,10,21802,1,0.0
3,6,59,5,5,5,0,22350,8,15.0
3,2,54,4,5,5,8,0,11,0.0
3,1,35,5,5,5,8,0,13,0.0
3,1,36,5,5,1,0,0,12,108.0
3,2,49,4,6,5,0,0,13,51.0
18,2,0,4,3,5,10,0,21,0.0
3,0,0,5,0,3,10,0,14,27.0
3,2,54,4,5,2,8,0,17,0.0
3,1,25,0,7,1,1,0,13,0.0
3,0,0,5,6,2,10,0,2,311.0
3,1,26,4,5,1,8,0,12,0.0
3,2,0,4,0,5,10,0,9,0.0
3,1,42,5,5,2,0,22350,8,90.0
9,0,0,5,5,3,10,0,17,0.0
3,1,43,5,5,1,0,0,15,0.0
3,1,22,5,5,3,8,0,22,30.0
3,0,0,5,6,5,10,0,20,203.0
3,1,24,5,3,2,0,22350,10,0.0
3,1,33,5,5,5,0,22350,8,100.0
3,4,25,5,4,5,0,22350,15,0.0
3,0,0,5,1,3,10,0,3,227.0
3,1,29,4,5,1,0,0,10,57.0
8,1,46,5,0,3,0,0,18,0.0
3,2,66,5,0,1,8,0,15,0.0
3,1,26,5,5,1,0,22106,14,51.0
3,0,0,5,3,5,10,0,16,90.0
10,1,43,3,3,5,10,21955,12,153.0
3,2,33,5,6,3,2,21800,8,0.0
3,2,0,4,6,5,2,0,22,0.0
3,1,27,5,5,1,0,22350,16,186.0
3,1,30,5,6,2,0,0,1,0.0
3,2,0,5,6,5,5,22107,14,51.0
18,2,0,5,5,5,0,22350,15,20.0
3,2,0,4,6,5,3,0,22,30.0
3,1,39,5,0,2,10,21804,12,96.0
3,2,0,5,6,5,10,21658,21,790.0
18,0,0,4,6,5,10,0,8,51.0
3,1,34,5,0,2,2,21801,19,42.0
3,2,32,4,5,5,8,0,13,0.0
3,0,0,4,3,5,10,0,20,0.0
10,2,67,5,8,5,10,0,19,0.0
3,2,0,4,3,1,1,0,18,0.0
0,1,52,0,7,5,0,21651,20,0.0
3,2,0,4,5,5,0,0,19,0.0
3,0,59,5,6,1,10,0,17,238.0
3,2,24,4,5,5,8,0,11,51.0
3,1,33,5,5,2,0,0,16,0.0
3,2,31,5,0,3,0,0,19,0.0
18,2,0,4,2,1,0,0,9,55.0
3,2,0,5,5,3,0,22350,4,285.0
3,2,0,5,6,1,1,22100,2,0.0
3,1,26,5,6,1,8,0,22,120.0
3,1,35,5,5,2,8,0,19,120.0
3,1,49,4,0,2,0,0,1,0.0
3,1,62,5,5,3,0,0,7,0.0
3,0,0,5,1,2,10,0,21,110.0
3,0,0,5,5,1,10,0,12,51.0
9,0,0,5,5,2,10,0,18,286.0
3,1,23,5,3,2,10,21755,9,0.0
3,2,64,5,6,4,0,22350,10,147.0
3,2,39,5,6,2,10,21801,11,650.0
8,1,25,5,3,2,0,0,21,420.0
3,2,0,5,8,5,1,22107,6,0.0
3,1,64,5,5,1,1,22350,14,33.0
3,6,50,5,3,3,0,22350,4,25.0
3,1,0,5,0,3,0,0,8,0.0
3,1,28,5,0,1,0,0,19,0.0
9,2,49,5,1,2,0,0,20,0.0
3,0,0,4,5,2,10,0,3,0.0
3,2,20,5,5,1,8,22350,23,0.0
18,2,0,4,6,5,10,0,22,51.0
3,2,0,4,6,5,5,0,17,51.0
3,2,0,4,6,5,10,0,12,51.0
18,2,0,4,6,5,10,0,20,0.0
3,1,19,5,0,3,2,0,21,0.0
3,1,55,5,3,1,0,0,8,361.0
10,1,63,5,8,5,0,0,6,0.0
3,7,31,5,1,3,10,23153,18,51.0
3,2,0,4,5,5,0,0,17,0.0
3,1,27,5,5,1,8,0,18,0.0
18,2,0,4,3,5,0,0,20,0.0
3,2,50,4,5,5,8,0,8,0.0
3,1,71,5,5,3,0,0,18,52.0
8,1,57,5,0,2,0,21453,14,0.0
18,2,0,5,8,5,0,22350,20,0.0
3,0,0,5,6,3,10,0,14,224.0
3,1,24,5,0,2,0,0,19,0.0
3,1,31,4,5,2,0,0,7,0.0
3,2,27,4,0,5,0,0,14,51.0
3,1,45,5,5,2,0,22350,8,0.0
9,0,0,4,3,5,10,0,1,0.0
3,1,32,4,5,2,8,0,18,30.0
3,2,29,5,1,1,0,0,9,347.0
3,1,45,5,3,5,1,0,15,0.0
3,2,58,4,3,5,3,0,11,0.0
18,2,0,5,3,5,10,22350,0,300.0
3,0,0,5,5,1,10,0,11,112.0
18,2,0,5,3,5,10,20002,15,0.0
18,2,0,4,3,5,3,0,15,51.0
9,0,0,5,1,2,10,0,4,33.0
3,0,0,5,3,5,10,0,10,0.0
18,2,0,5,5,5,0,21658,0,30.0
9,2,0,5,5,5,3,22106,2,92.0
3,1,52,5,5,1,0,0,22,0.0
18,2,0,5,6,5,0,22107,22,90.0
9,7,22,5,1,3,0,22350,23,0.0
18,1,40,5,1,2,0,0,15,0.0
3,2,20,4,0,5,3,0,16,0.0
3,2,46,5,6,3,0,22350,0,123.0
3,1,19,5,0,3,0,22350,13,108.0
3,1,69,5,5,1,10,0,16,0.0
3,1,66,5,6,2,10,0,19,0.0
3,2,0,4,0,5,10,0,22,0.0
3,1,21,5,6,3,0,0,15,60.0
3,1,32,5,0,5,0,22350,15,0.0
3,5,28,0,7,2,0,0,8,25.0
3,1,54,5,0,1,0,0,18,0.0
3,2,0,5,5,5,3,22106,20,330.0
3,1,18,4,0,2,10,21804,13,50.0
3,2,54,4,5,5,8,0,15,0.0
10,1,31,4,3,5,0,0,18,0.0
3,7,25,5,5,2,0,23152,1,0.0
3,1,47,5,3,2,0,22350,12,340.0
3,2,76,4,5,5,0,0,8,0.0
3,2,0,5,2,2,1,22107,2,48.0
3,7,32,5,4,3,0,23153,17,133.0
0,1,60,5,0,5,0,0,12,0.0
3,2,0,4,5,5,0,0,18,0.0
8,1,34,5,5,2,0,22350,16,38.0
3,1,46,5,6,1,0,21658,21,0.0
3,1,84,5,7,5,10,21460,9,75.0
3,1,28,4,6,1,0,0,15,100.0
3,2,59,4,6,5,1,0,14,0.0
9,0,0,5,3,3,10,0,2,0.0
9,2,0,5,0,5,10,22107,16,0.0
3,1,0,5,5,3,8,0,17,0.0
3,0,0,5,5,2,10,0,13,88.0
3,1,22,5,3,2,10,22350,21,141.0
3,2,43,4,6,5,0,0,8,0.0
3,1,24,5,5,2,8,0,15,481.0
3,1,52,5,2,3,0,22350,6,100.0
18,2,0,4,6,5,10,0,23,0.0
3,1,45,5,1,2,2,21801,17,0.0
3,1,54,4,0,5,0,0,21,0.0
3,1,37,5,0,2,0,21804,8,0.0
3,0,0,5,5,1,10,0,15,0.0
14,1,42,5,8,5,0,0,10,260.0
18,2,0,4,3,5,10,0,16,51.0
3,0,0,5,6,2,10,0,14,78.0
3,2,35,5,5,2,0,22350,17,15.0
9,1,23,5,0,2,0,0,9,0.0
3,2,39,5,3,3,0,0,2,0.0
3,2,32,5,5,3,0,22350,19,388.0
3,1,19,5,5,1,0,0,14,248.0
3,2,62,5,8,5,2,21950,8,0.0
3,1,35,5,0,3,0,0,6,0.0
3,1,23,5,0,1,0,0,22,0.0
3,0,0,5,1,5,10,0,9,16.0
3,0,0,4,5,5,10,0,2,0.0
3,1,20,5,0,3,0,0,22,1249.0
3,2,21,4,0,5,0,0,15,0.0
3,7,32,5,1,3,0,21650,1,84.0
10,1,67,5,8,5,0,0,8,0.0
3,1,37,0,7,5,10,0,15,148.0
3,1,17,5,0,3,10,22350,15,0.0
3,2,0,4,3,1,2,0,7,0.0
1,2,0,4,6,5,2,0,9,0.0
9,1,39,5,5,1,0,0,12,0.0
3,2,47,4,3,5,2,0,9,0.0
3,7,40,5,6,3,0,22350,21,59.0
9,2,0,4,5,5,0,0,18,0.0
3,0,0,4,5,5,10,0,8,0.0
3,2,23,4,5,5,8,0,8,0.0
3,1,59,5,0,3,0,0,12,0.0
3,0,0,5,0,1,10,0,13,245.0
3,1,76,5,6,3,10,21804,7,0.0
3,0,0,5,6,2,10,0,20,0.0
3,2,0,5,3,3,0,22350,22,457.0
18,1,26,4,6,5,3,22106,15,418.0
3,2,0,5,6,2,0,22107,18,30.0
3,2,0,5,5,2,0,22350,20,20.0
3,2,0,4,6,5,10,0,16,51.0
3,1,51,5,5,1,8,0,14,0.0
9,2,0,4,6,1,2,0,8,0.0
3,7,36,5,2,3,0,22107,21,51.0
3,1,24,5,6,4,10,21209,17,262.0
3,1,61,5,6,1,8,0,17,0.0
3,2,0,5,5,1,0,22350,16,0.0
3,1,26,5,5,2,10,0,15,130.0
3,2,43,5,6,1,0,22107,8,67.0
3,0,0,5,5,2,10,0,3,60.0
3,1,75,5,0,2,0,0,16,0.0
3,1,51,5,0,4,0,0,11,0.0
18,2,0,5,3,5,2,22350,8,36.0
3,2,24,4,5,5,8,0,21,20.0
18,2,0,5,3,5,0,0,15,0.0
3,2,0,5,5,5,0,22350,19,40.0
18,2,0,4,6,5,10,0,18,470.0
3,2,19,5,1,3,2,21453,22,0.0
3,2,0,4,6,5,1,0,20,0.0
3,7,44,5,5,5,0,23153,17,0.0
0,2,13,5,7,5,0,0,20,0.0
3,1,21,5,5,1,1,0,11,0.0
3,1,59,5,5,3,8,0,16,225.0
3,2,0,5,5,5,0,21703,18,528.0
18,2,0,4,1,5,1,0,22,0.0
3,1,19,5,5,3,0,22350,6,48.0
3,2,0,4,5,5,0,0,19,0.0
3,7,31,5,5,2,0,22350,21,61.0
3,1,26,5,6,1,10,0,10,140.0
18,2,0,5,3,5,3,22106,6,99.0
3,1,59,5,0,1,8,0,13,0.0
3,0,0,5,5,5,10,0,15,102.0
9,2,33,5,5,2,0,22350,15,115.0
3,1,72,5,5,3,5,22107,18,162.0
18,2,0,4,5,5,5,0,21,40.0
3,2,36,5,5,3,0,22107,21,179.0
3,2,0,5,6,5,5,20002,15,0.0
18,1,17,5,5,5,8,0,19,107.0
3,1,37,5,0,1,2,0,6,0.0
3,1,20,4,5,2,0,0,13,110.0
3,1,45,5,2,1,0,22350,5,0.0
3,1,40,5,1,3,0,21453,18,0.0
3,0,0,5,6,1,10,0,6,0.0
3,0,0,5,2,2,10,0,7,190.0
3,0,0,5,3,2,10,0,1,300.0
3,0,0,2,6,5,10,0,16,200.0
3,2,0,4,6,5,10,0,9,35.0
9,2,46,5,5,1,1,22350,10,0.0
3,2,21,5,1,5,2,0,14,0.0
3,7,21,5,1,2,0,24250,21,0.0
3,2,0,5,3,5,0,22107,2,20.0
3,1,44,5,5,2,8,0,14,78.0
0,1,38,0,7,5,2,21460,9,364.0
3,1,20,5,0,2,2,21453,21,0.0
3,1,61,4,8,5,1,0,12,0.0
3,0,0,4,3,5,10,0,0,0.0
3,2,56,4,5,1,0,0,12,0.0
3,2,0,4,5,5,0,0,15,0.0
3,2,0,5,5,2,0,22350,18,0.0
18,2,0,5,5,5,0,21802,11,0.0
3,1,55,5,6,1,0,0,8,0.0
3,0,0,4,3,5,10,0,22,0.0
3,0,0,5,5,1,10,0,6,51.0
9,2,71,4,1,5,0,0,8,0.0
3,2,30,5,5,1,0,21703,8,0.0
3,2,31,4,6,5,0,0,8,0.0
10,6,27,3,3,5,10,21954,20,565.0
18,0,0,5,1,1,10,0,22,93.0
3,6,0,5,0,1,0,22450,7,0.0
9,7,23,5,1,1,1,23152,2,30.0
3,2,62,4,3,5,2,0,17,0.0
3,1,77,5,6,3,0,0,10,220.0
0,1,25,0,0,1,10,21202,15,35.0
12,1,21,5,8,5,0,0,15,0.0
3,2,0,5,6,5,10,22107,15,0.0
3,2,0,4,3,5,1,0,5,0.0
18,2,0,5,6,5,0,22350,2,0.0
10,2,20,4,3,5,8,0,0,0.0
8,0,0,4,0,5,10,0,13,51.0
5,0,0,5,3,1,10,0,22,25.0
3,1,21,5,0,2,2,22107,13,115.0
3,2,0,5,2,3,0,22350,1,0.0
3,2,40,5,6,3,0,21453,12,0.0
3,2,28,4,5,5,0,0,17,0.0
3,6,43,5,3,3,10,22350,0,1340.0
3,1,38,5,6,1,2,0,19,0.0
3,1,40,5,6,2,0,0,22,36.0
3,0,0,4,3,5,10,0,16,0.0
3,2,0,5,0,3,0,22350,3,0.0
3,1,24,5,0,1,0,21802,20,0.0