PartyType_Code,Sobriety_Code,Age,PrimaryCollisionFactor_Code,CollisionType_Code,VehicleDamage_Code,MovementPrecedingCollision_Code,ViolationCode,CrashTime,Distance
3,1,37,5,3,1,0,0,9,200.0
3,0,0,4,6,5,10,0,11,76.0
3,0,0,5,3,2,10,0,18,0.0
3,0,0,4,3,5,10,0,12,100.0
3,0,0,5,3,2,10,0,17,400.0
3,1,21,5,5,1,8,0,15,42.0
3,0,0,5,6,1,10,0,20,30.0
3,1,55,4,3,1,0,0,21,231.0
3,1,61,5,5,1,0,0,12,0.0
3,2,32,5,5,2,0,0,18,240.0
3,5,41,5,5,1,0,22350,11,76.0
3,2,32,4,5,3,0,0,18,0.0
3,2,34,5,0,2,2,21801,19,0.0
3,1,70,5,0,3,2,0,10,0.0
3,1,80,5,0,1,0,0,12,0.0
9,0,0,5,6,1,10,0,2,100.0
3,1,22,5,0,2,2,21801,13,0.0
3,1,39,5,2,1,2,21801,9,0.0
3,2,51,5,6,1,8,0,13,48.0
3,1,59,5,0,2,1,21800,16,0.0
3,1,85,5,5,3,0,0,14,32.0
3,2,29,4,6,5,10,0,14,0.0
3,1,24,5,2,5,4,22106,14,21.0
3,1,36,5,6,5,0,0,12,0.0
10,1,37,3,3,5,0,21456,8,0.0
3,1,38,5,0,2,0,0,12,0.0
3,2,45,5,5,1,8,0,20,12.0
8,2,0,4,3,3,10,0,2,0.0
3,1,61,5,0,5,0,0,16,0.0
3,1,31,5,1,1,2,0,7,0.0
3,2,67,4,6,5,0,0,15,51.0
13,1,51,5,6,1,5,21658,12,127.0
3,1,29,4,2,3,0,0,14,1000.0
6,1,0,5,1,4,2,0,15,26.0
10,1,63,5,3,5,10,0,5,0.0
18,2,0,4,3,5,10,0,11,51.0
3,2,35,4,0,5,2,0,12,0.0
9,2,0,4,6,5,1,0,17,0.0
3,1,60,5,0,3,2,21801,18,0.0
0,1,83,5,7,5,0,0,11,0.0
9,1,46,5,5,5,8,0,9,220.0
3,1,42,5,5,1,0,22350,14,0.0
3,1,39,5,0,1,0,0,13,0.0
8,2,0,5,6,5,10,22107,18,0.0
3,2,0,4,6,5,0,0,21,0.0
3,2,0,4,5,5,0,0,15,0.0
3,1,19,5,0,2,3,21804,18,263.0
10,1,24,5,3,5,0,0,8,0.0
3,1,26,5,0,2,0,0,4,0.0
3,6,0,5,2,1,0,22350,10,311.0
3,1,47,5,0,2,0,0,0,51.0
3,2,0,4,5,5,0,0,1,0.0
9,0,50,4,6,5,10,0,8,51.0
13,2,38,5,0,5,1,22114,10,0.0
3,2,59,4,5,5,8,0,4,0.0
3,2,42,4,0,5,2,0,6,0.0
3,7,24,5,0,1,0,23152,4,174.0
8,2,0,4,6,5,10,0,12,0.0
3,1,62,5,5,1,1,0,17,22.0
3,1,36,5,5,3,8,0,16,0.0
18,1,26,5,0,3,0,22350,11,126.0
3,2,0,4,5,2,0,0,21,15.0
9,0,0,5,6,1,10,0,22,363.0
18,2,0,4,3,5,10,0,3,0.0
3,2,0,4,5,5,8,0,15,0.0
18,1,49,5,6,2,2,0,18,0.0
3,2,30,2,8,2,0,0,4,100.0
3,0,0,5,0,3,10,0,0,122.0
3,2,22,4,5,5,9,0,18,0.0
3,1,66,5,0,3,0,0,8,0.0
3,2,0,4,3,5,3,22106,13,0.0
10,1,56,5,8,5,10,0,14,0.0
3,2,0,4,6,5,0,0,10,0.0
3,2,0,5,0,2,0,21453,13,0.0
3,0,0,4,6,5,10,0,7,75.0
10,1,54,5,8,5,0,0,19,0.0
3,0,0,5,6,1,10,0,12,308.0
9,1,49,5,8,1,0,21950,15,0.0
3,1,23,5,1,1,0,0,19,0.0
3,1,20,5,5,5,0,22350,17,18.0
9,2,47,4,6,5,0,0,15,0.0
3,0,0,5,5,2,10,0,17,95.0
3,0,0,4,6,2,10,0,19,321.0
3,2,0,4,6,5,0,0,16,51.0
3,1,23,6,3,5,2,22350,17,0.0
3,0,0,4,6,5,10,0,4,0.0
3,1,22,5,5,1,8,0,18,77.0
3,1,30,5,6,5,0,0,16,500.0
9,6,38,5,0,3,0,0,3,0.0
3,2,0,5,6,1,0,22107,19,0.0
3,1,0,5,1,3,0,0,22,0.0
3,2,42,4,5,5,0,0,12,51.0
3,1,40,5,0,3,0,0,18,0.0
18,2,0,5,5,5,0,22350,7,51.0
3,5,63,5,6,5,0,0,12,300.0
3,0,0,4,3,5,10,0,1,0.0
3,1,21,5,6,2,0,0,9,57.0
3,2,0,5,6,3,10,22350,23,0.0
1,1,49,6,0,1,0,0,11,0.0
3,0,0,5,3,2,10,0,11,150.0
9,0,0,5,6,2,10,0,0,30.0
18,2,0,5,3,5,0,20002,4,345.0
0,2,55,4,7,5,0,0,11,500.0
3,1,36,5,1,3,0,0,2,218.0
9,7,19,5,3,2,10,23140,16,596.0
3,2,0,5,1,3,0,22350,2,0.0
3,1,20,5,0,1,0,21802,18,0.0
3,1,44,5,0,2,0,21802,19,0.0
3,2,0,4,5,5,0,0,22,0.0
3,0,0,4,6,2,10,0,20,133.0
9,0,0,4,5,5,10,0,12,0.0
3,1,84,5,8,2,0,21950,16,0.0
3,2,18,4,5,1,8,0,15,50.0
18,2,0,5,6,5,1,22350,17,0.0
9,6,0,5,6,3,5,22107,5,150.0
3,1,67,5,0,2,2,0,21,28.0
3,2,0,5,6,5,2,0,14,0.0
3,1,45,5,6,3,0,0,16,200.0
3,2,43,5,1,1,2,0,20,0.0
3,7,72,5,5,3,8,22350,20,20.0
10,5,85,5,8,5,0,0,10,0.0
3,2,0,5,0,5,2,0,12,0.0
3,1,55,5,0,2,0,0,21,0.0
0,2,0,4,3,5,0,0,9,0.0
18,2,0,4,5,5,1,0,8,0.0
18,2,0,4,3,5,10,0,0,0.0
3,1,63,5,0,2,0,21453,7,0.0
9,2,36,5,5,1,1,0,11,0.0
3,2,0,4,5,5,0,0,13,0.0
3,2,61,5,0,3,0,22350,23,0.0
3,7,35,5,5,1,0,21658,17,180.0
10,1,42,3,8,5,10,21950,20,0.0
3,2,0,5,8,5,9,22515,16,452.0
3,0,0,5,6,2,10,0,22,570.0
3,2,0,5,1,5,2,21801,1,0.0
3,1,49,5,5,3,8,0,0,32.0
8,1,51,5,5,1,0,21703,11,0.0
3,2,0,5,6,2,10,22350,17,0.0
3,1,38,5,0,4,0,0,10,0.0
3,1,24,4,0,2,0,0,10,0.0
9,1,52,5,5,5,8,0,8,1320.0
3,1,31,5,5,2,8,0,13,60.0
3,1,18,5,5,2,0,22350,20,0.0
3,0,0,5,3,3,10,0,18,100.0
3,2,59,5,7,1,1,22350,18,393.0
3,1,55,5,0,2,2,22101,8,0.0
3,1,35,5,1,5,2,0,20,0.0
3,1,26,5,1,2,2,22107,1,16.0
0,1,26,0,3,5,0,21202,11,355.0
3,1,23,5,5,2,8,0,15,80.0
3,1,65,5,5,1,2,21804,18,200.0
3,0,0,5,3,5,10,0,2,154.0
3,1,23,5,0,2,0,0,10,90.0
3,2,47,4,0,5,0,0,9,50.0
3,1,67,5,0,2,2,21801,11,0.0
3,1,45,5,0,2,0,0,10,0.0
3,1,16,5,2,2,0,22350,21,305.0
3,1,53,5,0,2,0,0,15,0.0
18,2,0,4,3,5,10,0,11,0.0
9,7,39,5,6,5,10,21657,2,148.0
3,1,18,5,0,3,2,21801,17,0.0
3,1,29,5,3,1,2,0,18,15.0
3,0,0,4,3,1,10,0,15,0.0
9,0,59,4,3,5,10,0,23,0.0
8,2,29,5,0,1,2,21802,21,0.0
3,1,63,5,5,5,8,0,12,0.0
3,1,25,5,5,1,0,0,0,520.0
3,1,78,5,5,1,8,0,20,0.0
3,7,49,5,3,3,10,23152,1,225.0
9,1,40,5,6,1,10,21755,10,112.0
3,2,0,4,5,5,1,0,17,0.0
3,2,34,5,3,5,0,0,6,0.0
18,2,0,4,6,5,10,0,12,457.0
3,0,0,5,5,3,10,0,17,140.0
3,1,45,5,5,2,0,22350,21,0.0
10,1,17,5,8,5,10,0,21,0.0
3,1,19,5,5,1,0,22350,8,578.0
3,0,0,5,5,2,10,0,15,252.0
0,1,59,5,7,5,0,0,11,102.0
9,2,41,5,5,5,8,0,15,0.0
3,2,0,4,6,5,2,0,20,0.0
3,1,45,5,5,1,0,22350,9,0.0
9,0,0,5,6,1,10,0,17,22.0
3,2,38,5,0,3,0,0,12,267.0
3,2,0,5,1,5,0,22350,3,247.0
3,1,28,5,1,3,10,0,9,122.0
3,0,0,4,2,1,10,0,9,150.0
3,1,70,5,5,1,8,0,12,116.0
3,2,66,5,3,1,8,0,17,200.0
18,2,0,5,6,5,10,22107,16,0.0
3,1,32,5,0,2,0,21802,17,0.0
3,0,0,5,5,2,10,0,9,0.0
3,2,51,5,0,2,2,0,16,0.0
3,2,39,5,0,3,0,0,17,0.0
3,1,34,5,5,1,8,0,18,0.0
3,2,20,4,0,5,2,0,23,0.0
3,7,20,5,1,3,0,22350,2,650.0
3,2,0,4,3,5,1,0,9,0.0
0,2,35,5,7,1,0,0,13,51.0
3,1,54,0,3,1,0,0,10,0.0
18,2,0,4,3,5,3,22106,0,0.0
3,0,0,5,6,1,10,0,1,30.0
3,0,0,5,6,3,10,0,7,270.0
3,1,31,5,0,2,0,0,10,97.0
3,2,27,5,1,2,0,0,17,0.0
18,2,0,4,3,5,10,0,0,51.0
3,8,22,5,3,2,10,22350,0,110.0
3,1,28,5,0,2,2,22107,22,117.0
0,2,22,4,0,2,0,0,15,315.0
3,2,33,4,1,5,8,0,8,0.0
3,1,46,5,0,2,8,0,8,0.0
3,2,0,5,3,1,9,20002,17,33.0
3,1,40,5,0,3,10,21802,8,0.0
3,2,0,4,5,5,0,0,13,0.0
3,0,0,5,6,2,10,0,0,30.0
3,4,25,5,5,3,0,21658,3,107.0
3,0,0,4,6,1,10,0,10,180.0
3,2,0,5,6,5,0,21209,7,0.0
3,7,20,5,2,3,10,23153,3,188.0
3,1,18,5,2,3,2,22350,15,25.0
3,2,55,4,6,5,10,0,9,0.0
3,1,35,5,0,2,0,21802,12,0.0
3,7,18,5,2,5,0,22350,21,100.0
3,1,85,4,5,1,1,0,10,57.0
3,1,18,5,0,2,10,21804,16,216.0
3,0,0,4,3,3,10,0,17,200.0
3,0,0,5,6,2,10,0,20,51.0
9,2,38,4,6,5,2,0,16,0.0
9,0,0,5,5,1,10,0,5,200.0
3,1,61,5,5,1,1,21804,12,358.0
0,1,24,5,3,2,0,0,8,0.0
9,1,19,5,5,3,0,20002,15,0.0
3,1,55,5,1,2,0,21453,7,0.0
3,2,48,5,0,2,0,21453,20,0.0
3,1,38,5,5,1,0,22350,9,50.0
3,2,50,5,0,1,0,0,5,0.0
3,2,65,4,6,5,0,0,9,0.0
3,0,0,5,6,3,10,0,23,50.0
3,1,29,5,0,1,2,21801,19,0.0
3,7,48,5,6,3,0,21658,21,87.0
3,7,57,5,1,2,2,21801,21,0.0
9,2,76,4,3,5,10,0,12,255.0
3,2,35,4,5,5,0,0,6,51.0
9,2,0,4,6,5,10,0,12,35.0
3,2,0,5,5,1,10,20002,15,6.0
1,1,0,5,6,1,10,0,7,68.0
3,1,53,5,5,1,8,0,17,0.0
3,1,22,5,0,3,2,22107,14,0.0
3,1,0,5,6,1,0,0,19,0.0
3,1,29,5,0,2,0,0,12,160.0
3,0,0,5,6,3,10,0,22,53.0
3,2,0,4,5,5,0,0,19,51.0
3,1,31,5,0,1,5,22107,17,0.0
10,2,0,5,8,5,10,0,12,213.0
3,2,0,5,5,3,10,0,22,253.0
3,1,46,5,0,1,8,0,15,0.0
9,0,0,4,0,5,10,0,10,0.0
3,2,0,4,1,5,10,0,15,0.0
3,2,70,4,5,5,8,0,16,30.0
3,0,62,5,5,2,10,0,2,0.0
0,2,21,5,7,1,0,0,21,0.0
3,1,70,5,5,3,0,22350,6,0.0
3,1,40,5,5,1,8,0,19,0.0
3,2,0,5,5,2,0,22107,22,132.0
3,1,21,5,2,5,0,20002,2,30.0
0,1,46,4,8,5,0,0,6,0.0
9,6,0,5,5,5,0,22350,18,10.0
3,0,0,5,6,2,10,0,6,45.0
3,1,27,5,0,2,2,21801,14,0.0
3,2,0,5,5,5,3,22106,19,170.0
0,1,51,5,7,5,0,0,18,0.0
0,2,22,5,7,5,0,0,13,0.0
3,0,0,5,6,1,10,0,8,0.0
9,2,0,5,5,5,8,0,0,45.0
18,2,0,4,3,5,10,0,18,0.0
9,2,43,5,0,2,0,0,8,357.0
3,1,39,5,5,1,0,22350,17,147.0
9,1,46,5,5,1,8,0,11,68.0
3,1,26,5,5,5,8,0,10,100.0
9,5,38,5,3,1,0,22107,4,949.0
3,1,44,5,5,5,0,22350,17,69.0
3,1,43,5,5,1,0,0,17,270.0
3,1,44,5,0,3,0,21453,18,0.0
9,2,0,4,6,5,5,0,9,500.0
3,1,40,5,0,3,2,21453,8,0.0
3,2,29,4,3,5,0,0,14,0.0
3,1,50,5,5,1,8,0,11,120.0
3,1,45,4,7,2,0,0,8,24.0
3,1,21,5,5,5,8,0,15,0.0
3,2,0,4,5,5,0,0,13,0.0
3,0,0,5,5,3,10,0,0,230.0
3,1,43,5,5,3,8,0,19,60.0
3,2,37,5,0,5,0,0,1,0.0
9,2,0,4,6,1,5,0,6,0.0
18,2,0,5,2,5,5,22107,9,307.0
18,2,0,5,5,5,0,22350,14,450.0
9,2,0,5,5,3,10,22350,20,26.0
13,1,39,5,6,1,10,0,11,87.0
3,1,65,5,3,3,10,0,3,630.0
3,1,0,5,6,5,0,0,1,0.0
3,2,58,5,6,3,2,21801,12,0.0
3,1,43,5,0,1,0,0,8,0.0
0,1,50,5,6,1,5,21658,6,0.0
3,1,50,5,0,2,0,21800,8,0.0
3,2,69,5,5,5,8,0,13,115.0
3,2,30,4,5,5,8,0,15,0.0
3,2,21,4,0,5,8,0,14,0.0
3,2,0,5,5,1,3,22106,16,52.0
0,1,26,0,3,1,10,21804,18,0.0
9,0,0,5,3,5,10,0,9,51.0
3,1,78,5,0,2,0,0,13,115.0
3,2,29,4,6,5,8,0,13,0.0
3,2,0,5,5,1,10,22106,21,0.0
18,2,0,4,5,5,10,0,17,51.0
3,2,0,5,3,5,10,20002,16,50.0
9,2,0,4,5,5,0,0,17,51.0
3,1,77,5,1,1,10,21651,11,81.0
18,1,41,5,0,2,0,0,13,21.0
3,1,43,5,2,1,0,0,9,307.0
3,1,38,5,5,3,8,0,14,91.0
9,1,38,5,3,2,2,22107,15,100.0
3,0,0,4,6,5,10,0,1,51.0
9,2,0,4,1,5,0,0,14,0.0
8,2,0,5,0,3,2,0,21,144.0
3,1,54,5,6,5,0,0,14,0.0
3,1,27,6,6,2,5,21658,17,6.0
3,0,0,5,6,5,10,0,18,300.0
3,1,47,5,0,2,0,21453,16,0.0
0,1,55,0,0,5,0,21650,9,269.0
9,1,23,5,5,1,0,22350,14,0.0
8,1,20,5,3,5,10,22350,18,170.0
6,1,44,4,8,1,2,0,23,0.0
3,2,0,4,3,5,3,0,20,0.0
3,2,36,5,2,3,0,22350,2,22.0
3,0,33,5,5,1,10,0,1,44.0
3,6,17,5,3,1,2,22350,23,0.0
10,2,21,3,8,5,10,21950,8,0.0
3,1,25,5,0,2,0,21453,6,0.0
3,1,66,5,0,2,0,0,13,0.0
3,1,25,5,3,1,2,22107,20,0.0
0,1,18,5,3,1,0,0,16,0.0
9,1,37,5,1,2,2,0,17,0.0
3,1,29,5,0,1,0,0,18,0.0
3,0,0,4,3,5,10,0,8,51.0
3,2,0,5,5,5,0,21703,13,0.0
9,0,0,5,0,1,10,0,10,54.0
3,0,0,5,3,3,10,0,23,0.0
3,1,50,5,2,4,1,22107,16,600.0
9,2,0,5,6,5,10,21804,17,0.0
3,7,22,5,6,1,5,21658,16,0.0
3,2,26,5,5,3,0,0,0,108.0
10,1,17,5,3,5,0,0,8,0.0
3,1,56,5,5,5,0,0,10,0.0
3,2,24,5,5,1,0,22350,10,36.0
9,2,0,4,3,5,3,0,19,0.0
0,2,46,5,7,1,0,0,23,0.0
3,2,72,4,6,5,0,0,17,0.0
3,1,22,5,3,5,2,21950,17,0.0
3,2,47,5,0,2,2,21801,10,0.0
3,2,33,4,3,5,8,0,5,51.0
3,1,75,5,8,1,3,22106,18,0.0
3,1,64,5,6,1,10,21804,13,195.0
8,2,23,4,5,2,0,0,15,150.0
6,0,0,5,6,1,10,0,20,112.0
3,1,51,5,0,1,0,0,17,0.0
3,1,0,4,0,2,0,0,8,0.0
3,1,0,4,3,5,3,0,7,600.0
3,2,0,4,3,5,3,0,12,0.0
3,1,31,4,3,5,8,0,12,15.0
9,1,24,5,0,3,0,21453,17,0.0
0,2,0,4,7,5,0,0,13,0.0
3,2,21,5,0,3,0,0,8,0.0
9,1,24,6,0,3,2,22107,7,0.0
3,0,0,4,1,5,10,0,9,72.0
3,1,19,2,5,1,8,0,16,68.0
3,1,20,4,5,2,0,22350,10,0.0
3,1,29,5,0,1,2,0,15,0.0
3,2,0,5,6,5,0,22107,1,81.0
3,1,15,5,0,2,2,21801,15,500.0
18,0,0,5,5,1,10,0,8,93.0
3,1,25,5,5,2,0,22350,21,0.0
3,1,29,5,5,2,8,0,22,39.0
3,2,66,5,5,5,0,21703,16,50.0
3,0,0,5,6,1,10,0,23,196.0
9,1,55,5,5,1,0,22350,15,49.0
0,2,13,0,3,5,10,0,15,0.0
3,0,0,4,3,5,10,0,0,0.0
3,0,0,4,3,5,10,0,10,51.0
3,0,0,5,6,2,10,0,3,415.0
3,2,0,5,3,3,0,22350,21,300.0
3,0,0,4,3,5,10,0,19,0.0
3,1,70,5,0,2,2,21453,20,0.0
9,2,26,4,3,5,10,0,6,50.0
3,1,18,5,0,3,0,21802,16,0.0
10,2,17,3,8,5,0,21954,21,36.0
3,1,55,4,1,2,0,0,8,0.0
3,1,57,5,0,3,2,0,5,0.0
3,0,0,5,6,1,10,0,11,138.0
3,1,39,5,5,1,8,0,14,0.0
3,2,0,4,0,5,0,0,18,0.0
3,2,0,4,0,5,1,0,12,15.0
3,0,0,5,6,1,10,0,1,38.0
3,1,66,4,0,3,0,0,10,0.0
3,1,52,5,0,2,0,21806,7,0.0
3,1,64,5,1,3,0,21453,13,0.0
3,1,68,3,8,5,2,0,16,0.0
10,1,81,5,8,5,0,0,14,0.0
17,2,0,5,0,5,5,0,16,51.0
3,1,24,5,1,3,0,0,18,0.0
3,1,38,5,0,4,2,0,10,0.0
3,5,20,5,3,4,0,22450,19,0.0
10,2,0,5,8,5,0,0,8,0.0
3,1,25,5,0,2,0,21453,8,0.0
3,1,70,5,7,5,0,22350,18,0.0
3,2,0,5,8,5,0,22350,20,0.0
3,5,38,5,0,2,0,0,17,0.0
9,1,74,5,1,3,2,0,23,0.0
3,1,43,5,2,3,5,21658,19,906.0
3,7,20,5,2,2,0,22350,19,27.0
3,2,0,4,0,5,10,0,10,0.0
3,2,63,5,0,1,0,21800,22,0.0
3,2,23,5,2,3,0,22107,2,57.0
3,0,0,5,3,3,10,0,12,0.0
3,0,0,5,6,1,10,0,8,580.0
3,1,27,5,0,2,0,21453,6,0.0
8,2,0,5,0,3,0,21453,11,0.0
9,2,24,4,0,3,0,0,6,0.0
3,1,63,5,8,5,3,22106,11,290.0
3,2,0,5,8,5,0,0,8,110.0
3,2,19,5,0,3,2,21453,1,0.0
3,2,36,5,5,5,8,0,14,100.0
9,7,57,5,5,2,0,21703,22,116.0
3,2,0,6,8,5,1,22450,13,0.0
3,0,0,5,6,2,10,0,23,245.0
3,2,0,5,0,3,0,21453,17,0.0
3,1,73,4,0,3,0,21453,12,0.0
3,7,20,5,2,2,2,22107,20,0.0
3,1,60,5,0,2,0,0,15,250.0
9,1,65,5,3,3,0,22350,20,300.0
3,0,0,4,3,5,10,0,22,0.0
3,1,24,5,0,2,0,0,12,0.0
3,1,49,5,0,3,2,0,19,0.0
9,2,55,5,3,3,0,20002,20,85.0
3,2,0,4,6,1,0,0,15,51.0
3,1,52,5,5,1,10,21804,10,260.0
3,1,20,5,1,3,0,0,16,15.0
8,1,23,5,3,2,10,21755,18,0.0
3,0,0,4,6,5,10,0,23,115.0
9,5,64,5,2,1,3,22106,11,135.0
3,1,21,5,0,1,2,0,18,0.0
3,0,0,5,3,5,10,0,21,42.0
3,2,37,5,1,3,2,21453,18,37.0
9,2,0,5,6,1,5,22107,17,125.0
3,1,19,4,0,3,2,21802,11,0.0
1,1,50,5,5,1,0,22350,6,0.0
18,2,0,4,6,5,9,0,23,51.0
3,2,50,4,0,5,0,0,7,0.0
3,1,38,5,5,3,0,22350,13,92.0
3,1,24,5,1,3,2,21801,11,0.0
0,2,26,0,7,5,0,0,2,0.0
3,1,70,4,0,5,0,0,18,0.0
3,2,0,5,3,5,0,22350,23,346.0
3,2,65,5,2,3,10,22350,0,240.0
0,2,26,4,7,5,10,0,18,0.0
3,2,38,5,0,3,10,21460,9,24.0
3,2,0,4,6,5,10,0,19,0.0
3,5,43,5,5,1,8,0,15,112.0
3,1,31,5,0,3,0,21453,0,0.0
3,1,39,5,1,3,0,0,15,0.0
3,1,47,5,0,1,2,21801,17,0.0
3,1,52,5,0,3,5,22107,14,0.0
3,1,44,5,6,1,0,0,19,300.0
3,1,70,4,0,5,0,0,12,0.0
3,1,29,5,0,5,0,0,18,0.0
3,2,30,6,5,1,1,21804,15,483.0
10,2,26,4,8,5,8,0,17,109.0
3,0,0,5,5,3,10,0,1,110.0
0,1,32,5,3,5,0,21202,16,0.0
5,2,0,4,5,5,10,0,23,0.0
18,2,0,4,3,5,10,0,0,0.0
3,2,19,5,0,4,0,21453,23,0.0
3,0,0,4,3,5,10,0,16,50.0
18,2,0,4,5,5,0,0,6,51.0
3,1,42,5,5,2,2,21801,17,0.0
3,1,21,5,6,2,1,21804,9,22.0
1,2,0,4,6,5,0,0,14,0.0
3,7,38,5,5,3,0,22350,20,40.0
3,7,17,3,8,5,0,21955,17,51.0
3,1,58,5,0,3,0,21453,6,0.0
3,1,18,5,5,1,8,0,19,0.0
3,2,21,5,0,2,2,0,8,0.0
3,2,0,4,0,5,1,0,11,0.0
3,6,30,5,0,2,0,21453,20,0.0
3,2,0,4,2,5,4,0,16,51.0
18,0,0,5,3,5,10,0,21,0.0
3,2,0,5,7,5,0,21453,17,0.0
3,2,74,4,6,5,10,0,10,51.0
3,2,0,4,5,5,1,0,12,0.0
18,2,0,1,6,5,3,1,21,1000.0
9,2,77,4,3,5,10,0,10,0.0
3,1,0,5,1,3,0,0,18,0.0
3,1,24,5,3,2,5,22350,8,84.0
3,0,0,5,5,2,10,0,11,89.0
3,0,35,5,6,2,10,0,0,50.0
3,7,33,5,5,3,1,23152,19,29.0
13,7,37,5,5,1,8,0,0,0.0
3,1,28,5,5,2,8,0,15,0.0
3,2,80,5,6,2,0,0,15,0.0
3,1,60,4,0,5,0,21460,16,0.0
3,1,24,5,5,3,0,22350,17,0.0
9,1,38,4,1,3,0,0,8,620.0
18,2,0,4,2,5,10,0,18,664.0
3,2,0,4,5,5,10,0,4,0.0
3,2,64,4,6,2,0,0,11,0.0
3,2,46,5,0,1,2,0,8,0.0
3,2,0,5,0,2,10,22107,22,0.0
3,2,0,5,5,5,0,20002,22,50.0
8,1,39,4,5,1,9,0,14,0.0
3,7,24,5,0,3,0,22450,22,0.0
3,2,35,4,5,5,0,0,8,51.0
3,1,24,5,5,5,8,0,18,20.0
3,7,24,5,3,3,1,23152,2,0.0
3,0,34,5,5,5,10,0,16,322.0
3,2,0,4,6,5,0,0,12,0.0
3,2,0,5,5,1,0,22350,21,0.0
10,7,29,5,3,5,8,0,1,0.0
9,1,51,5,0,5,1,21802,11,0.0
3,1,48,5,5,2,8,0,13,105.0
9,1,72,5,6,1,0,22350,17,196.0
3,2,33,4,5,5,8,0,9,0.0
3,2,0,4,6,5,5,0,20,0.0
3,1,43,5,3,3,0,22107,23,790.0
3,1,27,5,3,5,1,0,20,20.0
3,1,52,5,5,5,8,22350,18,0.0
3,1,50,5,5,2,8,0,9,14.0
3,1,38,5,0,1,0,0,17,40.0
9,0,0,5,5,3,10,0,4,372.0
3,1,21,5,3,1,1,0,17,0.0
3,2,25,4,5,5,8,0,20,0.0
3,2,0,4,0,5,10,0,21,51.0
3,2,34,4,5,5,8,0,22,0.0
3,2,0,5,0,2,10,20002,21,0.0
18,0,0,5,6,1,10,0,17,0.0
3,1,80,4,5,1,0,0,17,50.0
3,2,21,4,0,5,0,0,11,0.0
3,2,43,4,5,5,8,0,4,0.0
3,2,16,5,1,3,0,22350,7,0.0
18,2,0,5,6,3,0,22350,21,505.0
3,1,28,5,1,3,2,22107,14,0.0
3,2,0,5,0,3,2,22107,7,0.0
9,2,0,5,0,2,0,21453,8,0.0
3,1,17,5,5,1,0,22350,16,0.0
3,2,19,4,5,5,8,0,14,0.0
3,1,22,2,3,5,0,0,18,0.0
3,0,44,4,5,5,10,0,10,507.0
3,2,55,5,0,5,0,0,8,0.0
3,1,28,5,6,3,0,0,9,0.0
3,2,22,5,3,2,0,22107,21,236.0
3,0,0,5,5,3,10,0,0,350.0
3,1,62,4,0,2,2,0,19,0.0
3,0,0,5,3,1,10,0,7,100.0
9,2,0,4,3,5,2,0,13,0.0
3,1,58,5,6,1,0,0,7,0.0
3,2,43,5,0,2,0,0,6,0.0
3,1,29,5,5,4,1,22107,0,70.0
3,1,38,5,0,5,1,0,12,0.0
9,1,53,4,0,1,2,21453,15,0.0
3,0,0,5,6,2,10,0,16,234.0
3,1,47,5,1,2,8,0,12,160.0
18,2,0,4,3,5,2,21950,23,0.0
3,2,16,5,5,2,0,22350,9,60.0
3,0,0,4,6,5,10,0,22,51.0
3,2,55,5,0,3,0,0,11,0.0
3,2,56,5,0,2,0,0,10,0.0
18,2,0,4,3,5,10,0,7,0.0
0,1,58,5,3,5,0,0,8,0.0
9,2,16,5,1,2,2,21801,16,0.0
3,2,29,4,5,5,1,0,8,0.0
18,2,0,4,6,5,10,0,17,51.0
6,1,39,5,6,1,0,22107,10,199.0
3,1,28,4,1,3,0,22350,17,106.0
18,1,46,5,6,3,8,0,10,247.0
0,1,53,0,3,1,10,21650,7,0.0
3,0,0,5,1,5,10,0,3,140.0
3,1,74,5,3,1,0,21950,17,0.0
3,1,24,5,0,2,0,0,21,0.0
0,1,65,0,7,5,10,21650,20,0.0
9,0,0,5,3,2,10,0,12,206.0
18,2,0,5,3,5,3,0,8,0.0
3,2,0,4,6,5,0,0,20,51.0
3,1,38,1,0,2,8,0,12,0.0
3,2,18,4,5,5,2,0,20,0.0
3,1,23,5,0,3,1,21453,2,0.0
3,7,30,5,6,3,10,22107,0,25.0
3,2,20,4,5,5,8,0,17,0.0
3,0,0,4,5,5,10,0,0,300.0
3,2,0,5,6,1,0,21658,18,0.0
3,1,52,5,0,3,0,21658,18,0.0
3,7,17,5,5,1,0,21703,18,20.0
3,2,20,5,2,3,0,22107,18,140.0
3,0,0,5,0,2,10,0,0,0.0
10,7,0,3,8,5,10,21954,19,180.0
3,7,39,5,5,2,0,23152,13,40.0
18,1,18,5,5,2,0,21703,16,70.0
3,2,0,5,6,5,1,22107,19,0.0
3,2,42,5,1,2,1,22107,8,0.0
8,1,23,5,3,2,0,22350,12,0.0
3,1,0,4,0,2,10,0,17,423.0
3,0,0,5,5,1,10,0,2,63.0
3,2,0,5,2,3,3,22350,11,126.0
3,1,20,5,6,2,0,0,20,0.0
3,2,17,5,5,1,8,0,21,70.0
9,2,66,5,1,3,2,0,8,0.0
3,2,58,4,7,5,0,0,18,0.0
3,2,34,5,0,3,10,0,14,0.0
3,2,0,4,2,5,3,0,17,0.0
10,1,78,5,8,5,0,0,8,0.0
3,1,22,4,6,1,3,0,22,0.0
3,1,66,4,5,1,0,0,12,0.0