PartyType_Code,Sobriety_Code,Age,PrimaryCollisionFactor_Code,CollisionType_Code,VehicleDamage_Code,MovementPrecedingCollision_Code,ViolationCode,CrashTime,Distance
3,2,0,5,3,3,3,22106,18,214.0
3,1,42,4,5,2,8,0,19,18.0
9,1,45,3,3,5,0,0,17,91.0
3,1,56,4,3,3,0,22107,1,0.0
10,2,33,5,8,5,0,0,18,0.0
3,2,40,4,0,5,1,0,10,0.0
18,2,0,4,6,5,0,0,18,0.0
3,1,34,5,0,2,0,0,8,0.0
3,2,46,5,0,5,2,0,13,0.0
3,1,36,5,3,5,10,0,10,102.0
3,1,19,5,0,3,0,21802,13,0.0
9,6,0,5,3,1,3,22106,20,500.0
3,1,23,5,0,1,0,21800,19,0.0
3,1,17,5,1,2,10,21804,19,65.0
3,2,0,5,1,3,10,21651,9,100.0
3,1,68,3,8,5,8,0,20,47.0
3,7,24,5,3,2,0,23152,4,0.0
18,2,48,5,5,1,8,0,19,95.0
3,0,0,5,5,2,10,0,0,213.0
3,2,20,4,3,5,0,0,9,100.0
3,2,0,5,7,5,0,22450,12,51.0
3,1,34,4,5,1,0,22350,18,0.0
3,1,19,5,5,1,8,0,20,0.0
6,1,46,5,0,2,0,0,20,0.0
3,0,0,5,0,3,10,0,4,30.0
9,2,0,5,5,5,10,22107,9,100.0
9,2,24,4,6,5,0,0,20,0.0
3,7,29,5,0,1,10,21801,0,430.0
18,2,0,4,3,5,10,0,18,60.0
3,1,16,5,0,3,0,21804,21,0.0
3,1,36,5,6,1,2,0,22,0.0
3,1,17,5,6,2,0,22350,15,56.0
3,7,24,5,3,3,10,21650,2,133.0
3,2,82,5,3,3,0,22350,20,1188.0
3,1,23,5,0,5,2,0,3,0.0
3,2,0,5,0,2,10,21804,22,229.0
3,2,68,4,0,5,1,0,9,0.0
9,1,43,5,5,2,0,22350,15,285.0
9,7,43,4,8,2,0,0,21,0.0
3,2,48,5,5,1,0,0,12,0.0
3,1,48,0,3,1,0,0,10,0.0
3,1,75,5,0,3,2,21802,8,0.0
3,1,21,5,0,3,0,0,4,0.0
3,2,21,4,1,5,0,22350,22,0.0
3,1,25,5,5,3,5,0,10,0.0
3,2,28,4,3,5,1,0,15,0.0
9,1,25,5,5,1,5,22107,11,62.0
3,1,53,5,5,1,1,0,9,267.0
3,2,51,4,5,5,8,0,11,0.0
9,2,0,4,0,5,2,0,13,0.0
18,2,0,4,3,5,10,0,14,51.0
3,2,0,4,5,5,3,0,21,55.0
3,1,33,3,8,1,0,0,17,27.0
3,0,0,5,0,3,10,0,4,19.0
3,1,46,5,0,1,2,0,14,0.0
3,2,0,4,5,5,0,0,13,51.0
3,1,62,5,8,1,0,21950,12,0.0
3,1,29,5,0,2,2,21801,9,0.0
18,2,0,4,5,5,2,0,21,0.0
9,0,0,5,6,3,10,0,20,373.0
3,1,22,5,0,2,0,0,18,0.0
3,2,27,5,2,3,2,22350,8,0.0
3,7,21,5,8,1,1,23153,0,66.0
3,1,25,5,0,2,0,21453,18,0.0
3,1,56,5,0,2,1,0,8,216.0
3,1,26,5,0,3,0,0,10,480.0
3,2,0,5,5,5,0,22350,13,0.0
3,2,44,4,0,5,0,0,17,0.0
3,1,20,5,1,5,0,0,15,0.0
3,2,0,5,3,1,0,22350,1,455.0
3,2,0,4,6,5,0,0,23,15.0
10,6,22,3,8,5,10,21456,16,13.0
9,7,31,5,3,3,0,23152,4,250.0
3,1,32,4,5,5,0,0,8,25.0
3,1,61,4,3,5,10,21801,18,150.0
3,1,22,5,5,1,8,0,16,30.0
9,2,0,5,6,5,0,22107,18,100.0
3,2,41,5,0,3,0,21453,22,0.0
3,2,33,4,3,1,10,22103,7,0.0
3,1,25,5,0,3,0,0,15,0.0
3,1,48,5,5,5,8,0,1,0.0
3,2,27,5,5,3,0,21703,17,102.0
3,2,27,4,5,5,8,0,11,0.0
3,1,18,5,0,3,2,22107,12,0.0
3,2,53,4,3,5,1,0,18,0.0
3,0,0,5,5,2,10,0,10,325.0
3,2,0,4,5,2,0,0,11,0.0
3,1,50,5,6,5,10,21804,18,175.0
3,0,61,5,0,3,0,21453,11,0.0
3,2,0,4,0,5,0,0,18,0.0
3,0,0,5,1,5,10,0,1,79.0
9,2,0,5,0,3,10,22350,7,78.0
18,2,0,4,5,5,10,0,22,365.0
3,2,25,5,5,3,0,22350,18,460.0
3,1,45,5,6,3,0,0,13,0.0
9,2,0,5,5,3,0,22350,12,0.0
3,2,58,5,6,1,0,0,20,0.0
18,2,0,4,3,5,10,0,16,0.0
9,1,27,3,8,5,0,0,17,250.0
3,0,0,4,3,5,10,0,18,200.0
3,7,24,5,6,2,0,21658,15,1105.0
3,1,51,5,0,3,8,0,23,170.0
3,1,44,5,5,3,0,22350,0,330.0
3,1,37,5,1,3,2,21801,23,0.0
9,2,0,4,1,5,2,0,16,70.0
3,2,0,5,0,3,0,21453,5,0.0
3,1,66,6,1,3,0,21453,18,0.0
3,1,29,5,5,5,8,0,17,0.0
8,1,59,5,6,1,0,21658,15,51.0
3,2,0,5,5,2,2,22107,10,0.0
8,1,34,5,0,3,10,21755,14,255.0
3,5,36,5,3,2,0,23152,1,75.0
10,1,25,5,8,5,1,0,20,25.0
3,0,0,4,3,5,10,0,8,275.0
3,2,38,5,0,4,0,0,12,0.0
3,2,55,4,7,1,2,0,18,0.0
3,1,31,3,3,1,0,0,20,356.0
3,1,56,4,5,2,0,22350,12,30.0
18,2,0,4,5,5,0,22350,19,0.0
3,2,0,5,5,1,0,22350,11,0.0
3,1,60,5,5,3,5,22107,8,0.0
18,2,0,4,5,5,10,0,21,51.0
3,2,0,4,3,5,10,0,2,0.0
3,0,0,5,5,1,10,0,22,110.0
18,2,0,4,6,5,0,0,8,0.0
9,1,25,5,5,1,8,0,12,12.0
3,7,48,5,5,1,10,22350,18,30.0
3,1,22,5,0,3,0,21453,10,0.0
3,2,44,4,0,5,0,0,8,0.0
0,1,15,0,7,5,0,21456,13,0.0
3,0,0,5,4,2,10,0,22,75.0
0,2,37,4,3,5,0,0,0,21.0
3,7,35,5,6,2,10,22350,12,56.0
3,0,0,5,6,1,10,0,12,16.0
3,2,0,4,5,1,0,0,17,0.0
3,1,21,5,5,1,8,0,18,0.0
3,2,37,4,1,5,10,0,16,0.0
3,1,50,5,5,2,0,0,17,210.0
3,2,0,5,3,5,3,20002,11,0.0
3,2,32,4,1,5,2,0,19,0.0
3,1,69,5,0,1,2,21801,17,0.0
11,2,40,4,7,5,10,0,13,0.0
3,2,66,4,5,5,8,0,18,0.0
3,0,0,4,3,2,10,0,15,0.0
3,2,0,5,1,5,0,21453,12,0.0
3,7,20,5,0,3,0,21650,2,0.0
3,1,15,5,5,3,1,22350,11,421.0
3,1,39,5,0,5,0,0,16,0.0
3,1,22,5,0,2,0,21802,18,0.0
3,2,26,5,0,2,8,0,10,0.0
3,1,25,5,0,3,0,0,18,0.0
3,2,0,5,5,5,0,22350,16,75.0
3,1,42,5,0,1,8,0,18,300.0
3,2,66,5,2,2,10,22350,20,370.0
3,1,90,4,3,5,10,0,14,0.0
9,2,26,5,5,2,8,0,11,0.0
3,2,24,4,6,5,0,0,17,0.0
3,1,23,5,6,5,0,0,15,0.0
3,1,63,5,5,3,8,0,8,0.0
3,2,37,4,0,5,0,0,23,0.0
3,6,24,5,1,2,0,22107,3,0.0
3,2,68,4,2,5,8,0,1,0.0
3,2,26,5,5,1,0,0,14,51.0
3,2,29,5,5,1,0,22350,9,0.0
10,2,81,5,8,5,10,0,7,0.0
3,1,20,5,3,3,1,22350,0,60.0
18,2,0,4,6,5,10,0,7,0.0
3,2,46,5,5,2,0,22350,21,33.0
3,1,56,5,6,1,0,0,7,72.0
3,2,0,4,6,5,0,0,12,0.0
3,0,0,4,3,1,10,0,1,0.0
3,2,0,5,5,2,0,22350,16,0.0
17,1,25,0,6,1,10,0,16,0.0
3,7,33,5,6,2,0,22350,19,300.0
18,2,0,5,3,5,10,0,6,0.0
3,1,49,5,0,2,0,0,8,0.0
3,1,31,5,2,2,2,22350,9,0.0
6,1,25,5,5,1,0,22350,1,95.0
9,7,46,5,5,2,0,23152,1,44.0
10,1,86,5,8,5,10,0,19,0.0
3,2,25,4,1,5,8,0,12,0.0
3,2,25,5,5,4,0,21658,4,165.0
3,0,0,5,6,5,10,0,22,154.0
10,1,75,5,8,5,0,0,17,27.0
9,2,51,4,3,5,3,0,20,0.0
3,1,83,5,1,3,2,21801,16,440.0
3,2,0,5,6,5,5,22107,12,60.0
3,2,0,5,6,3,10,22350,23,70.0
3,7,27,5,2,2,0,22350,0,29.0
3,2,78,4,5,5,8,0,16,0.0
3,1,28,4,1,2,0,0,17,0.0
3,2,26,5,3,3,2,21801,15,0.0
3,1,26,4,6,2,5,0,6,50.0
3,2,0,4,3,5,10,0,0,0.0
3,2,29,5,5,3,0,22350,1,165.0
3,5,30,5,3,1,3,22106,20,210.0
3,7,47,5,5,3,0,22350,0,103.0
3,1,72,5,3,5,1,22107,8,0.0
18,2,0,5,0,5,1,22350,1,0.0
3,1,23,5,5,1,8,0,18,51.0
3,2,24,5,1,2,2,21801,16,0.0
10,2,27,3,8,5,10,21954,12,155.0
3,1,52,5,3,1,3,22106,12,100.0
18,2,0,5,3,5,1,0,10,0.0
10,1,65,5,8,5,10,0,9,0.0
3,1,35,5,6,3,0,0,1,50.0
3,0,17,5,5,3,10,0,23,0.0
9,0,0,5,3,2,10,0,18,0.0
3,1,34,5,0,2,2,0,22,0.0
3,1,22,5,6,3,0,22350,7,51.0
3,1,20,5,0,2,2,21804,14,0.0
3,0,0,5,6,3,10,0,15,127.0
3,2,38,5,5,5,1,0,10,150.0
9,2,0,5,0,5,0,22350,6,290.0
3,1,18,5,6,2,0,22350,13,430.0
3,7,0,5,5,2,0,23153,20,20.0
9,2,33,4,5,5,0,0,16,0.0
9,2,26,5,5,3,0,22350,14,138.0
3,2,49,5,5,1,0,22350,15,51.0
3,0,0,4,6,5,10,0,17,0.0
3,2,0,4,5,5,0,0,18,0.0
9,0,0,5,6,5,10,0,0,155.0
9,0,0,5,3,3,10,0,1,35.0
9,1,33,5,3,4,10,0,0,7950.0
18,2,0,5,3,5,10,0,10,0.0
3,6,30,5,2,3,10,22350,4,0.0
3,0,46,5,0,1,10,0,12,267.0
3,1,0,5,0,3,0,0,20,0.0
3,1,24,5,3,2,0,22350,10,70.0
3,1,42,5,1,1,8,0,14,10.0
3,1,86,5,0,3,0,22450,18,0.0
4,2,0,5,6,2,0,22350,20,38.0
3,0,0,5,3,1,10,0,4,107.0
3,1,54,5,5,1,0,22350,13,266.0
3,2,68,5,5,2,0,0,13,122.0
3,1,22,5,6,1,0,0,14,102.0
3,1,45,5,0,2,0,0,11,72.0
3,7,31,5,0,3,0,23153,1,0.0
3,1,51,5,5,1,8,0,15,381.0
3,1,34,5,0,2,0,21453,17,0.0
3,5,23,5,6,3,0,21658,0,306.0
9,2,0,4,5,5,1,0,8,0.0
9,2,0,4,6,5,0,0,15,0.0
3,7,23,4,3,3,0,22107,3,0.0
3,2,0,5,3,5,10,20002,19,258.0
9,0,0,5,1,1,10,0,2,175.0
3,2,0,5,5,5,10,0,14,0.0
17,0,0,5,2,1,10,0,23,200.0
3,2,0,4,3,5,10,0,18,0.0
3,2,35,3,8,5,10,0,11,75.0
3,1,41,5,5,5,8,0,14,200.0
3,1,53,5,8,1,2,21950,12,0.0
3,1,52,5,5,1,8,0,0,0.0
3,0,0,5,8,1,10,0,7,583.0
9,1,97,5,5,5,8,0,12,30.0
3,2,0,5,6,5,2,21801,7,0.0
3,2,0,5,3,1,2,20002,3,35.0
9,2,0,5,5,5,0,22350,17,8.0
9,2,56,5,6,2,0,0,9,51.0
3,2,0,4,5,5,0,0,14,0.0
3,1,44,5,0,2,0,21453,9,0.0
3,4,0,5,1,2,0,22350,1,0.0
3,0,0,5,5,2,10,0,22,28.0
3,1,42,5,1,1,1,0,1,0.0
3,0,0,5,0,2,10,0,1,138.0
3,2,48,4,5,5,8,0,17,0.0
3,1,33,5,0,3,0,21453,20,0.0
3,0,0,4,6,5,10,0,6,0.0
3,2,80,5,5,2,0,22350,8,20.0
3,1,52,5,5,2,2,0,6,1115.0
0,1,44,0,7,5,0,21956,0,63.0
3,1,51,5,5,1,8,0,8,0.0
3,2,54,5,5,2,8,0,22,88.0
3,1,47,5,5,3,5,0,17,124.0
3,0,0,5,3,2,10,0,1,0.0
3,0,0,4,6,5,10,0,15,70.0
3,1,29,5,5,3,8,0,6,0.0
3,2,30,5,5,5,8,0,11,0.0
3,0,44,5,6,2,10,0,12,0.0
9,1,22,5,6,1,0,0,16,0.0
3,2,0,5,6,2,0,21651,11,51.0
9,2,0,5,3,3,0,22107,2,440.0
3,1,22,5,5,5,0,22350,15,0.0
9,1,51,5,5,3,8,0,1,0.0
0,1,24,0,3,5,8,0,22,0.0
9,2,61,4,6,5,0,0,12,0.0
3,7,25,5,6,2,0,23152,23,96.0
3,7,29,5,1,3,0,23152,22,166.0
3,1,44,5,0,3,8,0,11,0.0
3,2,20,4,0,2,0,0,10,0.0
9,0,0,5,3,5,10,0,20,20.0
3,4,39,5,7,5,0,22350,8,0.0
3,1,52,4,7,1,1,0,14,0.0
3,2,25,4,5,5,10,0,16,0.0
3,1,21,5,1,3,0,0,14,0.0
3,2,32,5,0,3,10,22107,7,180.0
3,0,0,5,3,1,10,0,23,268.0
0,1,19,5,3,1,10,0,10,132.0
3,1,50,5,0,2,2,21801,15,0.0
3,1,46,5,5,3,0,22350,15,0.0
3,1,31,5,2,3,10,0,10,51.0
3,0,0,4,5,5,10,0,0,25.0
18,1,48,5,5,3,0,22350,7,75.0
3,2,29,4,0,5,3,0,19,0.0
3,0,0,5,3,3,10,0,1,184.0
3,7,58,5,0,2,0,23152,18,109.0
10,1,4,3,8,5,10,21955,16,220.0
3,7,53,5,2,3,0,22107,21,720.0
8,1,25,5,6,2,0,0,12,0.0
3,0,0,5,3,3,10,0,7,0.0
3,0,0,5,6,2,10,0,15,48.0
18,1,55,5,0,1,10,21804,17,51.0
9,0,0,5,6,3,10,0,2,148.0
3,1,57,4,3,5,2,0,14,0.0
3,0,57,4,0,2,10,0,10,51.0
8,1,29,4,3,5,0,0,20,0.0
3,2,0,4,5,5,0,0,20,0.0
3,1,23,5,5,1,10,0,14,29.0
3,0,0,5,5,1,10,0,19,0.0
3,1,30,5,1,3,2,21453,18,0.0
3,2,33,5,0,3,0,1,15,0.0
3,1,50,5,0,3,0,0,23,0.0
3,2,0,5,2,3,5,21658,3,1120.0
3,1,42,5,5,2,0,0,7,60.0
3,0,0,5,5,3,10,0,2,55.0
3,0,0,5,3,2,10,0,1,0.0
17,1,57,5,2,1,0,21658,3,1137.0
3,0,0,5,6,3,10,0,2,99.0
7,2,67,5,5,2,0,0,14,0.0
3,2,0,4,0,5,5,0,15,0.0
3,1,93,5,0,2,10,21804,14,390.0
9,2,53,5,0,1,0,0,11,0.0
9,0,0,5,4,2,10,0,3,54.0
3,1,21,5,6,2,2,21804,13,0.0
18,1,38,5,7,1,1,22107,20,51.0
18,2,0,4,6,5,10,0,3,51.0
3,2,29,4,0,5,10,0,14,51.0
3,1,53,5,5,2,10,0,12,21.0
3,2,25,5,4,3,8,0,13,37.0
10,1,57,5,8,5,0,0,17,57.0
9,1,88,4,6,2,8,0,15,51.0
3,2,0,4,2,5,10,0,0,216.0
3,1,33,5,5,3,0,22350,21,78.0
3,1,32,5,5,1,8,0,1,15.0
3,1,40,0,7,1,8,0,13,100.0
3,1,29,5,1,2,2,22107,17,0.0
3,2,0,5,6,5,3,22106,1,71.0
3,2,0,4,5,5,0,0,18,0.0
3,2,23,5,6,1,1,20002,23,500.0
3,0,0,5,6,3,10,0,0,30.0
9,1,48,5,5,1,0,0,12,0.0
3,2,43,4,0,5,0,0,15,0.0
3,2,0,4,6,5,10,0,18,0.0
3,2,0,5,2,3,0,22350,22,0.0
3,2,65,4,5,3,10,0,0,0.0
3,1,52,5,6,1,5,22107,7,0.0
3,2,33,5,1,1,8,0,21,0.0
3,2,66,4,5,5,0,0,15,0.0
3,5,40,5,6,5,0,0,19,0.0
3,0,0,5,5,1,10,0,0,21.0
3,2,0,4,5,5,0,0,8,51.0
9,1,68,5,1,4,2,0,18,0.0
3,2,63,5,5,2,0,0,8,0.0
9,2,0,4,6,5,10,0,8,0.0
3,0,0,4,6,2,10,0,0,51.0
3,1,51,5,5,5,10,0,18,52.0
3,1,18,4,5,3,8,0,15,0.0
3,1,36,5,5,2,0,22350,18,59.0
3,0,0,5,3,5,10,0,2,0.0
3,1,54,5,0,5,1,22100,20,0.0
3,2,33,5,0,1,0,22350,16,0.0
3,1,22,5,0,5,2,0,19,0.0
3,2,55,5,6,1,10,21750,20,30.0
3,2,0,5,6,5,1,21658,7,150.0
3,1,21,5,3,3,0,22350,23,10.0
3,2,0,4,0,1,0,0,11,0.0
18,2,0,5,8,5,1,22107,11,0.0
3,2,0,4,5,5,0,0,8,0.0
3,0,0,5,5,5,10,0,12,45.0
3,1,18,5,0,2,2,21804,19,225.0
3,1,29,4,5,3,0,0,6,0.0
3,0,0,5,3,2,10,0,8,169.0
3,1,47,5,5,1,8,0,13,40.0
3,7,22,5,3,3,2,22350,14,0.0
3,1,29,4,5,3,0,22350,11,0.0
3,1,46,5,0,2,0,0,21,0.0
3,1,71,4,2,5,0,0,19,0.0
3,2,0,5,6,5,10,21755,14,200.0
0,1,51,0,7,5,0,21453,17,0.0
3,2,31,4,5,5,8,0,5,15.0
3,1,31,5,0,1,0,0,16,295.0
3,5,26,5,0,3,0,0,7,0.0
3,2,0,5,5,5,1,0,7,0.0
3,2,0,5,5,2,0,22350,2,120.0
3,2,0,4,3,5,3,0,18,0.0
3,2,0,4,3,5,9,0,9,0.0
3,1,43,5,6,1,1,0,19,0.0
3,1,54,5,5,2,10,0,17,26.0
3,2,0,5,3,5,10,22107,6,0.0
3,1,37,4,0,3,0,21453,12,0.0
3,1,58,5,1,3,0,0,0,0.0
3,0,0,4,6,5,10,0,22,51.0
3,1,74,5,5,2,8,0,12,0.0
3,1,38,5,5,1,8,0,8,150.0
3,2,0,4,5,5,10,0,23,51.0
3,2,0,5,0,3,0,22450,3,0.0
3,2,29,5,3,5,0,21950,19,0.0
3,1,41,5,0,1,0,0,13,0.0
3,1,52,5,3,2,0,22107,22,210.0
3,1,39,0,7,1,1,0,16,301.0
3,1,42,3,8,5,0,0,4,85.0
3,2,21,5,3,3,4,0,2,0.0
3,2,36,5,0,3,0,0,23,0.0
18,2,0,4,3,5,10,0,7,0.0
3,1,49,5,8,5,2,21950,12,0.0
9,7,27,5,1,3,10,22350,21,267.0
3,2,0,5,5,5,0,0,18,0.0
9,2,0,4,0,5,0,0,4,0.0
3,0,0,5,6,5,10,0,2,108.0
3,0,63,5,5,2,10,0,11,43.0
3,0,0,4,3,1,10,0,19,0.0
3,1,0,5,2,3,0,22350,16,0.0
10,1,77,5,3,5,0,0,8,0.0
3,1,67,5,3,1,3,20002,0,129.0
3,1,35,5,5,1,1,0,12,0.0
0,1,16,5,3,1,0,0,12,0.0
3,1,41,5,0,3,8,22350,8,0.0
3,0,0,5,6,3,10,0,1,248.0
3,1,70,5,3,5,5,21658,21,600.0
3,1,49,0,7,1,0,0,15,0.0
3,2,22,5,0,1,0,0,23,0.0
0,2,53,5,7,5,10,0,16,0.0
9,1,34,6,5,1,0,0,9,0.0
3,1,43,5,1,2,0,0,12,0.0
3,1,25,5,0,2,0,0,8,0.0
3,1,29,5,0,3,0,0,3,0.0
3,0,0,4,2,5,10,0,9,80.0
3,0,0,4,3,5,10,0,0,33.0
3,2,23,4,0,5,10,0,11,0.0
3,2,0,5,6,5,0,20002,9,0.0
3,0,0,5,5,5,10,0,9,42.0
3,1,38,5,0,2,0,22450,16,0.0
3,4,39,5,2,3,0,21651,1,0.0
3,2,27,5,0,3,9,22350,20,0.0
9,0,0,4,5,5,10,0,0,51.0
9,0,0,5,0,1,10,0,8,0.0
3,1,22,5,0,2,0,0,12,120.0
3,0,0,5,3,2,10,0,21,285.0
3,1,72,5,7,1,1,22450,10,0.0
3,2,29,5,0,2,0,0,9,0.0
3,1,34,5,0,3,0,21453,9,0.0
3,1,29,5,0,2,0,0,15,0.0
10,2,56,3,8,5,10,21954,22,0.0
3,2,27,4,1,5,2,0,9,0.0
3,1,29,6,6,2,5,21658,8,0.0
3,2,18,5,5,1,5,22107,17,0.0
3,2,68,4,5,5,10,0,15,0.0
3,2,34,5,0,2,0,0,19,0.0
3,0,0,4,3,5,10,0,8,0.0
3,2,0,4,6,5,4,0,10,120.0
3,2,52,4,6,1,0,0,19,0.0
3,0,0,5,3,1,10,0,22,197.0
3,1,23,5,1,2,2,21800,9,675.0
3,2,0,5,8,5,1,22350,9,0.0
18,2,0,5,0,5,0,21802,1,0.0
3,2,0,5,5,5,0,22350,8,165.0
0,1,52,5,3,5,0,0,18,0.0
9,2,38,5,5,2,0,22350,21,60.0
3,2,0,5,6,5,1,21658,21,75.0
3,1,50,5,0,3,2,21453,17,0.0
3,0,0,4,3,3,10,0,0,0.0
3,1,53,5,5,1,8,0,16,510.0
3,2,0,5,5,2,0,22350,23,0.0
10,2,38,5,8,5,10,21954,1,0.0
3,1,21,5,0,1,0,22100,15,0.0
3,2,72,4,5,5,8,0,17,0.0
3,0,0,5,5,3,10,0,1,129.0
3,7,41,5,5,1,0,0,22,177.0
0,1,19,5,3,5,0,21200,20,0.0
3,0,0,5,6,1,10,0,17,0.0
3,2,19,4,0,5,0,0,5,0.0
3,1,27,5,1,3,0,21650,22,76.0
3,2,0,5,5,5,0,22350,11,11.0
18,2,0,4,6,5,5,0,23,0.0
9,1,42,5,6,5,5,21751,12,300.0
3,2,0,4,6,5,0,0,18,0.0
3,2,0,4,5,5,0,0,17,0.0
3,1,21,5,1,3,2,22100,11,0.0
3,2,44,5,1,5,2,0,18,74.0
9,2,0,4,2,2,0,0,20,242.0
1,2,51,4,5,2,0,0,7,0.0
3,1,29,5,1,2,0,0,18,0.0
3,2,45,4,3,5,10,0,19,51.0
3,1,43,5,5,2,0,22107,8,20.0
8,1,49,5,2,1,0,22350,1,0.0
0,2,0,4,7,5,10,0,11,0.0
3,0,49,5,6,1,10,0,20,35.0
3,6,39,5,3,3,0,23152,0,107.0
3,2,24,4,5,5,3,0,11,51.0
3,1,38,5,8,5,2,21950,8,0.0
18,1,27,5,1,1,2,21800,7,223.0
3,2,0,5,5,5,2,22107,10,50.0
3,7,25,5,6,4,0,22350,1,33.0
3,1,0,5,0,3,0,0,18,0.0
3,1,75,5,3,1,0,22450,11,0.0
9,2,0,5,3,5,10,20002,18,46.0
3,1,59,4,5,1,8,0,14,0.0
3,7,53,5,3,3,10,22107,22,52.0
3,1,21,5,4,3,10,22350,4,0.0
3,2,0,5,5,5,0,21703,13,51.0
9,1,31,5,0,3,0,21453,9,0.0
3,1,38,0,7,1,8,0,9,217.0
3,2,0,5,5,5,0,22350,13,63.0
3,2,0,5,5,2,2,22107,20,33.0
3,2,0,5,5,1,0,22350,15,20.0
3,2,30,4,3,5,1,0,18,0.0
10,1,72,3,3,5,0,21956,2,0.0
0,2,59,5,7,3,10,0,22,0.0
3,1,34,5,1,1,0,21453,20,0.0
3,1,26,5,8,5,1,21453,17,0.0
3,7,27,5,6,3,0,23152,21,590.0
9,1,65,5,0,2,0,0,8,0.0
3,6,0,5,5,3,0,20002,1,48.0
8,1,52,5,1,3,0,0,16,0.0
3,0,0,5,6,2,10,0,1,70.0
3,1,38,5,5,1,8,0,17,0.0
9,1,57,5,5,2,0,1,9,66.0
3,1,33,5,0,3,0,0,7,300.0
3,1,50,5,0,1,2,21804,8,419.0
3,1,31,5,0,5,0,0,22,160.0
3,2,27,4,8,5,2,0,6,0.0
3,0,0,4,3,2,10,0,22,0.0
3,1,55,5,0,3,0,0,19,0.0
3,2,28,4,5,5,8,0,18,0.0
3,5,47,5,5,1,8,0,17,50.0
3,7,20,5,2,2,0,22350,23,33.0
3,1,72,0,7,1,0,0,10,117.0
3,1,22,5,0,3,0,0,15,0.0
3,1,19,5,1,3,2,22107,17,0.0
1,1,33,5,6,1,0,0,13,0.0
1,1,29,4,6,1,10,21804,15,0.0
3,0,0,5,3,2,10,0,3,34.0
3,2,66,5,0,2,2,0,6,0.0
3,1,23,5,1,2,10,23101,11,180.0
3,2,21,4,3,5,3,0,18,51.0
3,7,22,5,3,1,3,22106,16,0.0
3,0,0,5,5,1,10,0,14,65.0
3,2,60,4,0,5,0,0,7,0.0
3,2,0,4,0,5,10,0,9,180.0
18,2,0,5,5,5,0,22350,18,120.0
3,2,33,5,1,1,1,22350,8,0.0
3,2,19,5,0,1,0,0,18,0.0
3,2,0,5,4,4,2,22350,19,5280.0
3,0,0,4,0,5,10,0,21,51.0
9,1,30,5,1,3,0,0,11,0.0
3,2,28,5,5,1,10,0,15,364.0
3,1,50,5,2,2,10,21801,16,0.0
3,1,39,5,2,1,0,22350,22,110.0
3,1,38,5,5,1,0,22350,8,67.0
3,0,0,4,3,1,10,0,23,42.0
3,1,67,5,6,2,0,0,8,1320.0
3,1,75,5,5,3,0,22350,18,769.0
3,1,43,0,3,5,10,0,16,0.0
3,2,0,4,5,5,10,0,15,0.0
3,1,36,5,8,3,2,21950,9,0.0
3,1,39,5,0,2,0,0,16,0.0
3,2,0,5,7,1,10,21950,19,0.0
3,1,46,5,5,1,8,0,16,0.0
3,2,0,5,0,1,10,21804,20,120.0
9,1,41,4,0,2,0,0,18,0.0
3,1,47,5,0,2,2,0,18,0.0
3,1,34,5,2,5,0,0,18,0.0
3,2,0,4,3,5,0,0,9,51.0
3,1,18,5,3,3,2,21801,7,0.0
9,2,0,5,2,3,10,21663,8,34.0
3,0,0,5,3,3,10,0,10,100.0
18,2,0,4,5,5,0,0,12,0.0
3,1,46,5,0,2,0,0,10,0.0
3,1,27,5,0,2,0,21453,18,0.0
3,0,0,5,0,2,10,0,22,180.0
3,1,23,5,0,3,0,21453,12,0.0
9,1,44,5,5,1,0,22350,15,634.0
3,2,22,4,3,2,1,22107,11,65.0
3,0,0,5,5,2,10,0,2,110.0
3,1,20,4,5,3,0,0,10,15.0
3,1,21,4,3,3,0,22350,2,0.0
3,2,58,4,0,1,0,0,14,0.0
3,2,23,5,5,3,0,22350,1,34.0
3,2,23,4,0,5,0,0,21,0.0
3,1,25,5,5,1,0,0,11,38.0
3,2,65,5,3,5,0,0,12,0.0
3,1,23,5,5,2,0,22350,17,66.0
3,1,56,4,7,1,0,0,9,0.0
9,7,23,5,6,3,0,22107,2,142.0
3,2,0,5,3,5,0,22107,22,140.0
8,1,26,5,6,1,0,0,17,83.0
3,2,33,4,5,5,0,0,12,0.0
8,2,40,4,6,5,0,0,17,51.0
3,0,0,4,0,5,10,0,11,2450.0
3,1,65,5,3,1,0,21949,15,0.0
3,1,40,5,6,2,10,21804,15,305.0
10,2,61,5,8,5,10,0,16,0.0
18,2,0,5,3,5,10,0,0,0.0
3,1,38,5,0,2,0,0,18,0.0
18,2,0,5,3,5,1,21703,16,0.0
10,1,74,5,8,5,0,0,18,0.0
3,1,26,5,0,3,10,22107,5,0.0
3,1,33,5,5,1,10,0,12,0.0
3,2,0,3,8,1,0,0,19,281.0
10,1,48,3,3,5,10,21955,5,239.0
9,1,30,5,6,1,5,21658,8,0.0
3,1,42,5,0,2,0,0,15,0.0
3,0,0,5,3,2,10,0,19,200.0
3,2,79,5,0,2,0,21453,11,0.0
3,2,31,5,0,3,0,21750,23,260.0
3,5,76,5,6,1,0,0,0,0.0
3,0,0,5,5,2,10,0,7,0.0