PartyType_Code,Sobriety_Code,Age,PrimaryCollisionFactor_Code,CollisionType_Code,VehicleDamage_Code,MovementPrecedingCollision_Code,ViolationCode,CrashTime,Distance
3,2,0,4,3,5,10,0,13,0.0
3,7,20,5,0,3,0,23153,2,0.0
3,2,63,5,0,2,2,21801,12,102.0
3,1,33,5,5,3,0,22350,2,74.0
3,2,0,4,3,5,10,0,7,0.0
3,7,43,5,5,2,1,22107,18,309.0
3,1,37,5,0,4,0,0,7,0.0
3,0,0,5,3,2,10,0,1,27.0
3,2,0,5,6,3,10,22107,1,494.0
3,7,41,5,0,2,2,21801,16,0.0
3,1,41,5,5,1,8,0,11,23.0
3,0,0,5,5,1,10,0,0,51.0
3,1,37,2,5,2,10,1,18,83.0
3,1,36,4,5,2,10,22350,9,0.0
18,2,0,5,5,5,0,22350,0,30.0
10,1,0,5,8,5,10,0,10,0.0
3,1,43,5,6,3,0,20002,22,168.0
0,1,61,0,3,5,10,21202,17,120.0
18,2,0,5,3,5,10,22350,14,400.0
3,2,0,4,6,5,5,0,16,51.0
3,1,61,5,6,1,2,0,18,0.0
3,1,43,5,0,5,0,0,20,0.0
3,1,53,5,5,1,8,0,8,10.0
3,1,0,5,5,5,8,0,17,0.0
3,1,29,5,3,2,2,0,17,15.0
3,0,0,5,2,1,10,0,14,337.0
3,0,0,5,5,3,10,0,23,509.0
3,2,49,4,1,5,2,0,7,0.0
3,2,0,5,0,5,0,21453,6,0.0
18,2,0,5,0,5,0,22350,11,0.0
3,1,42,5,3,3,8,0,10,70.0
3,1,21,5,6,2,0,0,17,60.0
3,1,23,5,5,2,8,0,12,0.0
3,2,65,4,6,5,0,0,11,0.0
3,1,67,5,3,1,2,21950,17,0.0
3,0,0,5,3,2,10,0,20,105.0
3,2,0,5,3,5,10,0,12,100.0
3,1,49,5,5,2,8,0,13,676.0
3,2,0,4,5,5,3,0,21,51.0
18,2,0,4,3,5,2,0,12,51.0
3,5,54,5,5,2,0,22350,11,0.0
3,1,59,5,6,2,0,20002,12,16.0
3,2,0,4,0,5,0,0,14,0.0
8,2,22,5,0,3,0,0,6,0.0
10,2,51,5,8,5,10,0,22,110.0
3,2,0,5,3,1,10,22107,14,20.0
10,1,2,5,8,5,0,0,19,0.0
10,1,57,5,8,5,0,0,9,0.0
3,1,33,5,1,3,0,0,8,0.0
3,1,42,5,6,1,0,0,19,1320.0
3,2,0,4,6,5,0,0,22,0.0
3,2,32,5,3,2,0,22107,17,0.0
3,1,27,4,0,2,0,0,0,0.0
3,7,32,5,3,2,10,22107,21,42.0
3,2,44,5,0,3,0,21453,19,0.0
18,2,0,5,6,5,0,22350,22,0.0
3,1,35,6,0,1,0,0,13,5039.0
3,1,56,5,3,5,0,0,23,0.0
3,1,62,5,5,2,0,0,16,0.0
3,1,51,5,0,5,0,0,19,0.0
3,2,39,4,0,3,0,0,11,0.0
3,0,0,5,2,2,10,0,18,0.0
6,1,0,4,5,1,1,0,11,0.0
3,2,21,4,6,5,0,0,12,0.0
0,1,49,4,3,5,10,0,10,50.0
9,2,0,0,7,5,2,0,13,0.0
10,2,63,5,8,5,10,0,9,0.0
3,1,18,5,3,5,2,22350,18,42.0
3,1,32,5,5,1,8,0,7,6.0
3,0,0,5,3,5,10,0,6,197.0
0,1,9,0,7,1,10,21202,17,312.0
3,1,26,5,6,3,0,22106,11,0.0
3,4,20,5,2,5,0,22350,16,0.0
3,0,0,5,3,2,10,0,17,30.0
0,1,50,5,7,5,0,0,17,205.0
3,2,59,4,5,5,0,0,18,0.0
3,0,0,5,5,5,10,0,4,45.0
3,3,54,5,2,1,0,22107,17,0.0
3,0,0,5,3,2,10,0,2,56.0
3,1,22,5,0,3,0,0,13,0.0
3,2,0,4,1,5,0,0,10,0.0
0,1,60,5,0,5,0,0,18,0.0
9,2,0,4,6,5,5,21658,19,0.0
3,1,68,5,2,3,3,22106,8,0.0
3,0,0,5,3,5,10,0,1,26.0
3,0,0,5,6,5,10,0,0,306.0
3,1,24,5,0,2,0,0,16,0.0
3,1,38,5,0,1,10,21804,13,0.0
3,2,51,5,3,1,2,22350,8,0.0
9,2,36,4,0,1,0,0,18,0.0
3,7,30,5,5,2,0,22350,15,0.0
3,2,36,4,3,5,1,0,12,0.0
9,2,55,4,6,5,5,0,21,0.0
3,2,17,5,5,3,0,22350,8,0.0
9,0,0,5,5,1,10,0,2,51.0
3,0,0,4,1,1,10,0,22,288.0
3,1,46,5,0,5,2,0,10,0.0
9,2,29,5,2,3,0,26453,23,180.0
3,2,0,5,2,2,0,22107,19,288.0
3,2,0,5,8,5,10,21650,23,219.0
0,1,25,0,7,5,0,21453,0,0.0
18,2,0,4,6,5,10,0,9,51.0
3,1,25,5,0,2,0,0,11,0.0
9,2,0,5,6,5,5,22107,0,72.0
3,2,69,4,5,5,8,0,10,0.0
3,1,57,5,0,2,0,0,15,0.0
3,0,0,4,6,1,10,0,20,51.0
3,1,36,5,6,1,0,0,6,0.0
3,2,0,5,3,5,10,0,3,660.0
3,2,58,4,0,5,0,0,15,0.0
3,1,29,5,1,3,1,21801,20,0.0
3,1,39,5,0,5,0,0,8,30.0
3,2,23,5,3,5,4,0,16,40.0
3,1,27,5,5,1,8,0,13,50.0
3,2,30,4,5,5,8,0,12,10.0
3,1,28,5,0,3,2,0,22,0.0
3,1,42,5,5,1,0,22350,14,0.0
3,1,21,5,5,3,0,22350,6,1115.0
1,1,29,5,6,2,8,0,8,0.0
3,2,22,4,5,5,8,0,6,200.0
3,2,16,4,6,5,10,0,13,0.0
3,2,65,5,0,2,0,21453,16,0.0
9,2,0,4,5,5,0,0,15,0.0
3,1,38,5,8,5,2,21950,17,0.0
3,1,70,3,3,2,0,0,19,0.0
3,1,51,3,8,1,0,0,21,30.0
3,1,56,4,0,1,2,0,16,0.0
3,0,0,4,6,5,10,0,2,0.0
3,0,0,5,6,1,10,0,8,92.0
3,1,46,5,3,1,10,21453,16,0.0
3,2,23,5,6,2,10,21804,14,75.0
3,0,0,4,3,1,10,0,14,30.0
3,2,25,5,1,1,8,0,16,0.0
3,1,35,5,0,1,1,22100,18,0.0
3,2,43,5,5,1,8,0,21,21.0
18,2,0,5,7,5,1,21949,12,0.0
3,1,30,0,7,5,8,0,10,61.0
3,0,0,5,5,5,10,0,20,20.0
3,2,0,4,6,5,5,0,7,51.0
3,6,43,4,3,5,10,22350,13,150.0
3,5,24,5,2,3,1,21658,19,0.0
3,2,23,4,1,5,10,0,0,51.0
3,1,38,5,5,1,10,0,17,0.0
9,0,0,5,5,2,10,0,0,261.0
6,1,63,4,5,5,10,0,9,31.0
9,0,0,5,3,5,10,0,5,0.0
3,2,0,4,0,5,2,0,20,0.0
3,1,24,5,1,2,2,0,19,0.0
10,1,27,5,8,5,10,0,2,140.0
3,2,0,5,5,1,0,20002,17,0.0
3,1,65,5,0,3,0,0,15,0.0
3,2,0,4,6,5,0,0,5,0.0
18,2,0,5,2,5,2,22100,1,0.0
9,1,24,5,0,2,0,0,11,0.0
3,0,0,4,3,5,10,0,12,0.0
3,7,26,5,3,2,0,23152,7,300.0
3,2,0,4,6,5,1,0,18,0.0
3,1,51,5,5,5,8,0,13,0.0
3,1,20,5,3,1,5,22350,11,96.0
3,5,52,5,1,1,0,0,14,0.0
8,1,25,5,0,3,0,0,15,0.0
3,0,0,5,8,5,10,0,11,51.0
3,2,0,5,5,5,0,22350,16,0.0
9,1,29,5,0,3,0,0,5,400.0
3,0,0,5,5,1,10,0,22,121.0
3,0,0,5,3,2,10,0,15,0.0
3,0,0,5,6,2,10,0,0,0.0
3,1,24,3,8,2,0,0,7,1.0
9,2,0,5,6,5,0,22107,19,484.0
3,1,26,5,0,2,0,0,10,0.0
3,0,0,4,6,5,10,0,15,0.0
18,2,0,5,3,5,10,22350,23,200.0
18,2,0,4,5,5,0,0,21,0.0
3,2,27,5,5,2,0,21703,15,0.0
3,1,34,5,8,5,2,21950,23,0.0
3,1,77,5,1,3,2,22107,15,0.0
9,2,0,4,3,5,3,0,10,233.0
3,2,0,5,3,5,10,21804,7,150.0
10,1,94,5,8,5,0,0,7,0.0
3,1,80,5,5,2,2,0,21,125.0
9,0,0,4,3,5,10,0,22,0.0
3,1,15,5,0,2,0,21802,14,0.0
3,2,38,4,5,5,10,0,8,0.0
3,1,18,5,2,4,0,22350,15,120.0
16,2,55,5,8,5,0,0,10,0.0
3,1,33,4,6,1,0,0,16,0.0
3,1,31,4,5,1,8,0,20,0.0
3,2,0,5,7,5,1,21802,6,0.0
9,0,0,5,3,2,10,0,4,296.0
3,1,45,5,0,3,0,0,10,0.0
3,2,65,4,5,1,8,0,20,0.0
3,1,82,5,5,3,0,22350,15,90.0
3,2,50,5,5,3,2,22350,15,0.0
3,5,47,5,0,2,2,0,8,0.0
3,1,33,5,6,1,2,0,11,0.0
3,1,38,5,0,5,2,0,18,0.0
3,2,0,5,3,2,0,22350,23,22.0
3,2,0,5,5,5,0,22350,7,60.0
3,2,27,5,0,5,8,21453,10,0.0
3,1,50,5,5,1,8,0,8,0.0
3,1,48,5,5,1,8,0,13,0.0
3,1,48,5,1,2,2,0,7,0.0
3,1,29,5,1,3,2,21802,6,70.0
3,1,45,5,6,1,2,22107,18,20.0
3,2,0,5,0,3,10,22107,14,385.0
3,1,54,5,5,5,8,0,12,40.0
3,1,0,5,7,1,2,22107,16,215.0
3,0,0,5,6,3,10,0,13,228.0
3,2,0,5,6,5,3,0,19,220.0
3,1,24,5,0,2,0,0,13,0.0
18,2,0,5,7,5,10,21950,10,266.0
3,2,0,5,8,2,10,22350,17,115.0
9,2,30,4,0,5,0,0,18,0.0
3,1,33,5,1,5,0,0,17,0.0
3,2,26,5,2,3,10,22350,12,32.0
18,0,0,5,3,5,10,0,21,210.0
3,1,19,5,5,2,1,21658,14,0.0
3,0,0,5,6,5,10,0,10,147.0
3,2,45,4,3,5,8,0,17,0.0
9,2,0,5,3,3,0,20002,2,47.0
18,2,0,5,3,5,10,20002,20,0.0
18,2,0,4,7,5,1,0,12,312.0
3,1,56,5,0,1,1,21453,11,0.0
3,1,35,5,3,3,1,21755,9,0.0
3,2,51,4,0,5,10,0,9,0.0
3,1,20,5,3,4,10,23109,1,200.0
18,2,21,4,5,5,1,0,23,0.0
18,2,0,4,3,5,10,0,23,0.0
3,2,44,5,6,1,0,0,13,28.0
3,1,44,5,0,3,0,21453,14,0.0
3,2,46,4,6,5,0,0,12,0.0
3,1,78,5,0,2,0,22350,11,0.0
9,0,0,5,5,1,10,0,11,138.0
13,1,49,4,0,5,8,0,7,0.0
3,1,34,5,0,3,0,0,9,60.0
3,1,31,4,5,5,0,0,17,0.0
3,1,24,5,5,2,0,22350,18,123.0
3,1,37,5,0,2,0,0,7,0.0
3,1,61,4,8,2,0,0,2,51.0
3,0,0,4,1,5,10,0,13,51.0
3,1,0,5,6,1,0,0,16,18.0
9,1,24,4,1,5,2,0,15,0.0
3,1,21,5,5,2,8,0,8,26.0
3,7,30,5,2,3,0,23152,1,40.0
9,1,41,5,7,5,1,22100,17,108.0
3,2,0,5,6,5,2,21451,8,0.0
3,1,24,5,0,3,0,0,12,194.0
3,1,44,5,5,3,0,22350,10,40.0
3,2,18,5,0,3,2,22350,17,39.0
18,2,0,4,5,5,1,0,17,51.0
3,1,17,5,3,3,0,22350,4,0.0
11,2,14,5,7,5,0,0,16,127.0
3,1,63,5,3,5,0,22350,8,0.0
9,2,28,3,3,5,0,0,18,231.0
3,1,20,5,0,3,1,22107,0,0.0
8,1,67,5,3,2,0,21453,9,0.0
8,2,30,5,3,2,0,0,18,50.0
3,7,50,5,5,2,0,22350,22,68.0
3,7,24,5,3,3,0,22107,3,130.0
9,2,0,4,6,5,1,0,13,0.0
13,0,0,5,6,1,10,0,0,48.0
3,2,39,4,0,3,0,0,14,0.0
3,1,51,5,0,1,0,0,18,0.0
9,0,0,4,3,5,10,0,18,0.0
9,2,0,5,6,3,0,22350,22,157.0
3,7,19,5,5,3,0,22350,23,25.0
3,1,38,5,0,5,0,0,15,0.0
3,2,46,4,6,5,8,0,14,0.0
9,1,58,5,0,2,10,21453,12,72.0
10,1,31,5,8,5,0,0,8,21.0
3,0,0,5,1,3,10,0,0,52.0
3,1,56,5,0,5,2,0,2,283.0
3,2,0,5,5,5,0,22350,7,0.0
3,1,76,5,5,2,0,21703,20,0.0
3,2,20,5,6,1,0,26453,13,51.0
3,2,0,5,0,2,0,22450,16,0.0
3,2,0,5,3,3,0,22107,0,115.0
3,1,22,5,6,1,0,0,13,43.0
10,2,27,5,8,5,8,0,2,50.0
3,1,66,5,8,5,2,21950,15,22.0
10,2,15,4,3,5,10,21954,18,0.0
18,2,0,4,3,5,10,0,14,200.0
3,2,0,4,5,5,2,0,8,0.0
3,0,0,5,5,2,10,0,5,180.0
3,1,17,5,0,1,2,22107,7,0.0
0,1,50,5,3,5,2,22450,11,0.0
3,2,20,5,2,3,10,21801,21,138.0
3,2,0,4,5,5,0,0,12,0.0
18,2,0,4,3,5,10,0,19,0.0
3,0,0,5,5,1,10,0,22,150.0
3,7,43,5,6,3,5,22107,18,40.0
3,2,45,4,1,5,2,0,0,0.0
3,1,75,4,1,5,2,21801,13,0.0
3,1,37,5,0,1,0,0,14,0.0
18,2,0,4,3,5,0,0,22,0.0
9,2,0,5,5,5,0,21460,14,170.0
3,0,0,5,6,2,10,0,18,88.0
3,7,22,5,5,3,0,22350,21,0.0
3,1,25,5,2,2,0,21453,15,0.0
18,2,0,5,8,5,2,0,19,0.0
9,2,0,5,2,1,10,22350,20,0.0
3,2,28,5,5,2,2,0,15,0.0
3,1,61,5,6,3,0,21453,22,2251.0
3,1,25,5,0,4,2,0,10,0.0
3,1,43,5,5,2,0,22350,18,100.0
3,7,24,5,3,2,0,23152,3,0.0
3,1,55,5,3,2,8,0,14,200.0
3,1,75,5,5,1,0,22350,10,0.0
3,2,0,5,0,3,0,22450,18,0.0
3,2,63,5,3,3,0,22107,19,905.0
9,1,60,5,0,2,0,21453,15,0.0
3,2,0,5,3,5,10,0,13,0.0
3,2,65,4,0,2,0,0,10,0.0
3,2,28,4,5,5,8,0,0,0.0
3,0,0,5,5,1,10,0,19,0.0
3,0,0,5,3,2,10,0,18,397.0
9,1,39,5,0,1,0,0,16,297.0
3,1,69,5,5,5,8,0,18,0.0
13,2,54,5,3,2,10,22102,11,92.0
3,2,0,4,0,5,1,0,7,0.0
3,0,0,5,6,2,10,0,22,225.0
3,1,43,4,0,2,0,0,12,0.0
9,1,37,5,6,3,0,0,18,26.0
3,2,0,5,6,3,1,22107,23,50.0
10,1,85,5,3,5,0,0,12,0.0
3,0,0,5,3,5,10,0,9,170.0
18,2,0,5,3,5,1,22107,11,150.0
3,7,42,5,1,3,10,21658,2,30.0
3,1,58,5,0,1,0,0,17,0.0
10,1,30,3,8,5,0,21954,19,0.0
3,1,33,5,5,3,0,0,14,134.0
13,2,44,5,0,1,2,22107,13,0.0
9,2,47,4,7,5,1,0,13,0.0
18,2,0,5,0,5,1,20002,10,0.0
3,2,0,5,5,5,2,22350,11,0.0
3,1,26,5,0,3,2,0,23,0.0
3,2,0,5,0,5,10,21804,17,0.0
9,7,53,5,0,1,0,22450,18,0.0
3,1,28,5,3,2,1,22100,17,222.0
3,1,38,6,3,1,0,12500,21,0.0
3,2,31,4,5,5,1,0,11,51.0
9,0,0,5,1,2,10,0,15,16.0
3,2,55,4,5,5,8,0,13,51.0
3,1,30,5,2,2,10,22107,18,69.0
3,0,0,5,3,2,10,0,2,109.0
3,1,25,5,0,1,2,22100,14,0.0
3,1,19,5,3,1,10,0,21,367.0
3,2,0,5,3,5,10,0,18,0.0
3,1,56,5,1,3,2,21801,8,0.0
9,0,0,5,3,2,10,0,2,180.0
3,6,19,4,3,1,3,22106,6,0.0
10,1,26,5,8,5,10,0,16,0.0
3,1,28,5,3,5,3,0,1,235.0
18,2,56,4,0,3,0,0,7,0.0
3,1,22,5,5,3,0,0,20,29.0
3,2,0,5,3,1,10,0,23,0.0
3,1,19,5,5,1,0,0,15,51.0
1,1,53,5,3,1,0,0,17,0.0
3,1,25,5,0,2,0,0,12,0.0
3,7,24,4,5,2,10,22102,3,0.0
3,1,19,4,0,2,0,0,22,3.0
3,7,43,5,5,1,0,23153,21,0.0
3,0,0,5,3,5,10,0,9,170.0
3,0,57,4,5,2,10,0,18,51.0
3,0,41,5,6,5,10,0,9,51.0
3,1,33,5,2,3,0,22100,21,29.0
3,0,0,4,5,5,10,0,0,0.0
18,2,0,5,6,5,5,0,11,311.0
3,1,37,4,6,3,0,2,11,24.0
3,1,30,5,5,1,8,0,14,111.0
3,0,0,5,3,5,10,0,11,42.0
3,2,0,5,1,5,1,21460,21,50.0
3,1,49,5,6,1,8,0,20,90.0
3,2,21,5,1,4,0,0,16,0.0
3,0,0,5,5,1,10,0,22,105.0
3,2,40,4,5,5,8,0,17,0.0
9,2,26,4,0,5,10,0,13,0.0
3,0,0,5,1,2,10,0,18,82.0
3,0,0,5,6,3,10,0,21,334.0
18,2,0,4,6,5,10,0,0,609.0
3,1,25,5,0,2,2,0,22,0.0
3,2,0,4,0,5,1,0,21,0.0
3,1,58,5,5,5,0,0,17,0.0
3,2,0,4,6,5,5,0,11,0.0
3,1,33,5,5,1,8,0,21,0.0
3,2,63,4,5,5,1,0,19,178.0
3,1,42,5,0,5,10,21804,11,0.0
3,1,17,5,5,3,8,0,16,0.0
3,0,0,5,3,3,10,0,6,0.0
3,2,38,5,0,3,2,21801,17,0.0
3,1,43,5,5,1,8,0,12,39.0
9,1,45,5,5,2,0,0,6,0.0
3,1,39,5,5,2,8,0,13,110.0
3,1,19,5,0,1,0,21453,15,0.0
18,2,0,5,2,5,10,20002,4,1056.0
3,2,31,5,0,5,0,0,16,0.0
1,1,27,5,0,1,8,0,11,0.0
3,1,25,6,0,2,0,0,22,0.0
3,1,20,5,6,3,0,0,16,0.0
3,1,52,5,8,1,2,21950,18,0.0
3,1,47,3,3,1,0,0,18,0.0
3,1,22,4,5,5,1,22107,16,0.0
3,2,40,4,0,2,0,0,8,140.0
3,2,25,5,5,1,10,21804,20,69.0
3,2,53,5,0,2,2,22100,6,0.0
18,2,0,4,3,5,10,0,10,51.0
3,1,63,5,5,2,1,0,11,210.0
3,1,40,5,0,2,0,0,20,0.0
3,2,30,5,3,5,8,0,17,0.0
3,1,25,5,5,2,0,22350,12,32.0
3,2,49,4,5,5,8,0,6,0.0
3,1,62,5,5,1,0,0,17,75.0
3,1,19,5,1,3,8,0,14,10.0
3,1,73,5,6,1,1,22107,18,500.0
3,2,25,4,5,5,0,0,8,0.0
3,1,25,5,5,1,8,0,21,44.0
3,2,44,4,3,5,8,0,10,0.0
3,1,72,5,1,2,0,0,15,0.0
3,1,27,5,5,1,8,0,12,0.0
9,2,0,5,5,5,10,22350,19,37.0
0,2,0,4,7,5,0,0,18,51.0
3,1,33,5,2,3,2,22107,20,0.0
3,0,22,5,0,2,0,0,23,0.0
3,6,0,5,5,2,0,22350,13,0.0
3,2,23,5,6,1,0,0,13,0.0
3,1,37,5,3,5,10,0,9,528.0
3,1,59,5,5,1,8,0,19,28.0
3,1,41,0,7,1,1,0,19,0.0
3,2,29,4,6,5,8,0,16,0.0
3,2,48,5,0,3,0,0,11,300.0
3,2,0,4,3,5,3,0,14,0.0
3,1,29,5,6,2,0,0,5,0.0
10,1,41,5,8,5,0,0,20,0.0
3,1,30,5,0,3,0,0,9,0.0
3,2,46,4,5,5,8,0,16,0.0
3,2,0,5,0,5,2,21801,13,0.0
8,2,0,4,6,5,2,0,16,0.0
9,0,0,5,5,1,10,0,18,52.0
3,2,40,5,0,1,0,21658,12,0.0
3,0,0,5,6,1,10,0,3,103.0
3,1,68,3,8,1,0,0,17,215.0
3,1,20,5,5,1,8,0,12,51.0
3,1,49,2,1,5,0,0,13,0.0
8,1,24,5,3,2,0,22350,7,0.0
3,1,33,4,0,3,0,0,3,0.0
3,0,0,5,5,2,10,0,3,56.0
3,1,18,5,5,3,0,22350,16,60.0
9,1,42,5,5,1,0,0,9,0.0
3,2,0,4,6,5,0,0,17,0.0
3,1,58,5,5,1,8,0,17,100.0
9,2,0,5,5,3,0,22107,21,137.0
3,2,0,0,3,5,0,0,9,62.0
3,2,55,5,6,2,10,0,16,0.0
3,2,43,4,5,5,8,0,15,0.0
3,2,22,5,1,5,2,0,10,0.0
3,2,60,4,5,5,8,0,13,0.0
3,1,61,3,3,5,0,0,8,0.0
3,0,0,5,0,1,10,0,17,365.0
9,0,0,5,5,1,10,0,20,108.0
3,2,31,4,3,5,8,0,19,0.0
18,2,0,4,6,5,10,0,8,51.0
3,1,45,4,0,3,0,0,18,42.0
3,1,60,5,0,2,0,21802,15,0.0
3,1,27,5,0,2,0,21453,16,0.0
3,1,44,5,5,2,8,0,11,50.0
6,1,44,4,3,5,1,0,7,0.0
3,0,0,4,5,5,10,0,2,51.0
3,2,82,5,0,3,2,21801,14,0.0
9,2,0,4,6,5,10,0,14,51.0
9,1,39,5,2,1,1,22107,16,28.0
3,1,20,4,5,1,0,0,17,0.0
3,2,25,4,6,5,2,0,19,350.0
3,2,0,5,5,1,10,0,22,171.0
3,7,33,5,2,3,0,22350,10,287.0
0,1,16,0,0,1,0,21650,7,0.0
6,1,45,5,0,1,3,22106,7,21.0
3,1,48,5,1,2,2,0,0,0.0
3,0,0,5,3,5,10,0,8,100.0
18,2,0,5,3,5,0,20002,1,40.0
3,2,0,5,3,5,10,22350,20,0.0
9,0,0,5,3,2,10,0,21,0.0
3,1,61,5,5,1,0,21703,8,24.0
3,2,0,5,0,1,0,22450,21,0.0
3,2,40,5,0,2,8,0,8,0.0
3,0,0,4,3,5,10,0,16,0.0
18,1,45,5,1,3,2,21806,10,344.0
3,2,66,4,5,5,10,0,16,0.0
3,1,54,5,6,2,2,22107,12,0.0
3,6,0,5,2,3,10,22350,0,60.0
3,0,33,4,0,2,1,22107,0,300.0
3,1,26,5,5,2,0,0,7,0.0
3,1,60,5,5,5,0,22350,13,0.0
9,1,27,5,5,1,0,0,10,0.0
9,0,0,5,5,2,10,0,17,168.0
3,2,0,4,6,5,0,0,2,0.0
3,1,41,5,5,2,8,0,13,50.0
3,2,0,5,3,5,10,0,0,0.0
18,2,0,5,7,5,0,21800,13,0.0
3,2,35,5,0,3,0,0,14,0.0
9,1,64,5,6,5,0,0,16,0.0
3,2,0,4,5,5,0,22350,19,0.0
10,2,61,5,8,5,8,0,0,32.0
3,1,41,5,5,2,8,0,7,34.0
3,0,0,4,3,5,10,0,7,252.0
3,1,26,5,0,1,2,0,21,45.0
3,2,0,5,6,2,0,22350,2,48.0
3,0,0,4,3,5,10,0,10,0.0
3,2,44,5,4,3,8,0,16,0.0
3,2,0,5,3,5,3,22106,19,1000.0
3,2,0,5,5,5,0,22350,17,183.0
3,1,27,5,0,3,0,0,4,0.0
3,1,26,4,3,5,1,0,19,250.0
3,1,64,5,1,3,0,21453,14,0.0
3,2,0,4,5,5,2,0,23,0.0
3,0,0,5,5,2,10,0,16,0.0
3,2,52,4,5,5,0,0,17,0.0
3,0,0,4,3,5,10,0,12,0.0
9,7,40,5,1,1,10,23152,20,45.0
18,2,0,4,3,5,3,0,15,0.0
18,2,0,5,3,5,1,20002,9,54.0
3,2,0,5,5,5,0,22350,17,126.0
3,2,22,5,2,3,10,22350,23,100.0
3,0,0,5,5,3,10,0,18,0.0
3,6,0,5,0,5,2,21801,0,0.0
9,1,47,4,5,5,10,22350,11,10.0
3,7,0,5,5,2,0,22350,20,65.0
3,2,0,5,1,3,0,21453,18,0.0
3,1,19,5,5,1,2,0,17,0.0
3,1,44,5,5,2,0,0,18,0.0
3,2,18,5,5,1,0,22350,10,0.0
3,2,58,5,2,3,1,22107,2,172.0
3,1,43,4,5,1,8,0,14,216.0
3,1,28,5,5,2,8,0,15,0.0
3,7,24,5,5,3,0,22350,5,44.0
3,6,27,5,6,3,0,22350,14,300.0
18,2,0,4,6,5,10,0,22,0.0
3,2,18,5,0,1,0,0,23,0.0
0,1,18,5,3,5,0,0,22,0.0
10,1,58,5,8,5,10,0,9,0.0
3,1,53,5,0,3,2,0,10,0.0
3,1,52,5,6,3,0,22350,12,0.0
3,1,23,5,0,2,10,21804,8,77.0
18,1,50,5,0,2,0,0,16,0.0
3,1,53,5,1,5,0,0,22,0.0
3,0,0,5,1,2,10,0,22,89.0
3,1,64,5,0,5,8,0,17,528.0
3,7,38,5,6,1,0,23152,0,74.0
9,2,0,4,6,5,5,0,11,0.0
3,1,37,5,3,1,10,21658,20,120.0
3,2,0,4,5,5,0,0,7,0.0
3,1,34,5,5,2,10,0,0,20.0
18,2,0,5,6,5,2,0,11,51.0
3,2,0,4,5,5,8,0,10,0.0
3,2,0,5,2,1,3,22106,17,20.0
3,2,20,5,0,2,0,0,11,400.0
3,2,32,5,1,3,2,22107,20,0.0
3,7,0,5,1,5,1,23153,13,0.0
9,2,0,5,6,5,0,0,16,51.0
3,1,34,5,0,3,0,0,17,0.0
6,1,0,5,2,1,8,0,9,22.0
10,2,74,3,8,5,10,21955,9,0.0
3,1,29,5,3,2,10,22107,20,210.0
3,2,46,4,0,5,8,0,13,0.0
18,1,50,5,0,3,0,0,9,0.0
3,1,18,5,2,3,0,22350,12,555.0
3,0,0,5,3,2,10,0,1,300.0
3,2,43,5,5,2,0,0,21,0.0
0,1,72,0,0,3,10,21200,13,1365.0
9,2,0,5,5,3,0,22350,16,0.0
3,2,0,5,6,5,5,22107,15,0.0
3,2,0,5,7,1,8,0,11,226.0
18,0,0,5,6,2,10,0,16,0.0
3,1,26,5,0,2,0,0,14,0.0
3,0,0,5,6,1,10,0,0,235.0
9,0,0,5,3,3,10,0,1,65.0
3,0,0,5,0,5,10,0,5,51.0
3,2,29,4,3,5,8,0,10,0.0
3,1,62,5,8,5,1,21453,12,0.0
3,1,66,4,6,3,1,0,15,30.0
3,2,30,4,1,5,0,0,8,0.0
0,7,0,5,7,5,0,0,0,364.0
3,1,63,5,5,3,0,0,18,233.0
3,2,28,4,5,5,8,0,8,0.0
3,0,0,5,5,5,10,0,0,69.0
3,2,0,4,6,5,10,0,16,0.0
0,2,0,0,7,5,10,21950,19,0.0
3,2,0,4,5,5,0,0,10,0.0
3,1,44,5,6,3,2,0,21,0.0
3,1,20,5,1,3,1,0,17,50.0
9,0,0,5,0,2,10,0,18,0.0
3,1,19,5,3,3,0,22350,15,54.0
3,2,0,5,6,5,2,22107,13,0.0
3,0,0,5,5,3,10,0,8,150.0
3,1,30,5,0,3,0,21453,6,0.0
18,2,0,5,3,5,10,20002,6,22.0
3,2,0,5,6,5,0,22350,20,280.0
18,2,0,5,1,5,10,21804,11,51.0
18,2,0,4,3,5,10,0,8,35.0
17,0,0,4,3,5,10,0,15,0.0
3,2,50,5,0,3,1,22450,23,0.0
18,2,0,4,3,5,10,22103,16,0.0
3,2,22,5,1,3,0,0,11,0.0
3,1,30,5,1,1,8,0,19,0.0
3,1,73,5,5,1,8,0,17,490.0
3,7,20,5,0,3,0,23152,1,0.0
3,1,34,5,5,1,0,0,21,95.0
9,0,0,5,3,3,10,0,19,0.0
3,0,0,4,6,2,10,0,10,51.0
3,2,0,4,5,5,10,0,15,72.0
3,1,30,5,5,2,0,0,16,235.0
3,2,0,5,5,2,0,22350,22,0.0
3,2,40,5,1,3,0,0,18,150.0
3,1,22,5,0,2,0,21453,13,0.0
3,1,28,6,5,1,1,0,8,200.0
3,1,29,5,1,1,2,21460,8,230.0
3,1,26,5,5,5,0,12500,21,223.0
3,1,17,4,3,3,2,22350,19,0.0
3,7,22,4,1,3,2,23152,2,0.0
17,2,49,5,6,2,10,21804,8,394.0
3,1,34,5,3,2,0,0,9,0.0