PartyType_Code,Sobriety_Code,Age,PrimaryCollisionFactor_Code,CollisionType_Code,VehicleDamage_Code,MovementPrecedingCollision_Code,ViolationCode,CrashTime,Distance
3,1,50,5,5,1,8,0,8,75.0
3,0,0,5,0,1,10,0,12,0.0
9,0,0,4,3,2,10,0,1,0.0
18,2,0,4,1,5,5,0,17,0.0
3,1,71,5,0,2,2,21453,18,0.0
3,1,0,5,5,5,8,0,21,105.0
18,2,0,4,3,5,10,0,14,0.0
3,1,32,5,6,1,0,0,12,10.0
3,7,36,5,5,3,0,23152,5,11.0
3,7,52,5,5,3,0,23152,0,97.0
3,0,0,4,6,2,10,0,10,51.0
3,0,0,5,2,1,10,0,16,80.0
3,1,20,5,6,3,0,22350,11,178.0
10,1,10,3,8,5,10,21954,16,470.0
3,1,27,5,1,3,10,0,18,0.0
3,1,21,5,5,1,8,0,14,200.0
3,2,33,4,1,5,0,0,23,0.0
3,1,28,5,5,1,0,22350,13,0.0
0,1,65,0,3,5,0,21453,12,0.0
3,1,19,5,5,1,0,22350,19,75.0
3,0,0,5,6,2,10,0,14,0.0
10,1,37,5,3,5,0,0,13,0.0
3,7,43,5,6,2,0,21658,0,297.0
3,0,0,4,6,5,10,0,14,0.0
18,2,0,5,3,5,10,22103,14,0.0
9,1,59,5,0,3,0,22450,17,0.0
3,1,42,5,0,2,0,0,16,0.0
3,1,28,5,6,4,0,0,12,680.0
3,1,53,5,6,2,2,21801,12,0.0
18,2,19,4,5,5,1,0,6,51.0
17,0,0,5,5,5,10,0,10,224.0
3,1,74,5,0,3,2,0,19,0.0
3,0,0,5,3,2,10,0,18,0.0
9,6,35,5,6,3,0,22107,8,20.0
3,1,61,5,0,2,1,21802,17,0.0
3,2,36,5,0,3,2,21801,15,229.0
3,1,58,5,0,3,0,21453,7,0.0
3,1,35,5,0,2,0,0,0,0.0
10,2,71,3,3,5,10,21954,17,300.0
9,1,28,5,6,1,4,22107,17,249.0
3,2,51,4,6,5,0,0,15,0.0
3,1,38,5,5,1,8,0,7,48.0
18,2,0,5,3,5,2,20002,18,98.0
9,1,52,5,1,2,0,0,15,27.0
3,2,0,2,1,5,10,0,10,0.0
3,2,0,4,6,5,0,0,8,0.0
3,1,40,5,5,1,8,0,16,30.0
3,0,0,4,3,5,10,0,11,51.0
3,7,26,5,3,2,1,22350,2,0.0
3,0,0,5,5,5,10,0,9,200.0
3,2,0,5,3,5,1,22107,20,508.0
3,1,35,5,5,3,0,22350,16,21.0
3,1,32,5,6,5,5,21658,16,0.0
3,1,68,4,5,1,8,0,20,45.0
3,2,33,5,6,1,2,22107,8,44.0
1,1,45,5,0,1,0,0,8,0.0
3,0,0,5,5,2,10,0,18,0.0
6,1,0,4,3,5,0,0,0,0.0
3,1,57,5,3,5,1,22350,19,65.0
3,1,44,5,0,5,0,0,13,0.0
3,1,27,5,0,2,0,0,2,0.0
3,2,22,4,0,5,8,0,18,51.0
3,1,51,4,0,3,0,0,10,0.0
3,2,20,5,3,3,10,22350,21,274.0
0,2,16,5,7,5,0,0,7,0.0
3,1,49,5,6,1,0,0,15,50.0
3,2,20,4,6,3,2,0,2,0.0
3,1,31,3,8,1,2,0,20,0.0
3,1,51,5,5,2,0,0,0,6.0
3,1,41,5,0,3,0,0,10,36.0
3,2,0,5,1,3,9,22400,20,18.0
3,2,21,5,0,3,2,21453,8,0.0
3,1,0,3,8,3,0,0,1,412.0
18,7,0,5,3,5,0,23152,22,0.0
3,1,17,5,6,3,0,0,7,0.0
0,1,16,5,3,5,10,0,6,0.0
3,2,0,4,0,5,0,0,7,0.0
9,2,0,4,3,5,10,0,19,0.0
10,1,14,4,8,5,10,0,7,51.0
9,1,33,5,3,5,3,22106,19,0.0
3,2,25,5,6,3,10,0,14,129.0
3,2,24,4,3,5,0,0,9,0.0
3,1,48,4,8,5,0,0,14,590.0
3,5,37,5,3,2,5,21658,23,140.0
3,1,60,5,1,2,0,22350,16,45.0
3,2,64,4,0,5,0,0,14,51.0
3,2,0,5,3,5,3,22106,19,140.0
3,1,39,0,7,5,8,0,16,0.0
9,4,44,1,5,3,10,1,8,159.0
3,1,79,5,6,2,8,0,17,0.0
3,1,39,4,5,5,8,0,19,100.0
3,7,24,5,6,3,10,23152,1,90.0
3,2,0,4,5,5,0,0,17,0.0
3,1,31,5,2,3,0,22350,12,288.0
3,1,18,5,5,2,8,0,22,15.0
3,2,0,4,5,5,4,0,0,0.0
3,1,37,5,1,3,2,21801,0,0.0
3,7,36,5,2,3,10,23152,21,0.0
18,2,0,4,6,5,10,0,11,51.0
3,1,52,5,6,1,0,0,17,51.0
3,1,41,5,5,2,2,23103,21,0.0
3,1,38,5,0,5,0,0,8,419.0
3,1,39,5,5,1,8,0,23,332.0
3,1,52,5,3,5,8,0,11,0.0
3,1,60,5,6,3,10,21804,14,250.0
3,1,54,5,3,1,8,0,19,150.0
3,1,35,5,5,2,8,0,19,0.0
3,2,53,5,5,3,10,0,18,460.0
3,2,23,5,0,3,0,21800,13,0.0
3,7,43,5,5,3,0,23152,0,168.0
3,0,0,5,5,3,10,0,23,108.0
3,2,23,4,5,5,8,0,20,0.0
9,2,0,5,1,1,0,22106,0,270.0
3,0,0,5,2,1,10,0,3,305.0
3,0,0,4,0,5,10,0,11,0.0
3,0,0,5,6,2,10,0,0,34.0
10,2,20,3,8,5,10,21955,22,69.0
3,1,68,5,5,1,10,0,11,0.0
3,1,34,5,5,1,8,0,17,202.0
0,1,57,5,7,5,0,0,11,0.0
6,1,31,5,5,1,8,0,11,0.0
3,0,0,5,5,3,10,0,23,78.0
9,0,0,5,1,1,10,0,1,0.0
3,1,32,5,0,3,0,0,15,416.0
3,2,32,5,5,2,10,0,8,137.0
3,1,59,4,0,3,0,0,11,0.0
3,1,21,5,1,3,0,0,10,51.0
3,2,57,4,6,5,0,0,6,0.0
3,0,0,5,6,5,10,0,2,189.0
3,0,0,5,3,2,10,0,5,460.0
3,2,0,4,6,5,1,0,12,0.0
3,1,61,5,5,1,8,0,9,0.0
18,2,0,4,6,5,10,0,20,51.0
3,1,26,5,0,3,0,0,9,0.0
3,1,35,5,5,1,8,0,13,100.0
3,1,16,4,6,5,0,0,19,300.0
3,1,41,3,8,1,0,0,6,175.0
3,2,0,4,6,5,1,0,15,0.0
3,7,23,5,0,3,0,21453,23,0.0
9,2,0,5,0,5,3,22106,20,60.0
3,1,51,4,2,5,5,0,16,120.0
3,5,55,5,7,1,1,22107,8,0.0
3,1,92,5,0,2,0,0,10,0.0
3,2,0,5,1,2,10,0,13,77.0
9,2,78,5,5,1,8,0,12,0.0
3,1,45,5,5,1,8,0,8,0.0
18,2,0,4,5,5,1,0,7,0.0
3,1,40,5,5,1,8,0,16,0.0
3,1,22,5,1,3,10,21657,17,100.0
3,1,0,5,3,5,3,0,15,0.0
9,2,0,5,3,3,0,22107,1,92.0
3,2,0,4,5,5,10,0,8,0.0
10,1,6,3,3,5,10,21954,16,0.0
3,1,77,5,3,5,1,21950,12,0.0
3,0,0,5,6,2,10,0,1,70.0
3,1,51,5,5,2,0,0,13,21.0
3,2,0,5,0,1,0,21453,20,0.0
3,1,21,5,0,2,1,22350,17,23.0
3,5,46,5,3,2,0,22107,18,75.0
18,2,0,4,6,5,10,0,10,0.0
3,1,55,5,3,1,0,22350,15,100.0
18,2,0,5,3,5,10,0,0,0.0
3,0,0,5,3,2,10,0,3,49.0
3,1,21,4,1,3,2,0,14,400.0
9,2,0,4,1,5,8,0,16,0.0
11,2,0,0,5,5,0,22107,19,18.0
3,2,0,5,2,5,2,22350,21,104.0
3,1,50,5,5,5,0,21658,13,0.0
3,2,22,5,0,3,2,0,19,0.0
3,0,25,5,5,1,10,0,3,129.0
3,2,20,4,1,5,10,0,13,0.0
9,0,0,5,6,1,10,0,21,235.0
9,0,0,5,1,3,10,0,9,180.0
3,2,0,4,6,5,5,0,9,51.0
3,1,51,5,5,2,0,22350,19,0.0
3,1,51,5,5,3,10,22350,16,40.0
3,2,41,5,1,3,0,0,12,0.0
3,2,0,4,1,5,5,0,18,0.0
3,2,0,5,6,5,5,21658,15,0.0
0,1,50,0,7,1,10,21650,22,0.0
3,2,42,5,1,1,0,0,11,0.0
9,2,0,5,6,1,0,22107,4,84.0
3,0,0,5,6,2,10,0,13,40.0
0,1,49,5,3,5,0,21202,15,0.0
0,7,30,0,3,1,0,21200,2,97.0
3,1,47,5,6,1,10,0,11,375.0
3,0,0,5,5,2,10,0,2,205.0
10,1,40,4,3,5,0,0,16,45.0
3,1,36,5,5,2,0,22350,14,208.0
3,1,48,4,3,3,0,0,20,375.0
3,1,19,5,5,2,0,0,20,0.0
3,2,0,5,6,3,10,22107,23,84.0
9,1,59,5,6,5,2,22100,14,0.0
9,2,32,4,5,5,0,0,18,51.0
3,1,26,5,0,1,1,22107,10,0.0
3,2,0,4,0,5,3,0,17,51.0
3,1,55,5,0,3,2,21453,12,0.0
0,2,15,4,3,5,0,0,13,0.0
3,2,0,5,5,1,0,22350,15,25.0
3,2,48,4,0,5,0,0,17,0.0
3,1,35,5,0,5,0,21802,16,20.0
9,0,0,4,3,1,10,0,2,0.0
18,2,0,4,1,5,0,0,15,0.0
9,1,41,5,0,1,0,21804,8,395.0
3,0,0,5,6,1,10,0,5,78.0
9,0,0,5,3,1,10,0,22,241.0
3,0,0,4,5,2,10,0,20,22.0
3,1,44,2,5,5,8,0,8,277.0
9,2,65,5,5,5,0,21703,12,124.0
3,1,20,5,5,1,0,22350,15,28.0
3,1,55,5,8,5,0,21804,8,219.0
3,0,0,5,2,2,10,0,2,0.0
3,0,0,5,5,5,10,0,10,51.0
3,1,56,3,8,1,0,0,13,27.0
3,5,62,5,1,2,2,21801,17,0.0
3,2,0,4,3,2,0,22107,23,126.0
3,1,47,5,7,5,2,21950,15,65.0
3,2,0,4,5,5,0,0,11,0.0
18,2,0,4,5,5,0,0,13,50.0
3,1,32,5,5,1,8,0,8,160.0
3,1,28,5,0,3,10,0,23,0.0
3,2,70,4,0,5,0,0,15,0.0
18,2,0,4,1,5,2,21801,22,0.0
18,2,0,5,6,5,0,22350,5,0.0
3,2,0,4,3,5,10,0,13,0.0
3,1,17,5,5,5,2,0,23,0.0
3,1,17,5,5,5,0,21703,9,0.0
3,0,0,5,5,1,10,0,9,155.0
3,1,45,5,0,3,0,0,7,0.0
3,2,50,4,3,5,3,0,9,0.0
0,1,53,0,7,5,0,21456,19,0.0
3,7,51,5,5,3,0,23152,17,320.0
9,1,53,5,0,3,0,1,9,0.0
18,2,0,4,6,5,5,0,22,0.0
3,2,0,5,7,1,2,21801,13,51.0
3,1,37,5,5,1,8,0,15,0.0
3,0,0,2,3,3,10,0,1,10.0
3,1,43,4,0,3,0,0,11,0.0
3,2,56,5,5,5,8,22517,11,0.0
3,2,0,5,3,5,10,0,1,0.0
9,1,45,5,5,5,0,22350,6,80.0
3,1,78,5,5,2,2,22107,9,130.0
9,0,0,5,3,2,10,0,20,63.0
3,0,0,5,0,2,10,0,16,0.0
3,1,17,5,3,5,10,0,16,269.0
3,1,44,4,5,1,0,22350,15,0.0
3,2,21,4,5,5,8,0,14,0.0
3,1,59,5,0,3,2,21801,11,0.0
3,1,21,5,0,3,0,0,14,150.0
3,1,28,5,0,2,0,21800,10,0.0
3,0,52,5,0,1,10,0,22,0.0
18,2,0,5,3,5,10,0,5,0.0
3,0,0,5,3,1,10,0,3,61.0
0,1,38,0,7,1,0,21650,14,0.0
3,1,36,4,5,2,10,0,12,30.0
3,0,0,4,6,5,10,0,4,0.0
3,2,0,4,6,5,10,0,3,51.0
3,1,67,5,6,1,1,0,10,90.0
8,7,68,5,6,2,0,22350,20,64.0
3,1,78,5,0,5,2,21950,18,0.0
3,1,30,5,6,1,0,22350,22,130.0
3,1,42,5,5,3,1,0,10,563.0
3,0,0,2,6,3,10,0,14,51.0
9,1,29,5,1,2,0,0,17,0.0
3,0,0,4,6,5,10,0,5,300.0
3,0,0,4,5,5,10,0,18,51.0
3,2,22,4,3,5,10,0,5,0.0
0,2,15,4,3,5,9,0,7,0.0
3,0,0,5,5,1,10,0,0,138.0
3,1,21,5,0,2,10,21804,15,80.0
3,2,44,4,6,5,2,0,14,0.0
3,2,25,5,2,3,0,22350,7,20.0
3,1,43,5,0,2,0,0,20,0.0
3,1,0,5,6,2,0,22350,18,301.0
3,2,23,5,1,2,2,0,19,0.0
6,1,0,5,6,1,0,0,16,126.0
9,2,0,4,5,5,1,0,14,0.0
3,1,47,5,5,1,0,22350,14,25.0
8,1,35,5,6,2,0,0,23,95.0
3,7,21,5,3,1,10,23152,5,325.0
3,7,21,5,2,3,10,23152,4,240.0
3,1,20,5,5,1,8,0,17,0.0
9,2,0,5,3,2,10,21658,16,197.0
3,6,0,5,6,5,5,21658,15,0.0
9,1,44,4,0,2,0,0,18,0.0
3,1,25,5,0,2,0,21453,11,0.0
9,0,0,5,6,1,10,0,1,110.0
3,1,69,5,0,1,8,0,14,12.0
8,2,42,5,5,3,0,22350,15,67.0
3,1,72,5,0,3,2,21801,12,0.0
9,0,0,5,2,3,10,0,3,20.0
3,0,0,4,3,5,10,0,19,0.0
3,7,24,5,3,1,10,23152,0,93.0
0,1,27,5,3,5,0,0,17,0.0
3,1,37,5,0,1,0,21804,9,34.0
3,1,26,5,5,2,0,22350,16,150.0
3,1,18,5,8,5,10,21804,15,342.0
3,0,0,5,3,2,10,0,15,95.0
10,1,32,3,8,5,10,21954,4,85.0
3,1,50,5,0,5,0,0,18,0.0
9,2,0,4,5,5,0,0,13,0.0
9,0,0,5,6,2,10,0,3,0.0
3,1,79,5,5,3,1,0,11,0.0
3,1,35,5,0,3,0,0,7,0.0
3,1,30,5,0,2,0,0,15,0.0
3,1,45,4,6,2,0,0,20,0.0
8,5,21,5,1,2,0,0,17,0.0
3,2,18,4,6,5,0,0,9,0.0
3,1,31,5,1,2,0,0,17,0.0
3,0,0,5,6,2,10,0,11,63.0
3,2,27,4,5,5,0,0,17,0.0
0,1,16,0,3,1,0,21663,16,0.0
3,2,50,5,0,3,2,21453,7,0.0
3,1,44,5,1,3,0,0,15,20.0
3,0,0,5,3,5,10,0,21,0.0
3,1,39,5,5,1,8,0,14,72.0
3,7,41,5,3,2,10,0,0,0.0
3,2,22,5,1,2,0,22350,17,39.0
3,2,48,5,5,1,0,22350,21,0.0
9,1,50,2,3,5,0,0,8,400.0
3,1,32,5,3,5,2,21802,16,0.0
0,2,15,0,7,2,2,22107,16,0.0
3,8,19,5,0,2,8,0,8,0.0
9,2,33,5,0,2,0,0,8,54.0
3,2,28,4,5,5,8,0,15,0.0
3,2,21,5,1,4,0,22350,1,27.0
3,1,40,4,5,2,8,0,9,36.0
9,2,24,5,2,2,0,22350,1,200.0
3,1,20,5,0,2,0,0,20,0.0
3,1,25,5,0,3,8,0,20,0.0
9,0,0,5,6,2,10,0,22,466.0
9,2,0,5,3,2,10,22107,2,106.0
3,1,82,5,3,3,2,0,17,0.0
3,0,0,5,3,5,10,0,2,521.0
3,1,54,5,5,5,8,0,22,21.0
3,7,28,5,5,2,0,22350,1,75.0
3,7,40,5,5,2,0,22350,10,36.0
3,1,25,5,3,3,0,22350,14,142.0
9,0,0,5,6,2,10,0,18,315.0
3,1,46,5,6,1,0,0,16,200.0
9,2,30,4,7,5,10,0,21,0.0
3,7,59,5,6,2,0,22350,21,108.0
9,0,0,4,3,2,10,0,19,0.0
3,1,61,5,5,2,0,0,19,180.0
3,1,20,5,5,2,8,0,12,0.0
3,1,32,5,0,2,10,21804,12,120.0
3,1,38,5,0,2,0,0,11,0.0
3,1,45,2,3,2,0,0,18,568.0
3,0,0,5,5,2,10,0,2,270.0
3,0,0,4,6,5,10,0,14,51.0
3,2,0,0,3,5,1,0,8,0.0
3,2,0,5,1,5,0,22350,16,0.0
3,0,0,5,6,2,10,0,5,0.0
3,1,31,5,3,5,0,22107,22,200.0
18,2,0,5,6,5,0,22350,15,0.0
3,2,40,5,6,2,8,0,7,29.0
3,1,39,5,0,2,0,21453,20,0.0
3,1,13,5,3,5,3,22106,10,50.0
3,2,0,4,5,5,0,0,19,0.0
9,1,45,5,0,3,2,21801,8,0.0
3,1,75,5,1,3,0,0,6,0.0
3,2,46,4,5,5,0,0,15,0.0
3,2,47,4,6,5,10,0,8,15.0
9,2,0,5,6,1,10,22107,16,36.0
3,1,32,5,5,1,8,0,17,300.0
3,1,40,4,5,1,0,0,18,150.0
8,2,52,5,3,3,0,0,22,0.0
9,1,56,5,3,1,0,0,20,100.0
3,1,22,5,6,1,0,0,12,0.0
3,1,0,5,0,3,0,21453,14,0.0
3,1,35,5,0,5,0,21453,14,0.0
3,1,17,5,5,3,0,22350,23,144.0
3,2,39,4,5,2,8,0,9,0.0
3,2,0,5,3,5,3,22106,22,0.0
3,1,27,0,7,1,0,0,16,0.0
3,0,0,5,3,1,10,0,17,142.0
9,2,27,5,0,1,0,21453,7,0.0
3,1,26,5,1,2,0,0,17,260.0
3,2,0,5,5,5,0,22350,8,0.0
3,1,54,5,6,3,0,22107,9,300.0
3,1,56,5,5,1,8,0,14,84.0
3,1,17,5,0,3,2,21801,19,0.0
3,0,0,5,6,2,10,0,20,174.0
3,1,17,5,0,3,2,0,23,0.0
9,2,0,4,3,5,0,0,16,0.0
3,0,0,5,6,2,10,0,0,54.0
3,1,22,5,0,2,0,21453,15,0.0
3,2,0,5,5,1,2,22107,9,268.0
3,0,0,5,6,1,10,0,3,174.0
3,1,26,5,2,2,0,22350,20,81.0
3,1,22,5,7,1,1,0,22,0.0
0,2,0,4,7,5,10,0,11,0.0
3,1,34,5,5,3,0,21658,16,0.0
3,1,65,5,0,2,10,21804,15,0.0
8,1,40,4,3,5,0,12500,22,0.0
0,2,45,5,3,3,0,0,5,0.0
3,1,49,5,1,3,2,22107,16,66.0
3,2,0,5,6,1,10,0,10,106.0
3,2,27,4,6,5,0,0,18,0.0
3,2,60,4,5,5,8,0,8,0.0
6,1,84,5,6,1,1,22100,16,0.0
18,0,0,5,0,2,10,0,9,65.0
3,1,30,5,0,2,2,22107,15,60.0
18,2,0,4,6,5,10,0,18,0.0
3,1,36,5,5,1,0,22350,16,0.0
3,1,46,5,5,3,8,0,8,15.0
3,1,18,5,0,1,0,0,7,0.0
3,0,0,4,3,5,10,0,14,51.0
3,2,40,5,5,1,8,0,8,43.0
3,1,46,5,5,1,0,0,7,50.0
3,2,25,5,1,5,2,0,14,0.0
3,0,0,5,3,5,10,0,8,0.0
18,2,0,5,7,5,10,21804,16,0.0
3,2,41,4,6,5,10,0,17,51.0
3,1,50,5,6,2,0,22107,0,476.0
3,2,0,4,6,5,5,0,6,0.0
3,6,21,5,5,1,3,22106,18,54.0
3,2,0,5,3,5,10,0,8,0.0
3,2,0,5,6,5,5,22107,21,0.0
3,1,52,4,3,2,0,0,11,0.0
3,1,28,5,3,5,0,22350,0,0.0
3,1,62,5,0,1,2,22107,23,0.0
10,2,67,3,8,5,10,21456,6,0.0
3,1,22,5,5,3,1,22350,9,0.0
3,1,33,4,3,2,0,22107,11,0.0
0,1,62,5,7,5,10,0,16,0.0
3,0,0,5,3,5,10,0,2,0.0
18,2,0,4,3,5,10,0,0,0.0
3,1,62,5,5,1,8,0,12,50.0
17,2,0,4,3,5,0,0,19,156.0
3,2,28,4,3,5,10,0,18,0.0
3,2,0,4,3,5,0,0,13,0.0
3,7,22,4,3,5,2,23152,2,0.0
3,2,26,4,2,5,0,0,7,0.0
3,0,0,5,5,1,10,0,20,33.0
3,2,33,4,5,5,8,0,20,0.0
18,2,0,5,5,1,0,22350,22,0.0
3,2,0,4,0,5,0,0,10,0.0
3,1,32,5,5,4,0,22350,15,0.0
3,2,69,4,0,5,0,0,13,0.0
3,1,55,5,0,1,2,21453,15,0.0
3,2,0,5,5,5,0,22350,19,0.0
3,1,50,5,0,2,0,0,19,0.0
9,2,0,4,5,5,0,0,17,0.0
3,7,35,5,0,1,2,21801,18,0.0
3,2,0,4,1,5,0,0,14,51.0
9,1,68,5,6,3,2,21801,17,0.0
3,1,17,5,4,2,5,23102,15,240.0
3,1,27,4,0,2,0,21453,7,0.0
3,2,39,4,5,5,10,0,14,0.0
3,0,0,4,3,5,10,0,18,0.0
3,1,63,5,0,5,0,22450,13,0.0
3,0,0,4,6,2,10,0,8,148.0
3,1,52,5,1,3,0,21651,11,18.0
3,0,0,5,0,2,10,0,1,0.0
3,1,65,5,0,2,0,0,11,0.0
3,0,0,5,6,2,10,0,0,0.0
18,2,0,4,5,5,10,0,10,0.0
3,2,67,5,0,2,2,0,15,0.0
9,1,44,5,1,3,0,0,11,0.0
3,1,42,5,0,3,0,0,7,30.0
3,1,18,4,1,2,0,0,9,195.0
3,1,46,5,5,2,10,0,14,170.0
3,2,43,5,5,2,8,0,12,0.0
3,1,42,5,6,2,0,0,6,100.0
9,0,0,4,3,5,10,0,9,155.0
18,2,0,4,3,5,10,0,8,0.0
3,0,0,5,3,2,10,0,21,157.0
3,2,0,5,2,2,10,22350,7,36.0
3,1,87,5,8,1,1,22350,14,0.0
3,2,47,4,0,5,10,0,9,0.0
9,0,0,5,5,1,10,0,0,103.0
3,0,0,5,6,2,10,0,15,1105.0
11,2,51,0,7,5,0,21200,16,145.0
3,1,63,4,0,1,0,0,21,0.0
3,2,41,4,0,5,0,0,15,51.0
3,1,52,4,5,5,8,0,15,0.0
3,0,0,5,3,5,10,0,8,0.0
3,2,0,5,6,5,10,21804,12,3.0
3,1,18,4,6,2,0,0,7,210.0
3,2,29,4,5,5,8,0,18,0.0
3,0,0,5,5,2,10,0,23,60.0
3,1,25,4,5,3,0,22350,18,220.0
0,1,46,5,3,5,0,0,11,10.0
3,1,57,0,7,5,1,0,20,0.0
3,2,0,4,5,5,0,0,11,0.0
0,1,16,5,7,5,1,0,9,0.0
3,0,0,5,6,5,10,0,2,120.0
10,2,16,5,8,5,0,0,13,0.0
3,7,28,5,3,1,3,23152,23,140.0
3,0,0,4,3,5,10,0,1,0.0
3,1,25,5,5,5,0,22350,8,0.0
3,1,52,5,0,1,0,0,12,84.0
3,2,0,4,6,5,10,0,10,51.0
3,0,0,5,1,1,10,0,19,0.0
3,2,0,5,6,5,5,0,17,0.0
11,2,0,4,7,5,0,0,12,51.0
3,1,25,5,1,5,2,21453,15,0.0
3,0,0,5,3,2,10,0,17,150.0
3,2,0,4,6,5,10,0,19,0.0
0,1,18,5,6,5,0,0,13,501.0
9,2,52,5,6,5,0,22350,23,114.0
17,2,0,5,3,5,3,22106,16,372.0
3,2,0,4,3,5,10,0,19,0.0
3,7,45,5,5,2,0,22350,19,295.0
3,1,44,5,1,2,2,21801,13,0.0
3,2,26,5,1,3,10,0,13,30.0
3,2,0,5,6,5,1,21658,11,0.0
3,2,35,5,2,2,10,1,2,55.0
0,1,55,5,7,5,0,0,7,0.0
0,1,29,0,7,5,0,22350,8,700.0
3,2,26,4,3,5,2,0,19,0.0
3,2,44,0,7,2,1,0,16,111.0
3,1,21,3,8,1,0,0,20,20.0
3,0,0,4,3,5,10,0,7,0.0
6,0,42,5,5,1,10,0,1,377.0
3,1,29,5,0,3,2,0,15,0.0
3,1,56,5,0,4,0,21453,10,0.0
3,1,21,5,6,3,0,0,10,337.0
10,1,65,5,3,5,10,0,19,0.0
17,2,0,4,6,5,10,0,11,1435.0
18,2,0,4,3,5,10,0,1,0.0
9,0,0,4,5,5,10,0,2,300.0
3,1,90,5,5,2,0,0,8,517.0
8,1,65,4,3,5,0,0,12,0.0
9,2,30,5,0,5,0,0,12,0.0
3,1,39,4,1,2,1,21453,6,0.0
3,1,39,5,5,3,8,0,14,55.0
3,1,29,5,0,2,0,0,15,0.0
9,1,55,5,5,5,8,0,7,600.0
3,2,28,5,8,5,0,21954,20,52.0
3,2,0,4,0,5,10,0,19,51.0
3,1,38,5,0,3,10,22107,8,0.0
3,2,0,4,5,5,0,0,14,0.0
3,1,31,5,6,1,10,21804,16,0.0
3,1,47,5,5,1,8,0,16,180.0
3,2,0,5,5,3,1,22107,1,145.0
13,1,35,5,5,1,8,0,17,0.0
3,2,0,5,1,3,0,21658,23,0.0
3,7,21,5,5,3,0,23152,2,124.0
3,2,0,5,2,3,10,22107,22,0.0
3,2,63,4,6,5,0,0,15,0.0
3,1,49,5,5,1,8,0,22,0.0
3,2,22,4,6,5,8,0,9,25.0
3,2,62,5,5,2,1,0,11,517.0
3,1,65,5,0,2,10,21804,7,171.0
3,2,0,5,5,2,2,20002,5,27.0
3,2,0,4,6,5,5,0,18,0.0
18,2,0,5,0,5,2,22107,19,0.0
3,1,25,5,6,2,0,22350,20,132.0
3,1,54,5,0,5,2,0,17,0.0
3,1,24,0,3,1,1,0,12,15.0
6,1,0,4,8,5,2,0,17,104.0
3,0,0,5,5,1,10,0,22,563.0
9,2,38,4,6,5,5,0,18,0.0
9,7,31,5,2,3,10,22350,18,199.0
3,1,42,5,1,3,2,21804,22,0.0
3,0,0,5,5,2,10,0,23,350.0
3,2,55,5,2,3,10,22107,11,60.0
3,2,0,4,6,5,10,0,22,0.0
3,2,0,5,6,4,0,20002,6,50.0
9,1,27,5,5,1,8,0,21,0.0
3,2,87,5,5,2,8,0,13,132.0
3,2,38,5,3,3,0,22350,1,0.0
3,1,63,5,5,1,8,0,19,480.0
18,2,0,5,3,5,10,20002,23,0.0
3,0,0,5,3,2,10,0,11,0.0
3,2,0,5,3,5,3,22106,19,0.0
3,0,46,5,6,2,10,0,7,87.0
3,1,21,5,2,3,2,22350,0,0.0
3,1,27,5,5,2,0,22350,17,200.0
3,2,19,5,0,3,0,0,18,110.0
10,1,48,3,8,5,0,21453,11,0.0
3,2,0,5,3,1,0,22350,18,135.0
3,0,37,5,6,2,10,0,3,30.0
13,1,41,5,0,2,0,0,4,0.0
9,2,32,5,5,5,8,0,7,0.0
3,2,20,4,3,5,0,0,11,0.0
10,1,33,5,3,5,10,0,13,75.0
3,1,30,5,6,3,0,0,11,75.0
3,1,40,5,5,1,0,22350,19,0.0
3,7,24,5,6,3,10,21650,2,155.0
3,1,34,4,0,2,8,0,9,0.0
3,2,0,5,1,5,2,21801,16,0.0
18,2,0,6,3,5,10,22107,18,58.0
3,0,0,5,5,2,10,0,1,365.0
3,1,68,5,1,2,2,21453,10,0.0
3,0,0,5,6,1,10,0,17,51.0
3,2,20,5,5,4,0,22107,1,135.0
3,1,19,5,0,1,2,0,21,0.0
3,1,39,5,0,3,2,21801,13,45.0
0,1,30,0,7,5,0,21650,7,0.0
3,1,25,5,0,2,2,0,11,0.0
3,1,19,5,1,3,0,0,6,0.0
3,1,45,5,1,2,2,21453,11,0.0
3,0,0,5,0,1,10,0,23,0.0
3,2,23,4,6,5,0,0,16,0.0
9,0,0,5,3,2,10,0,16,0.0
3,2,51,4,6,5,1,0,23,0.0
9,2,0,5,5,3,0,22350,4,214.0
3,1,42,6,0,5,10,21804,18,0.0
3,1,62,5,0,2,2,0,14,0.0
3,0,0,4,1,2,10,0,21,464.0
3,1,22,5,2,2,1,22350,10,0.0
9,5,31,5,2,3,0,22350,1,0.0
3,1,24,5,0,2,0,0,10,0.0
3,6,0,5,6,1,5,21658,14,0.0
3,1,57,5,5,3,8,0,13,192.0
10,1,13,4,8,5,10,0,18,196.0
3,1,47,5,5,1,0,0,0,0.0
3,0,60,4,3,5,10,0,2,51.0
3,1,51,5,1,2,0,0,19,24.0
3,0,0,4,3,5,10,0,9,298.0
3,1,66,5,0,2,0,22350,5,0.0
3,1,75,5,0,2,0,22450,9,0.0
10,2,55,4,8,5,10,0,21,464.0
3,1,32,5,0,2,0,0,15,0.0
1,1,52,5,5,5,2,22100,14,6.0