PartyType_Code,Sobriety_Code,Age,PrimaryCollisionFactor_Code,CollisionType_Code,VehicleDamage_Code,MovementPrecedingCollision_Code,ViolationCode,CrashTime,Distance
3,2,0,5,2,3,2,22350,12,0.0
18,2,0,5,6,5,10,22350,2,60.0
3,1,47,5,0,2,2,0,14,0.0
3,2,0,4,5,5,0,0,10,0.0
3,2,0,4,0,5,0,0,12,0.0
3,1,40,5,7,1,1,22107,14,152.0
3,1,30,5,6,2,0,0,18,0.0
3,0,0,4,3,5,10,0,4,45.0
3,2,18,5,0,2,0,0,14,0.0
3,0,0,5,3,2,10,0,19,0.0
0,1,25,4,3,3,0,0,18,0.0
10,2,51,3,3,5,0,21456,22,0.0
3,1,62,5,0,3,2,21801,13,51.0
9,2,0,4,3,1,10,0,17,35.0
3,2,0,5,7,1,1,21801,16,32.0
3,6,0,4,3,3,10,23109,1,148.0
3,1,90,5,0,2,0,22450,14,16.0
3,1,39,4,6,5,0,0,15,54.0
3,1,35,5,5,3,0,0,15,50.0
18,2,0,4,5,3,0,0,3,0.0
3,2,50,4,5,5,2,0,15,0.0
3,1,34,5,5,1,8,0,14,100.0
3,0,0,4,5,5,10,0,19,51.0
3,2,0,5,3,3,0,20002,0,1829.0
3,1,18,5,5,3,0,22350,14,500.0
9,1,75,4,0,5,0,0,15,0.0
3,1,24,5,6,3,0,0,16,114.0
3,7,47,5,0,3,0,21453,2,0.0
3,1,47,5,5,3,10,22350,12,51.0
3,1,20,5,5,3,8,0,19,462.0
8,1,20,5,3,1,0,21703,9,0.0
18,1,29,5,0,1,10,0,12,0.0
18,2,0,4,0,5,10,0,15,0.0
3,1,26,5,0,3,0,21802,18,0.0
3,2,36,5,5,3,0,22350,11,40.0
3,7,40,5,2,3,10,22107,23,88.0
3,2,0,5,6,5,0,22107,21,0.0
3,2,0,5,3,1,3,22106,11,305.0
3,1,59,5,5,1,8,0,18,5.0
3,0,0,5,5,2,10,0,23,92.0
18,2,0,4,3,5,0,0,17,0.0
3,0,0,5,6,5,10,0,19,1980.0
8,1,26,5,3,3,0,0,5,400.0
3,2,0,5,6,2,2,0,21,0.0
10,0,8,3,3,5,10,21954,13,47.0
18,2,0,5,6,3,0,21651,3,237.0
3,1,19,5,5,3,0,21703,13,215.0
3,1,26,5,0,3,0,0,22,0.0
3,1,31,5,0,3,0,21453,17,0.0
3,1,19,5,3,3,10,23101,19,0.0
3,2,42,4,5,1,8,0,13,0.0
3,1,19,5,3,5,5,21658,16,0.0
3,0,0,1,5,3,10,0,8,159.0
3,2,40,0,7,1,8,0,8,0.0
9,0,0,5,3,1,10,0,16,28.0
3,0,0,5,0,1,10,0,9,140.0
0,1,67,5,7,5,0,0,19,0.0
3,2,0,4,3,5,10,0,0,300.0
3,1,22,5,1,2,1,22350,12,99.0
3,1,30,5,8,1,2,21950,11,10.0
3,2,0,4,6,5,2,0,16,0.0
3,1,55,5,0,5,1,0,16,0.0
3,7,20,5,5,3,0,22107,1,290.0
3,2,0,5,1,1,0,22350,19,0.0
3,1,57,5,8,1,2,21950,15,0.0
3,2,0,5,3,2,10,0,19,200.0
9,2,28,4,1,5,8,0,17,0.0
0,2,43,4,7,5,10,0,22,0.0
3,1,26,5,5,1,8,0,12,20.0
3,2,56,5,1,3,0,22350,7,235.0
3,2,0,5,3,2,10,21750,12,0.0
18,2,0,4,6,5,10,0,11,51.0
3,1,44,5,0,1,0,0,9,180.0
8,1,30,5,0,2,0,0,17,0.0
9,1,25,5,0,2,0,0,17,0.0
3,1,24,5,5,1,0,22350,14,100.0
18,2,0,5,3,5,10,0,4,0.0
3,2,0,4,2,5,10,0,10,0.0
3,0,0,5,5,5,10,0,13,55.0
3,2,25,0,7,5,0,0,12,0.0
3,0,0,5,6,5,10,0,0,450.0
0,1,57,0,3,5,10,21954,12,50.0
0,1,17,4,0,5,10,0,15,0.0
9,1,58,5,0,3,2,21802,13,0.0
3,2,74,5,5,2,8,0,15,15.0
10,2,8,5,8,5,10,0,19,0.0
3,1,36,5,5,1,8,0,18,0.0
3,2,0,5,5,5,0,22106,19,0.0
3,0,0,5,5,3,10,0,16,51.0
3,5,25,5,7,1,0,0,15,0.0
18,2,0,4,6,5,10,0,12,0.0
3,2,53,5,6,1,0,0,10,272.0
3,1,41,5,5,3,8,0,11,72.0
3,2,25,4,5,5,0,0,13,0.0
3,1,47,5,0,3,8,0,15,136.0
3,1,27,5,0,3,0,21453,18,0.0
3,7,30,5,1,3,1,23152,12,0.0
3,1,31,5,8,5,2,21950,15,0.0
3,0,0,5,6,3,10,0,6,50.0
3,1,20,5,5,2,8,0,17,540.0
3,1,51,5,5,1,8,0,12,150.0
3,2,17,5,0,3,0,0,7,220.0
7,2,43,5,6,1,0,0,12,0.0
3,1,28,5,5,2,8,0,22,90.0
3,7,31,5,5,2,0,22350,10,0.0
0,1,14,5,7,5,0,0,8,20.0
18,2,0,4,6,5,10,0,23,51.0
3,1,23,5,5,1,0,22350,14,21.0
9,0,0,5,3,2,10,0,2,180.0
9,0,0,5,6,3,10,0,21,287.0
3,2,0,5,1,1,10,20002,20,37.0
3,1,23,5,5,3,10,22107,18,138.0
3,2,20,5,0,2,10,22107,1,305.0
3,1,45,5,1,3,2,0,12,0.0
3,2,0,5,0,1,0,0,23,0.0
18,2,0,4,6,5,0,0,21,0.0
3,1,18,4,0,3,2,0,21,0.0
3,1,74,5,5,3,0,22350,19,33.0
3,2,0,4,0,5,1,0,19,0.0
3,1,49,5,6,3,0,0,12,830.0
3,7,38,5,6,2,10,23152,21,138.0
9,1,42,5,2,3,10,22107,20,158.0
3,2,43,4,6,5,1,0,8,51.0
3,5,28,5,0,2,0,21453,21,0.0
3,1,35,5,5,1,8,0,12,75.0
3,2,25,4,3,5,10,0,22,0.0
3,1,26,5,6,3,5,22107,7,0.0
3,2,49,4,5,5,8,0,4,0.0
3,1,46,5,3,3,0,22350,0,60.0
3,1,45,5,0,2,0,0,7,0.0
9,1,52,5,1,1,8,0,13,0.0
3,0,0,5,6,5,10,0,12,350.0
3,2,43,4,1,5,0,0,15,0.0
3,1,50,3,8,5,0,0,20,171.0
3,1,19,5,5,3,5,22107,21,60.0
18,2,0,4,6,5,1,0,20,71.0
3,1,37,4,0,3,2,0,11,0.0
3,1,22,5,6,1,8,0,13,0.0
3,2,28,4,5,5,8,0,19,0.0
3,2,0,5,0,5,0,21802,18,0.0
3,1,17,5,6,2,5,21658,13,740.0
3,0,0,5,3,1,10,0,22,181.0
3,7,55,5,2,3,10,23152,22,0.0
3,2,20,4,5,5,1,0,7,0.0
3,2,18,4,5,5,8,0,16,0.0
3,2,0,4,5,5,10,0,15,51.0
3,2,44,4,5,5,8,0,18,51.0
3,2,60,5,5,1,0,0,20,120.0
3,1,34,5,0,1,8,0,15,0.0
18,2,0,4,0,5,10,0,10,51.0
8,2,0,5,6,1,0,21804,12,275.0
9,1,19,5,6,5,10,21804,0,300.0
3,7,20,5,3,3,10,22350,3,14.0
3,2,0,4,5,5,10,0,7,0.0
3,0,0,5,5,2,10,0,17,34.0
3,1,67,4,0,2,0,0,23,0.0
3,0,0,4,0,1,10,0,2,24.0
3,2,0,4,5,5,0,0,17,0.0
3,1,27,5,1,3,0,22350,14,0.0
0,1,41,5,3,5,0,0,7,0.0
3,7,26,5,3,5,0,22350,3,41.0
18,2,0,4,5,5,1,0,8,0.0
3,2,19,5,1,2,0,0,15,250.0
18,2,0,5,3,5,0,22350,21,40.0
3,1,47,5,6,2,1,0,17,21.0
3,1,31,5,5,5,8,0,17,0.0
3,2,24,4,5,5,8,0,17,51.0
3,0,0,5,1,5,10,0,22,0.0
3,2,43,5,1,3,2,21801,11,3164.0
3,1,66,5,5,1,0,22350,13,51.0
8,1,29,5,0,3,0,21801,9,50.0
3,2,0,4,3,3,10,22107,4,36.0
8,2,29,5,0,3,0,0,2,118.0
3,0,0,5,0,2,10,0,20,0.0
3,1,78,5,0,2,0,0,15,0.0
3,1,34,5,0,3,2,21453,13,0.0
3,2,51,5,5,3,8,0,11,40.0
9,2,0,5,5,3,0,22350,2,540.0
3,0,0,5,1,2,10,0,20,300.0
3,1,27,5,0,3,0,0,20,0.0
3,1,43,5,5,1,10,22107,17,242.0
3,7,35,5,2,2,0,23152,16,210.0
3,2,0,5,6,2,0,22107,17,94.0
3,2,0,5,2,3,0,0,13,51.0
3,2,20,5,1,2,1,23102,21,0.0
3,1,81,5,0,1,8,0,9,0.0
3,0,0,5,2,1,10,0,3,0.0
3,1,49,5,5,1,8,0,8,60.0
3,2,58,4,0,5,10,0,16,0.0
3,1,63,5,5,1,8,0,9,0.0
18,2,0,5,3,5,10,22350,10,32.0
3,2,0,5,6,5,0,21658,2,51.0
3,1,24,5,0,3,0,0,1,0.0
3,0,0,5,5,2,10,0,0,20.0
3,1,21,5,5,1,8,0,19,36.0
3,0,0,5,6,3,10,0,12,528.0
3,2,52,5,5,3,10,0,16,0.0
3,2,49,4,6,5,10,0,15,51.0
3,2,52,4,0,5,0,0,11,51.0
3,2,0,5,3,5,3,22106,21,0.0
3,2,63,5,5,5,8,0,14,51.0
3,1,41,4,0,2,0,0,10,0.0
3,2,22,5,5,1,0,22350,18,21.0
3,2,70,5,1,2,2,21801,16,0.0
3,1,69,5,0,3,2,21802,13,0.0
3,2,0,5,0,3,0,22350,1,0.0
3,1,25,5,3,5,0,22107,14,0.0
3,0,0,5,3,3,10,0,22,300.0
3,1,57,5,5,2,8,22107,15,0.0
3,2,0,4,5,5,0,0,0,0.0
9,1,52,5,5,2,8,0,14,208.0
3,2,45,4,6,5,0,0,21,0.0
18,2,0,4,6,5,10,0,7,51.0
3,2,0,5,2,3,0,22106,21,24.0
3,2,30,4,6,5,5,0,15,0.0
3,1,0,4,3,5,0,0,18,45.0
9,1,75,5,0,2,10,0,10,93.0
3,0,0,5,1,2,10,0,5,615.0
9,2,43,4,0,5,10,21804,9,0.0
9,0,0,5,5,3,10,0,1,414.0
3,1,60,5,6,2,0,0,13,0.0
3,1,51,4,5,2,1,0,13,0.0
0,2,0,0,3,5,10,20002,17,0.0
9,2,53,5,4,4,0,21453,15,18.0
3,0,0,5,6,2,10,0,15,175.0
18,2,0,4,6,5,10,0,0,80.0
3,0,0,4,3,5,10,0,7,0.0
3,1,0,5,5,1,1,22350,17,39.0
3,1,16,5,0,2,0,0,19,0.0
3,0,0,5,6,1,10,0,20,101.0
3,1,33,5,0,3,2,22107,21,69.0
1,1,24,5,0,1,4,22350,14,0.0
3,2,36,4,6,5,10,0,12,500.0
3,2,23,4,5,5,8,0,15,0.0
18,2,0,5,3,5,10,0,10,50.0
3,0,0,4,6,5,10,0,17,0.0
3,1,28,4,6,1,5,0,7,50.0
3,1,30,4,0,3,0,0,5,0.0
18,2,0,4,6,5,10,0,2,51.0
3,1,36,5,0,2,10,21804,15,412.0
3,1,31,4,5,2,0,22350,10,0.0
3,5,35,5,3,1,8,0,14,400.0
3,1,74,4,6,5,10,22107,11,0.0
3,1,22,5,1,2,0,21453,15,0.0
3,2,32,4,5,5,8,0,9,0.0
3,7,28,5,6,2,0,23152,0,0.0
3,2,51,4,6,5,10,0,20,51.0
3,1,72,5,1,3,0,0,11,0.0
3,2,49,4,5,5,5,0,16,0.0
3,1,26,5,5,5,0,22350,16,57.0
3,1,25,5,0,1,0,0,16,0.0
3,2,0,4,1,1,0,0,5,70.0
3,2,41,5,3,5,1,0,8,0.0
17,0,26,4,2,5,9,0,10,51.0
10,1,23,5,3,5,0,0,14,0.0
3,0,43,5,3,2,0,22350,14,130.0
3,0,0,5,3,1,10,0,2,68.0
3,1,23,5,5,1,8,0,19,0.0
3,1,48,5,6,2,5,21806,17,400.0
3,0,0,5,2,5,10,0,22,140.0
3,2,0,5,5,5,0,22350,7,150.0
3,2,0,5,1,1,0,21453,12,0.0
3,2,57,4,5,5,8,0,10,100.0
3,1,17,5,3,3,0,22350,21,117.0
3,1,28,5,0,1,0,0,0,111.0
3,1,16,5,0,3,2,0,19,0.0
3,0,48,4,6,2,10,0,16,695.0
3,1,23,5,2,3,0,22350,2,70.0
9,1,62,5,7,1,1,22107,14,0.0
9,1,54,2,5,1,8,0,17,91.0
3,1,27,5,6,2,5,21658,11,1625.0
13,2,0,4,5,5,2,0,20,0.0
8,2,55,4,3,5,10,0,20,0.0
3,0,0,4,3,1,10,0,2,60.0
9,1,44,5,5,1,1,0,19,118.0
3,2,38,4,6,5,2,0,20,0.0
3,1,45,3,8,2,0,0,17,0.0
3,0,0,5,2,1,10,0,21,329.0
18,2,0,5,5,5,0,22350,18,0.0
8,2,0,5,5,2,10,0,13,75.0
13,2,0,4,3,5,3,0,8,0.0
3,1,41,4,0,3,0,0,22,0.0
3,2,65,5,0,4,2,21453,15,0.0
9,2,0,5,6,5,0,22350,23,0.0
18,2,0,4,5,5,0,0,15,0.0
3,2,31,5,5,3,0,22350,1,275.0
0,2,20,0,3,5,0,21202,14,0.0
0,2,27,0,7,3,10,21804,15,0.0
18,8,0,5,5,1,0,22350,16,18.0
16,1,91,5,3,5,10,0,9,150.0
3,1,49,5,3,1,0,0,17,0.0
9,7,44,5,2,3,10,23152,23,37.0
3,2,26,4,6,5,0,0,14,0.0
3,1,59,5,0,2,10,22102,18,38.0
3,0,0,4,5,5,10,0,21,518.0
3,2,19,4,5,5,0,0,13,51.0
3,1,32,5,0,3,0,21453,17,0.0
3,0,0,5,6,2,10,0,6,92.0
3,2,19,4,6,5,0,0,12,0.0
10,1,13,3,8,5,0,21954,18,0.0
3,2,24,5,3,2,10,22350,1,60.0
3,1,53,5,6,1,10,22107,17,59.0
3,2,0,4,6,4,0,0,1,51.0
9,2,37,4,5,5,4,0,16,105.0
18,2,0,4,6,5,10,0,0,0.0
10,0,1,5,8,5,0,0,18,0.0
3,2,64,5,5,1,8,0,16,0.0
3,2,83,5,6,1,0,0,12,51.0
3,7,37,5,6,2,0,22107,0,288.0
9,0,0,5,3,1,10,0,14,500.0
3,1,31,5,0,2,0,0,13,0.0
3,2,0,5,7,5,0,22350,16,51.0
3,2,21,5,0,2,1,22107,7,110.0
9,0,0,4,5,5,10,0,17,0.0
3,1,46,4,5,2,8,0,19,55.0
3,2,46,4,5,5,1,0,13,0.0
3,1,69,5,5,2,8,0,10,300.0
3,1,18,5,6,1,10,22350,12,100.0
3,1,68,5,0,5,0,0,16,0.0
18,5,41,5,0,2,0,0,16,0.0
9,1,17,5,1,2,2,22107,16,0.0
3,1,20,5,5,3,0,0,13,53.0
3,1,30,4,0,3,10,0,11,15.0
3,2,27,4,0,5,0,0,21,0.0
9,1,46,5,5,1,0,22350,13,192.0
17,2,0,5,6,2,1,22107,16,0.0
3,2,31,4,5,5,8,0,18,0.0
3,2,0,4,5,5,0,0,12,0.0
18,2,0,4,3,5,10,0,0,51.0
3,1,48,5,5,2,8,0,17,6.0
3,1,29,5,6,5,8,0,22,0.0
9,0,0,5,6,1,10,0,23,69.0
3,7,42,5,5,1,3,22106,22,36.0
3,0,39,5,5,3,10,0,1,88.0
3,2,0,5,5,5,0,22350,0,0.0
3,7,23,5,2,3,10,22107,22,140.0
3,0,0,4,3,5,10,0,1,0.0
6,1,55,4,6,5,0,0,10,0.0
3,0,0,5,6,1,10,0,23,93.0
3,0,0,5,1,2,10,0,15,16.0
3,7,18,5,2,2,10,23152,2,62.0
3,1,62,5,5,1,8,0,18,36.0
3,2,0,4,6,5,10,0,17,51.0
6,2,0,4,2,1,3,0,3,70.0
3,2,0,4,3,5,3,0,12,0.0
3,2,0,5,5,5,0,0,15,0.0
3,1,22,5,0,3,1,21453,12,0.0
3,1,32,5,1,3,10,21650,14,33.0
3,3,90,5,5,5,0,22350,10,0.0
3,0,0,5,3,5,10,0,13,0.0
3,0,0,4,5,5,10,0,23,400.0
3,1,73,4,5,5,0,0,15,0.0
3,1,50,5,5,1,0,0,19,0.0
3,1,49,5,0,1,2,0,12,0.0
9,1,56,4,0,2,0,0,16,0.0
3,1,37,5,6,1,8,0,13,50.0
3,2,50,5,3,2,8,22450,10,0.0
18,2,0,4,5,5,10,0,10,75.0
3,2,0,5,0,1,0,22450,18,0.0
3,1,24,5,2,2,0,0,18,42.0
3,2,0,5,3,5,4,22107,21,140.0
3,1,40,5,5,1,8,0,15,236.0
3,1,45,5,5,1,8,0,15,123.0
3,1,55,4,0,3,2,0,0,0.0
3,1,49,5,1,3,2,0,11,0.0
3,2,0,4,3,5,4,0,11,0.0
3,1,21,5,0,2,0,21453,14,0.0
17,0,0,2,6,5,10,22500,15,85.0
3,2,0,4,6,3,0,0,23,613.0
3,0,0,5,6,1,10,0,16,85.0
3,1,43,5,5,1,8,0,16,219.0
3,2,21,4,5,5,10,0,15,0.0
3,2,49,5,0,3,0,22350,5,17.0
3,1,26,5,5,1,8,0,18,30.0
3,1,53,5,0,3,0,0,22,0.0
3,2,38,4,3,5,3,0,11,51.0
3,1,30,5,5,1,0,22350,11,28.0
3,2,20,4,0,5,2,0,20,0.0
3,0,0,5,5,1,10,0,2,85.0
0,1,24,5,3,5,0,21650,19,0.0
3,2,0,4,3,5,3,0,21,0.0
3,1,43,4,6,1,1,0,18,30.0
3,2,34,4,6,5,8,0,9,0.0
3,2,42,5,0,3,10,0,10,323.0
9,1,54,5,5,5,0,0,13,0.0
3,1,26,5,0,1,0,0,18,0.0
3,0,0,5,1,3,10,0,1,45.0
3,2,0,5,6,5,1,22350,15,405.0
10,1,43,3,3,5,0,21956,11,0.0
3,2,33,4,0,5,2,0,17,0.0
0,1,61,5,3,5,0,0,10,142.0
18,1,50,4,0,1,0,0,17,0.0
3,7,43,5,6,5,0,22350,0,83.0
3,2,0,4,2,5,1,0,18,0.0
3,0,0,5,1,3,10,0,0,148.0
3,0,0,2,5,5,10,0,10,80.0
3,0,29,4,3,5,10,0,12,51.0
3,6,0,5,0,5,10,22103,19,150.0
10,2,51,5,8,5,10,0,23,0.0
0,1,29,5,7,5,10,0,21,220.0
3,2,56,4,5,5,8,0,8,0.0
3,1,0,5,5,5,0,22350,18,98.0
3,1,31,5,2,2,0,22350,2,0.0
3,2,48,5,1,2,10,21460,18,100.0
3,1,22,5,3,5,1,22350,11,10.0
10,1,11,5,3,5,10,0,17,0.0
3,1,34,5,7,1,0,0,14,230.0
3,4,17,5,2,3,2,22350,23,95.0
3,2,25,4,6,5,0,0,6,0.0
3,7,25,5,3,2,2,23152,0,0.0
3,0,0,5,5,1,10,0,5,388.0
3,1,33,5,5,2,8,0,15,0.0
3,2,53,4,6,5,0,0,15,115.0
0,1,86,4,3,5,10,0,10,0.0
3,0,0,5,5,1,10,0,17,357.0
3,7,53,5,5,1,0,22350,23,75.0
3,0,0,5,3,2,10,0,14,125.0
9,0,0,5,3,3,10,0,22,120.0
3,0,0,4,6,5,10,0,10,51.0
3,1,43,5,1,2,2,0,21,0.0
3,2,31,4,5,5,3,0,14,0.0
3,2,29,5,0,3,0,21453,11,0.0
9,1,40,5,5,1,0,21703,9,0.0
3,0,0,5,6,2,10,0,21,54.0
9,1,19,4,0,1,1,0,23,0.0
3,1,38,4,6,5,0,0,8,0.0
3,1,58,5,5,1,8,0,16,0.0
3,0,0,5,5,2,10,0,9,140.0
0,0,16,0,7,5,0,21650,7,90.0
9,2,54,5,5,1,8,0,12,253.0
3,1,24,4,3,3,0,22350,7,0.0
3,2,0,5,1,3,9,22107,2,81.0
3,0,0,5,1,2,10,0,20,0.0
0,1,13,5,7,5,0,0,14,0.0
3,0,0,5,5,5,10,0,22,200.0
3,1,43,5,1,1,8,0,19,0.0
3,6,0,5,6,2,10,22350,15,52.0
3,1,62,5,0,3,0,0,15,0.0
3,1,83,5,6,1,2,21801,19,0.0
3,2,0,5,3,5,10,0,1,240.0
3,2,21,4,5,5,8,0,17,0.0
3,1,48,5,1,3,0,0,19,96.0
3,2,0,4,3,3,10,21750,1,144.0
9,1,46,5,0,4,0,0,12,0.0
3,1,69,5,0,3,0,0,14,647.0
3,1,24,3,3,5,0,0,14,21.0
3,1,52,5,0,3,2,21453,7,0.0
3,2,0,5,6,2,0,21658,1,51.0
3,2,0,4,5,5,8,0,15,0.0
3,2,53,4,6,5,8,0,11,0.0
3,2,27,4,3,5,8,0,13,50.0
3,1,39,5,6,3,5,21658,8,37.0
3,1,43,5,0,1,0,0,9,99.0
3,2,54,4,5,5,10,0,14,0.0
3,1,21,2,0,2,0,0,12,0.0
3,1,45,5,5,5,8,0,9,0.0
3,1,59,5,0,3,0,0,14,0.0
3,2,0,5,1,5,2,21801,18,406.0
3,1,72,5,1,3,0,0,10,55.0
3,0,0,5,5,3,10,0,3,500.0
3,1,22,5,3,5,0,0,22,90.0
3,2,0,4,6,5,2,0,19,0.0
3,0,0,5,6,3,10,0,22,99.0
9,1,41,4,1,2,2,0,22,0.0
6,1,46,5,2,3,0,0,10,0.0
0,1,29,0,7,5,0,1,12,0.0
3,2,55,5,6,2,0,21658,18,100.0
3,2,71,4,5,5,8,0,13,0.0
3,1,39,5,6,2,0,0,14,0.0
3,1,22,5,5,3,0,22350,11,0.0
10,2,26,5,8,5,10,0,21,0.0
3,7,27,5,3,4,0,22350,1,707.0
3,1,73,5,2,5,0,0,18,0.0
18,2,0,4,3,5,10,0,8,0.0
8,1,19,5,6,3,1,22107,20,75.0
3,0,0,5,1,2,10,0,2,134.0
9,2,0,4,5,5,0,0,12,0.0
3,0,0,5,6,1,10,0,15,271.0
3,1,42,5,8,5,1,21950,17,0.0
18,2,0,4,6,5,10,0,8,51.0
3,2,0,5,0,2,0,21453,12,0.0
3,1,26,5,0,1,2,21801,9,431.0
8,1,55,5,3,1,2,22350,18,30.0
8,1,20,0,3,5,0,0,12,0.0
3,2,20,5,5,3,0,22350,15,209.0
9,0,44,5,3,3,10,0,23,0.0
3,2,45,4,5,5,8,0,17,0.0
0,2,14,6,3,5,0,21200,19,0.0
3,2,77,5,0,2,0,0,15,0.0
3,0,0,5,5,2,10,0,1,33.0
0,1,52,4,5,5,0,0,16,0.0
3,1,27,5,0,2,0,0,9,50.0
3,1,22,5,0,2,0,22350,17,0.0
3,2,25,4,5,5,8,0,14,0.0
18,2,0,4,3,5,10,0,3,0.0
3,0,0,5,5,3,10,0,23,420.0
3,5,33,5,0,2,2,0,22,0.0
3,2,0,5,2,3,10,0,2,100.0
3,0,0,5,6,2,10,0,9,262.0
3,1,23,5,0,3,8,0,20,0.0
3,1,23,5,2,3,0,23152,18,207.0
0,2,11,2,3,5,10,21804,18,0.0
3,1,41,5,8,5,2,21950,18,0.0
3,7,49,5,0,3,10,22107,1,35.0
3,0,0,5,3,2,10,0,1,50.0
9,1,22,5,5,5,8,0,14,0.0
3,1,25,5,5,2,10,0,14,0.0
3,1,26,5,0,2,0,0,19,0.0
3,2,0,4,1,5,10,0,19,0.0
3,1,46,5,1,5,2,0,16,500.0
3,2,0,5,0,5,0,21453,18,0.0
10,1,44,4,8,5,10,0,8,0.0
3,2,0,5,5,5,0,21703,10,55.0
3,2,27,5,2,3,1,22107,18,0.0
3,2,19,4,5,5,1,0,8,0.0
3,1,37,0,3,1,1,0,12,0.0
3,1,23,5,1,5,2,0,21,0.0
18,2,0,4,3,5,10,0,0,51.0
3,1,19,5,0,3,0,0,7,0.0
3,1,33,5,0,2,0,0,19,0.0
3,2,0,4,5,5,0,0,14,0.0
9,1,25,5,6,1,1,22107,15,19.0
9,2,0,5,5,5,3,22106,19,0.0
3,2,47,4,0,5,0,0,12,51.0
3,1,24,5,5,2,0,0,8,105.0
3,1,45,5,1,3,2,0,18,0.0
3,2,0,5,0,2,0,22350,14,255.0
3,2,16,4,5,5,8,0,22,80.0
9,0,0,4,3,5,10,0,23,0.0
3,1,31,5,5,3,0,0,8,50.0
9,1,52,5,3,2,2,22350,12,0.0
9,2,0,4,6,5,10,0,8,0.0
3,1,77,5,5,1,8,0,20,51.0
3,2,22,5,3,2,1,22107,20,24.0
3,1,43,5,5,3,8,0,20,80.0
3,1,46,5,5,5,8,0,12,0.0
13,2,0,4,0,5,3,0,17,51.0
3,2,85,5,5,1,8,0,9,0.0
3,1,52,5,5,3,10,0,15,0.0
3,1,90,4,3,2,0,0,15,0.0
3,0,0,5,3,2,10,0,23,300.0
3,2,75,5,2,3,10,21663,18,127.0
3,1,28,5,1,2,0,0,1,60.0
3,2,58,4,5,5,8,0,5,0.0
3,1,33,5,0,3,2,0,7,0.0
3,1,36,5,0,3,0,21453,22,0.0
3,1,54,5,5,2,0,22350,12,0.0
3,0,0,5,6,1,10,0,18,173.0
9,1,66,2,0,3,0,0,7,0.0
18,2,24,5,1,2,8,0,21,24.0
3,2,24,4,5,5,8,0,14,0.0
0,1,20,4,6,1,0,0,19,119.0
3,2,0,5,1,5,0,22350,1,125.0
3,1,40,5,0,2,0,0,7,0.0
3,0,31,4,6,5,10,0,12,51.0
17,2,24,5,5,5,3,22106,10,51.0
3,1,71,5,1,3,0,21453,13,0.0
3,1,56,5,5,1,8,0,10,200.0
3,2,50,4,5,5,8,0,18,0.0
3,1,22,5,0,3,0,0,12,0.0
3,7,36,5,7,1,1,22107,16,0.0
3,8,22,5,1,3,10,21650,14,161.0
3,1,28,5,1,3,0,0,23,0.0
3,2,43,5,5,5,0,22350,14,0.0
3,2,47,5,6,5,5,21658,16,0.0
3,1,26,4,0,2,0,0,9,0.0
3,2,31,4,5,5,10,0,16,0.0
3,7,31,5,1,3,0,22350,1,200.0
3,7,42,5,5,2,2,22350,0,105.0
18,2,0,4,5,5,0,0,12,51.0
3,2,0,4,5,5,0,0,15,0.0
0,1,23,6,3,1,0,21453,21,0.0
3,2,0,5,5,5,0,22107,20,400.0
3,2,0,5,3,3,10,22107,0,21.0
3,0,0,4,6,5,10,0,17,0.0
3,0,0,5,3,1,10,0,1,265.0
9,2,0,5,2,5,10,22350,14,0.0
18,2,0,5,5,5,0,22350,17,0.0
3,2,33,5,3,5,1,22350,21,60.0
3,0,0,5,5,1,0,0,21,135.0
3,1,43,5,0,1,8,0,10,0.0
18,2,0,5,3,5,5,21658,14,0.0
6,1,0,4,6,1,10,0,22,249.0
3,2,64,4,6,5,0,0,18,0.0
3,1,55,5,0,2,0,0,8,0.0
9,0,0,5,3,2,10,0,5,45.0
14,1,16,5,0,5,0,0,14,0.0
3,1,51,5,0,2,0,21453,6,0.0
3,2,49,5,5,2,8,0,5,30.0
13,1,56,5,5,2,10,0,10,51.0
3,1,21,5,0,2,0,21453,11,0.0
18,2,0,4,3,5,3,0,18,0.0
18,2,30,4,6,5,0,0,16,51.0
3,1,45,5,0,3,2,0,19,0.0
1,1,58,5,6,1,8,0,15,322.0
3,4,18,5,1,3,10,0,16,13.0
18,2,0,5,7,5,0,22450,6,0.0
3,2,23,5,0,3,0,0,4,0.0
3,2,29,4,3,5,0,0,20,0.0
3,0,0,5,6,3,10,0,10,192.0
3,8,0,5,5,5,0,22350,19,75.0
0,1,64,5,6,1,0,0,15,123.0
18,2,0,4,6,5,2,0,21,0.0
3,1,41,5,5,1,8,0,12,182.0
3,2,16,0,7,1,2,0,22,0.0
3,1,60,5,5,5,10,0,15,0.0
3,2,32,4,3,1,0,22107,1,500.0
3,2,38,5,5,3,0,22350,22,170.0
3,1,65,5,0,1,1,0,12,0.0
3,1,21,5,5,5,0,22350,16,175.0
3,7,34,5,3,2,0,23152,0,0.0
3,5,24,5,2,3,10,22107,1,39.0
3,1,35,5,1,2,2,21802,16,0.0
3,2,79,3,8,5,10,0,9,0.0
1,1,35,5,6,1,0,0,18,31.0
3,2,41,4,6,5,0,0,19,0.0
3,2,25,5,2,3,0,22350,9,138.0
1,1,62,5,6,1,0,0,19,0.0