PartyType_Code,Sobriety_Code,Age,PrimaryCollisionFactor_Code,CollisionType_Code,VehicleDamage_Code,MovementPrecedingCollision_Code,ViolationCode,CrashTime,Distance
3,2,0,4,5,5,0,0,5,0.0
0,2,35,5,7,5,0,0,19,0.0
10,1,71,5,3,5,10,0,15,0.0
3,0,0,5,3,5,10,0,10,200.0
3,7,26,5,3,3,0,22350,4,237.0
18,1,43,0,7,1,1,0,15,0.0
3,0,0,5,5,3,10,0,20,177.0
0,1,44,5,0,5,0,0,18,0.0
3,5,36,5,6,2,0,0,12,75.0
3,1,77,5,0,3,0,23152,13,0.0
3,1,67,5,0,2,0,0,13,0.0
3,1,40,3,3,5,0,0,15,0.0
10,1,15,5,3,5,10,0,17,0.0
3,0,0,5,6,1,10,0,18,60.0
3,0,0,5,6,3,10,0,13,78.0
3,0,0,5,5,3,10,0,17,521.0
3,1,36,5,0,2,0,21453,8,0.0
3,7,78,5,6,3,0,22350,23,66.0
3,0,0,5,5,2,10,0,0,97.0
3,2,0,4,1,5,0,0,8,0.0
3,1,22,4,5,1,0,0,19,0.0
3,5,26,5,6,1,0,0,19,135.0
3,1,35,5,5,1,8,0,11,0.0
3,7,29,5,4,4,2,22107,21,0.0
9,0,0,4,3,5,10,0,7,177.0
9,2,0,4,3,5,10,0,20,0.0
3,1,48,4,3,5,3,0,11,0.0
3,1,41,5,5,5,10,0,20,0.0
3,1,23,5,0,2,10,21804,16,0.0
3,1,19,5,0,1,10,22107,0,0.0
3,0,0,5,6,3,10,0,20,156.0
3,1,48,5,0,2,0,0,8,0.0
3,1,63,5,2,3,10,22350,17,560.0
3,1,18,5,0,1,1,21800,11,0.0
3,1,46,5,1,3,0,0,14,0.0
3,1,30,5,0,5,0,21453,14,0.0
3,2,29,5,0,1,2,0,20,0.0
6,1,28,5,0,3,0,0,12,23.0
6,1,32,6,5,1,1,22350,7,0.0
3,1,26,5,5,3,0,22350,19,260.0
9,2,26,4,5,5,1,0,15,0.0
3,1,22,5,0,1,0,0,19,0.0
3,2,62,5,6,2,0,22350,12,0.0
3,1,39,5,6,2,0,0,9,153.0
3,0,0,4,3,5,10,0,23,0.0
3,2,0,5,0,3,1,23152,19,15.0
3,2,77,5,6,1,1,0,21,36.0
3,1,23,5,5,3,0,22350,19,0.0
3,2,0,4,3,5,10,0,1,0.0
9,1,20,4,0,1,0,0,22,0.0
18,2,0,4,3,5,10,0,18,51.0
3,2,0,5,6,2,0,22350,0,140.0
3,1,34,5,0,3,0,0,14,0.0
3,1,40,5,5,5,0,22350,19,88.0
3,2,18,4,0,3,0,0,19,50.0
3,1,28,5,0,1,10,21804,14,350.0
6,1,38,5,3,5,3,22106,20,0.0
3,1,0,1,1,1,8,21651,21,230.0
3,1,34,5,0,2,0,21453,8,0.0
3,1,20,0,0,1,1,0,15,0.0
9,1,35,5,4,2,8,0,17,0.0
9,0,0,5,5,1,10,0,0,49.0
9,2,57,4,1,5,8,0,12,0.0
3,2,0,5,5,5,5,22101,15,0.0
3,1,50,5,5,5,1,0,13,0.0
3,0,0,4,3,5,10,0,10,0.0
3,1,34,5,1,3,0,22107,8,0.0
0,1,55,5,7,1,10,21202,14,0.0
3,0,0,5,3,2,10,0,19,50.0
3,2,51,4,5,5,8,0,19,0.0
9,7,28,5,5,3,0,22350,18,0.0
3,7,40,5,3,3,0,23152,20,750.0
8,1,29,5,0,1,0,0,7,0.0
3,2,0,5,0,5,10,22350,16,100.0
3,0,0,4,5,5,10,0,8,0.0
3,2,24,5,3,5,8,0,9,0.0
3,2,0,5,3,1,2,22107,18,108.0
3,2,53,4,5,3,10,0,17,119.0
3,0,0,5,6,2,10,0,5,65.0
3,5,65,4,1,1,2,0,7,60.0
9,1,46,5,5,1,8,0,11,0.0
3,1,72,5,6,5,5,21658,9,0.0
11,2,71,4,7,2,0,0,1,0.0
3,1,34,5,5,1,8,0,12,0.0
3,1,34,5,0,2,0,22450,16,0.0
3,1,0,5,6,2,10,0,17,262.0
0,1,35,0,3,5,10,21650,17,0.0
3,1,81,5,8,5,2,21950,19,0.0
3,2,0,4,5,5,10,0,8,0.0
3,7,35,5,5,2,0,22350,0,6.0
0,2,12,5,7,5,10,0,19,171.0
3,1,70,5,7,1,2,21950,18,0.0
3,2,42,5,2,2,2,22350,22,132.0
3,2,0,4,5,5,0,0,14,0.0
10,1,16,3,3,5,0,21954,15,0.0
14,2,24,5,8,5,0,0,8,0.0
3,0,0,5,6,1,10,0,3,30.0
3,0,0,5,5,3,10,0,0,35.0
9,2,0,4,5,5,0,22350,20,0.0
3,1,33,5,5,1,0,0,11,261.0
3,2,39,4,7,5,0,0,7,0.0
3,1,76,5,5,3,0,22350,12,0.0
3,1,44,5,1,3,2,0,15,0.0
3,0,0,5,3,1,10,0,2,317.0
3,1,71,5,0,1,10,0,18,0.0
9,1,46,5,0,2,2,21802,17,0.0
3,1,58,5,8,5,0,21950,14,303.0
3,2,0,5,5,1,1,22350,21,35.0
3,1,58,5,6,3,0,0,13,51.0
3,1,34,5,5,2,8,0,14,3.0
3,2,0,5,3,2,3,22106,19,20.0
10,1,78,5,8,5,10,0,9,0.0
3,0,0,5,6,1,10,0,17,305.0
3,2,22,4,6,1,0,0,13,0.0
3,2,56,5,0,2,10,0,12,0.0
3,1,63,5,5,5,10,0,20,655.0
3,1,38,5,0,2,0,0,9,0.0
7,1,0,5,3,1,0,0,16,0.0
3,1,53,3,3,1,10,0,6,160.0
3,1,17,5,1,3,0,0,17,0.0
10,1,19,5,8,5,10,0,14,0.0
3,1,44,5,0,5,2,0,18,0.0
3,1,44,5,5,1,8,0,15,75.0
3,1,17,3,8,5,0,0,17,39.0
3,2,23,4,0,5,0,0,20,51.0
9,2,0,5,0,3,0,22107,18,100.0
3,1,79,5,0,5,0,21453,11,0.0
3,7,37,5,3,1,3,22106,0,250.0
3,1,31,5,0,3,0,0,9,0.0
3,2,0,5,6,2,5,22350,19,51.0
3,2,0,5,5,5,10,20002,21,27.0
3,1,31,5,5,1,8,0,8,51.0
3,1,59,5,0,2,0,0,12,240.0
3,1,21,5,5,1,0,0,18,120.0
3,7,42,5,5,1,5,22107,16,211.0
3,2,0,5,3,5,10,0,2,50.0
3,1,66,5,6,2,0,0,16,0.0
3,1,16,5,0,2,8,0,19,45.0
3,6,0,5,5,1,0,22350,19,96.0
3,2,25,5,2,4,0,22350,1,27.0
3,0,0,5,3,1,10,0,20,10.0
9,1,52,5,3,5,10,21804,18,100.0
9,0,0,5,6,2,10,0,7,1000.0
3,2,36,0,3,5,10,0,14,600.0
3,1,57,5,6,1,10,22106,16,102.0
3,2,19,4,5,5,8,0,11,0.0
3,1,49,5,6,2,2,0,16,0.0
3,1,79,5,0,5,3,22106,14,84.0
3,1,67,5,0,2,0,0,18,0.0
3,1,43,5,6,1,0,21453,15,0.0
7,1,24,5,0,5,0,0,10,0.0
3,0,0,5,6,2,10,0,18,141.0
3,2,0,5,5,5,10,22350,14,0.0
9,1,35,5,6,1,0,0,2,88.0
10,2,77,4,8,5,10,0,21,17.0
3,0,0,5,3,2,10,0,19,120.0
3,0,0,5,3,2,10,0,22,115.0
3,7,59,5,5,1,10,23152,16,49.0
18,2,0,5,3,5,3,22106,20,0.0
3,7,54,5,5,2,0,22350,18,207.0
3,0,0,5,6,2,10,0,16,230.0
3,1,48,5,0,3,8,0,16,0.0
3,1,49,5,5,5,9,0,10,82.0
3,2,38,5,2,2,10,22350,3,52.0
3,2,47,5,5,1,8,0,16,160.0
3,2,25,5,6,1,5,21658,20,273.0
3,1,42,5,5,1,8,0,14,205.0
10,1,35,5,3,5,10,0,8,0.0
3,2,22,5,3,1,0,22350,7,0.0
3,2,24,4,5,1,8,0,16,51.0
3,1,59,5,0,3,0,0,14,0.0
3,2,0,4,5,5,0,0,17,51.0
10,1,68,5,8,5,0,0,19,0.0
3,1,66,5,5,2,8,0,19,100.0
3,1,43,5,5,2,0,0,17,185.0
3,5,56,5,0,2,2,0,12,0.0
3,0,0,5,6,1,10,0,18,31.0
3,1,59,5,5,5,8,0,10,0.0
3,2,0,4,6,5,10,0,10,0.0
3,0,0,4,6,5,10,0,12,0.0
3,1,25,0,7,5,0,0,17,0.0
3,0,0,5,5,1,10,0,23,620.0
3,2,58,5,6,3,8,0,16,49.0
3,2,61,6,0,5,2,0,8,0.0
10,2,22,4,8,5,10,0,22,0.0
13,1,40,5,5,5,8,0,8,0.0
3,1,40,5,0,1,0,0,17,0.0
8,2,59,5,2,1,5,22107,14,0.0
3,0,0,5,6,1,10,0,21,108.0
3,2,33,4,5,5,8,0,11,0.0
3,1,26,5,1,3,0,0,17,0.0
10,1,41,5,8,5,10,0,19,402.0
3,2,34,5,1,3,0,0,23,118.0
10,2,96,3,8,5,0,21955,20,0.0
3,1,52,5,3,5,10,0,15,500.0
3,6,0,5,3,5,2,20002,15,0.0
3,1,18,5,0,3,10,22350,14,150.0
3,2,0,4,1,5,8,0,16,0.0
3,1,25,5,5,1,8,0,17,43.0
3,2,22,5,1,2,0,0,21,0.0
3,0,0,5,6,3,10,0,2,263.0
3,0,0,4,3,5,10,0,12,0.0
9,0,0,4,3,5,10,0,18,160.0
3,7,24,5,2,2,10,22350,18,250.0
3,2,21,5,5,1,8,0,20,0.0
3,2,0,5,3,5,2,20002,17,0.0
9,0,0,4,1,5,10,0,0,0.0
3,2,41,5,3,5,8,0,16,0.0
3,1,50,5,6,1,2,21801,21,0.0
3,1,64,4,5,1,10,0,1,0.0
3,0,0,4,3,3,10,0,12,0.0
0,1,24,4,3,5,0,0,22,0.0
9,0,0,5,6,1,10,0,20,250.0
3,0,0,5,3,2,10,0,15,271.0
3,1,32,5,1,3,2,22107,11,236.0
3,2,0,5,2,5,0,22350,0,26.0
3,1,0,5,3,3,2,0,4,0.0
3,5,17,5,0,3,2,21801,20,0.0
3,1,29,5,2,2,10,22100,4,25.0
3,2,27,5,1,3,2,22350,19,0.0
3,0,0,5,6,2,10,0,17,175.0
3,2,0,4,0,5,10,0,13,51.0
3,1,0,5,0,3,2,24250,21,0.0
3,1,23,5,2,3,0,21650,21,94.0
3,2,0,5,6,5,0,22350,19,109.0
3,0,0,5,1,5,10,0,10,82.0
8,1,30,5,0,5,2,22107,11,0.0
3,1,24,5,5,3,5,22350,19,340.0
18,2,0,4,0,5,10,0,10,0.0
3,0,0,5,3,2,10,0,6,215.0
3,0,0,5,0,1,10,0,8,587.0
3,2,29,4,5,5,8,0,9,0.0
3,1,19,5,5,5,0,22350,14,231.0
3,7,19,5,3,3,10,22107,20,258.0
3,0,0,4,6,5,10,0,15,0.0
9,2,53,5,0,3,2,22107,5,0.0
18,0,0,4,6,5,10,0,19,51.0
3,2,0,5,8,5,0,22350,6,0.0
3,1,57,5,5,1,8,0,18,506.0
3,1,0,5,5,5,0,20002,16,0.0
3,0,0,5,3,2,10,0,17,225.0
3,2,21,4,6,5,2,0,12,0.0
3,2,53,4,1,5,2,0,6,0.0
3,0,0,5,6,3,10,0,7,113.0
3,2,33,4,0,5,0,0,22,0.0
3,0,0,4,3,5,10,0,21,60.0
3,0,0,4,0,5,10,0,6,0.0
3,2,82,5,0,2,0,0,9,81.0
0,1,16,5,3,5,0,0,16,0.0
3,2,0,5,5,1,0,22350,0,40.0
2,0,0,5,3,1,10,0,20,10.0
3,1,34,5,0,2,10,21804,16,300.0
0,1,51,0,7,5,0,21456,17,38.0
9,1,0,5,3,1,8,0,13,0.0
3,7,41,5,1,3,10,23153,17,0.0
3,7,50,5,5,3,0,22350,19,0.0
3,2,0,5,0,5,0,21802,20,0.0
3,1,32,4,0,2,0,0,10,0.0
3,2,0,4,6,5,5,0,11,0.0
3,1,23,0,7,1,1,0,13,0.0
9,2,0,4,2,5,10,0,18,51.0
18,2,0,5,3,5,2,22350,7,32.0
3,2,43,4,0,5,2,0,18,0.0
3,2,30,5,1,2,1,0,8,0.0
0,8,17,0,3,5,10,21202,16,100.0
3,7,20,5,3,3,0,23152,2,0.0
18,2,0,4,6,5,10,0,2,350.0
3,1,62,5,1,1,8,0,15,0.0
3,2,0,5,3,1,3,22107,22,51.0
3,0,0,5,5,1,10,0,22,42.0
9,2,0,5,5,5,2,22107,19,183.0
4,0,0,5,7,5,10,0,18,0.0
3,2,31,5,5,1,0,0,16,0.0
3,0,0,5,3,3,10,0,2,196.0
3,0,0,5,3,1,10,0,17,0.0
18,1,34,5,5,1,8,0,7,0.0
3,2,18,5,0,3,0,21453,1,0.0
9,1,40,5,5,5,2,0,15,180.0
3,2,47,5,1,5,2,0,12,0.0
0,2,20,5,3,1,0,0,8,75.0
3,1,63,5,5,2,8,0,22,56.0
17,1,44,5,5,3,8,0,0,32.0
3,5,24,5,3,2,5,22107,22,300.0
3,2,0,5,6,5,0,22107,12,276.0
3,1,30,5,5,2,0,21703,13,0.0
3,2,54,5,3,5,0,0,17,0.0
10,2,32,5,8,5,10,0,14,0.0
3,2,0,4,1,5,0,0,14,0.0
3,1,42,3,3,1,0,0,15,165.0
3,1,37,5,0,4,0,21461,10,0.0
3,0,0,5,6,2,10,0,22,160.0
18,2,0,5,0,5,0,20002,9,0.0
3,0,0,5,6,2,10,0,3,141.0
9,2,0,4,3,5,0,0,15,51.0
3,2,0,5,5,5,0,20002,15,0.0
18,2,0,4,3,5,10,0,1,0.0
0,2,43,5,7,5,0,0,12,200.0
18,2,0,4,3,5,10,0,1,0.0
3,2,0,6,0,5,0,0,13,0.0
3,2,39,5,5,1,8,0,15,0.0
3,1,35,5,6,2,0,0,13,274.0
9,2,0,5,5,5,0,22350,12,0.0
3,2,23,5,5,3,8,0,12,140.0
10,2,51,3,8,5,10,21954,20,0.0
3,1,33,5,0,1,8,0,20,0.0
3,0,0,5,0,1,10,0,21,180.0
3,0,0,5,5,3,10,0,15,184.0
3,1,60,5,0,2,0,0,7,85.0
3,2,28,4,1,5,0,0,0,0.0
3,0,0,5,6,1,10,0,16,30.0
3,1,41,5,1,3,0,0,21,155.0
3,2,16,5,0,2,0,0,15,0.0
3,1,19,5,0,3,2,0,20,0.0
3,1,40,5,0,3,0,0,19,0.0
3,1,32,5,6,1,0,0,17,45.0
3,0,0,5,6,2,10,0,1,36.0
3,2,0,5,2,2,0,22350,22,40.0
3,0,0,4,3,5,10,0,12,0.0
3,1,36,5,2,3,0,22350,5,834.0
3,1,47,5,0,2,0,0,14,0.0
3,2,0,4,5,5,0,0,2,0.0
3,1,45,2,1,1,0,0,14,0.0
3,1,23,5,0,2,0,0,3,0.0
3,2,0,4,6,5,10,0,11,51.0
3,2,19,4,5,5,8,0,15,0.0
3,1,34,5,5,1,0,21703,21,108.0
9,1,44,5,3,1,0,22107,22,60.0
3,1,27,5,5,1,0,22350,14,0.0
3,2,0,4,6,5,8,0,11,51.0
3,0,0,5,1,2,10,0,1,128.0
3,2,0,4,6,5,1,0,18,0.0
3,1,46,5,2,2,10,22350,1,36.0
3,0,0,4,3,5,10,0,20,0.0
3,7,20,5,5,1,0,22350,16,405.0
7,1,47,2,0,5,0,0,9,0.0
3,2,60,4,5,5,8,0,15,51.0
3,1,80,5,8,5,2,22107,9,0.0
3,1,73,5,3,2,2,0,17,0.0
3,1,47,5,6,1,2,0,1,0.0
3,1,55,5,5,1,8,0,11,48.0
3,1,19,5,0,2,0,0,12,150.0
18,2,0,4,5,5,10,0,11,51.0
18,2,0,5,3,5,10,0,0,0.0
3,1,38,5,0,3,0,0,16,0.0
0,2,26,4,7,3,10,0,16,0.0
0,1,14,0,3,5,0,22450,7,0.0
18,2,0,4,5,5,8,0,16,0.0
1,2,0,5,3,5,0,22517,14,264.0
0,1,18,5,3,5,10,21650,12,20.0
3,1,59,5,5,2,0,22350,14,240.0
3,1,59,5,6,1,5,22107,18,31.0
3,7,21,5,0,3,0,23153,2,0.0
3,0,0,4,2,5,10,0,8,0.0
3,2,71,4,5,5,8,0,18,0.0
3,2,0,4,3,5,3,0,15,51.0
3,1,38,5,5,2,1,0,12,1250.0
3,1,59,5,5,5,10,0,16,0.0
3,0,0,5,3,2,10,0,22,0.0
3,7,23,5,3,3,10,21755,21,233.0
9,2,43,5,0,3,8,0,0,0.0
3,2,0,5,0,5,2,21453,10,20.0
3,2,0,4,8,5,2,0,8,0.0
3,1,24,5,0,3,1,21802,18,0.0
3,0,0,5,2,2,10,0,16,511.0
3,1,21,4,3,5,0,0,23,0.0
0,1,38,0,7,5,0,21456,9,0.0
9,1,46,5,0,3,0,21453,11,0.0
3,1,22,5,3,2,10,22515,0,108.0
3,1,53,5,5,1,0,0,6,904.0
3,1,22,5,0,3,0,0,15,0.0
3,2,0,5,5,3,0,20002,9,10.0
3,2,20,5,0,3,2,21801,21,0.0
3,1,30,5,2,3,10,22350,17,155.0
3,2,0,5,6,5,5,21658,7,30.0
6,0,0,5,6,1,10,0,1,75.0
3,1,50,5,0,3,2,0,20,0.0
3,1,39,5,5,2,0,21703,15,343.0
3,2,0,4,6,5,1,0,17,0.0
3,2,30,5,0,3,0,22450,11,0.0
9,7,33,5,3,2,1,23152,21,0.0
3,2,0,4,6,5,0,0,17,0.0
3,1,61,0,7,1,0,0,17,0.0
3,1,41,6,5,5,0,22350,8,0.0
3,1,24,5,0,3,0,21453,14,0.0
3,1,62,5,0,2,0,0,15,0.0
10,1,57,5,3,5,0,0,17,0.0
3,2,0,5,2,4,10,22350,23,228.0
3,1,22,5,1,3,0,0,23,0.0
3,1,31,5,5,1,8,0,21,81.0
3,2,0,5,6,2,0,20002,23,140.0
3,1,23,5,0,1,0,0,13,0.0
0,2,38,4,3,5,0,0,17,0.0
3,1,28,5,6,1,0,0,23,51.0
18,2,0,4,5,5,10,0,23,0.0
3,2,20,4,6,5,3,0,10,51.0
3,2,32,5,0,3,1,22350,13,0.0
3,1,61,5,0,2,0,0,12,202.0
3,1,24,5,0,2,0,0,11,51.0
3,1,35,5,1,3,2,0,21,0.0
18,2,0,4,6,5,10,0,9,51.0
3,1,47,5,0,1,1,22107,19,350.0
18,2,0,4,3,5,10,0,7,0.0
18,2,0,4,5,5,0,0,15,0.0
3,1,66,5,6,2,10,21804,7,210.0
3,1,53,5,3,2,8,0,15,70.0
3,2,61,4,6,5,0,0,18,0.0
0,1,76,5,7,5,0,0,8,0.0
3,1,42,5,5,2,5,21658,12,520.0
18,2,0,4,5,5,10,0,0,8.0
6,0,0,5,0,1,10,0,10,260.0
3,1,27,5,0,2,0,0,8,210.0
3,2,24,0,3,1,1,0,22,0.0
3,1,67,5,0,3,0,0,6,0.0
3,2,0,5,2,5,0,22350,6,954.0
3,1,29,5,0,3,8,0,7,0.0
3,2,62,5,5,1,8,0,10,63.0
3,1,16,5,6,3,2,21801,22,0.0
9,0,0,4,3,1,10,0,0,50.0
3,0,51,4,6,5,10,0,1,51.0
18,2,0,4,5,5,8,0,19,51.0
3,0,0,4,3,2,10,0,22,25.0
3,1,54,5,5,3,8,0,17,75.0
3,1,23,5,5,3,1,21800,17,0.0
18,2,0,4,3,5,3,22106,16,87.0
10,1,51,5,8,5,10,0,17,0.0
3,2,0,5,5,5,0,22350,16,0.0
3,1,75,5,3,5,0,21663,20,345.0
3,1,31,4,3,5,1,0,18,0.0
3,1,0,5,2,3,2,22350,6,45.0
18,2,0,4,5,5,1,0,12,0.0
3,2,19,5,1,1,8,0,16,0.0
9,0,0,5,0,5,10,0,12,44.0
3,0,0,5,3,3,10,0,2,259.0
3,0,0,5,3,2,10,0,0,40.0
3,0,0,5,5,3,10,0,23,245.0
18,2,0,4,3,5,10,0,10,0.0
3,0,0,5,6,1,10,0,0,258.0
9,2,32,5,5,3,8,0,17,180.0
3,2,58,5,0,3,0,0,20,1400.0
3,2,0,5,5,3,0,22350,20,1180.0
3,1,29,5,5,2,0,22350,18,100.0
10,2,41,5,8,5,10,0,5,0.0
10,5,39,5,3,5,0,0,21,0.0
3,2,36,4,0,5,0,0,18,0.0
10,1,48,4,3,5,10,0,14,0.0
0,1,25,4,3,5,0,0,11,125.0
3,0,0,5,3,1,10,0,20,0.0
3,1,36,4,3,2,10,22107,2,60.0
3,2,22,4,6,5,0,0,13,51.0
3,2,29,4,5,5,8,0,17,210.0
6,2,0,5,6,1,8,0,20,44.0
3,2,41,4,0,5,0,0,20,51.0
3,2,0,5,5,1,1,21703,14,11.0
3,1,16,5,0,3,0,0,21,0.0
9,2,0,4,6,5,0,0,19,94.0
3,8,19,5,1,3,1,22107,1,0.0
3,2,0,5,0,5,0,21453,10,0.0
3,7,25,5,2,3,0,22107,5,26.0
0,7,47,5,7,3,0,0,10,0.0
18,2,0,4,6,5,0,0,7,51.0
3,1,18,5,0,2,2,0,22,0.0
3,1,27,5,1,3,0,0,20,0.0
3,2,21,5,1,1,2,21801,14,0.0
3,2,46,5,6,1,0,0,19,400.0
3,1,33,5,5,5,8,0,17,158.0
3,1,67,5,5,5,8,0,8,40.0
3,0,0,5,3,2,10,0,21,145.0
3,2,0,4,5,5,0,0,14,200.0
3,2,53,4,5,5,8,0,17,0.0
3,1,17,5,5,2,10,22350,18,200.0
3,1,23,5,5,2,0,22350,17,225.0
3,2,25,5,5,1,8,0,18,0.0
18,6,0,5,3,5,1,21949,8,0.0
3,0,0,5,3,1,10,0,22,106.0
1,1,50,5,3,5,1,21950,8,0.0
9,2,0,4,6,5,1,0,19,0.0
0,1,33,5,7,5,10,0,18,0.0
3,1,52,5,6,2,0,21703,10,140.0
3,2,0,4,5,5,0,0,15,51.0
3,2,63,5,1,2,8,0,13,405.0
3,1,75,5,3,5,1,0,11,10.0
3,0,0,5,6,1,10,0,0,163.0
3,0,0,5,3,2,10,0,13,0.0
3,2,0,5,2,3,10,21663,7,117.0
3,7,27,5,2,3,1,21461,15,0.0
3,0,0,4,3,5,10,0,2,0.0
3,0,0,5,3,2,10,0,1,82.0
3,1,0,5,0,3,0,0,19,0.0
3,1,22,5,5,1,8,12500,8,0.0
3,0,0,5,8,3,10,0,1,232.0
3,7,45,5,6,2,0,23152,3,400.0
3,1,49,5,6,2,3,22106,15,172.0
3,2,48,4,5,5,0,0,15,51.0
3,0,0,4,2,5,10,0,10,51.0
9,1,28,5,3,3,2,21651,10,0.0
3,2,31,5,0,2,0,0,20,0.0
3,1,50,5,0,1,2,22107,6,246.0
18,2,0,5,3,5,10,0,23,0.0
3,2,0,5,6,5,1,22107,2,36.0
3,1,41,4,0,1,0,0,2,22.0
3,1,55,5,0,2,10,21804,14,376.0
3,1,24,5,1,3,10,22350,18,88.0
9,1,21,5,1,2,2,21453,11,0.0
6,1,0,4,2,1,0,0,8,0.0
3,1,20,5,0,1,0,0,21,0.0
3,1,32,5,0,2,0,0,7,0.0
3,1,29,5,5,2,0,22350,17,45.0
3,2,0,5,0,5,2,21801,16,0.0
3,1,25,5,7,1,1,21804,5,73.0
9,2,46,4,6,1,10,0,16,51.0
3,2,26,4,1,5,0,0,19,0.0
3,1,32,5,0,3,0,0,18,0.0
3,1,47,5,0,2,0,0,21,0.0
3,1,21,5,3,3,5,0,8,584.0
9,0,0,4,6,2,10,0,13,51.0
10,1,27,5,8,5,10,0,17,380.0
3,1,47,5,0,2,0,0,7,0.0
3,1,38,4,5,2,8,0,9,96.0
3,1,43,5,0,1,2,0,5,0.0
3,1,37,5,5,1,8,0,19,20.0
3,7,71,4,1,5,2,0,11,0.0
3,1,18,5,0,2,0,21651,19,0.0
9,2,0,5,3,5,0,22107,18,0.0
3,1,55,5,5,1,8,0,17,20.0
9,2,64,4,0,5,2,0,5,0.0
0,1,16,0,3,5,10,21650,17,200.0
3,2,0,5,5,1,2,22350,16,21.0
3,0,0,5,2,1,10,0,0,18.0
3,0,0,5,3,2,10,0,18,0.0
18,2,0,4,6,5,10,0,22,51.0
3,5,26,5,6,1,8,0,17,790.0
3,1,38,5,1,2,10,21651,19,16.0
3,1,20,5,3,1,0,22107,15,800.0
3,1,37,5,5,3,0,0,16,257.0
3,0,0,4,6,5,10,0,8,51.0
18,2,0,5,5,5,0,22350,2,0.0
3,1,65,5,0,2,2,0,10,0.0
3,1,65,4,5,2,8,0,19,0.0
3,1,52,5,5,3,8,0,0,10.0
18,2,0,4,3,5,10,0,8,0.0
3,7,23,5,3,3,0,22350,23,200.0
9,2,0,4,3,5,0,0,8,51.0
10,6,49,3,0,5,10,21954,22,0.0
3,0,0,5,6,2,10,0,21,0.0
3,1,36,5,5,5,8,0,13,0.0
9,2,41,5,5,5,0,22350,11,25.0
9,2,0,4,6,5,9,0,0,51.0
3,0,0,5,3,3,10,0,23,420.0
3,2,16,5,0,3,2,0,10,1095.0
3,2,21,5,2,3,10,22107,1,201.0
3,1,22,3,8,1,0,0,19,99.0
3,1,22,4,6,5,0,0,20,0.0
3,2,21,5,0,3,2,22107,18,0.0
9,2,0,5,5,2,0,22350,19,0.0
3,0,0,4,3,5,10,0,11,0.0
3,1,25,5,0,3,2,21802,16,0.0
9,7,32,5,3,1,1,22350,0,21.0
3,2,0,5,2,5,2,21453,2,50.0
10,1,24,6,8,5,10,0,20,143.0
3,0,0,5,0,5,10,0,6,93.0
3,1,59,5,0,3,0,0,18,0.0
0,2,30,0,7,5,0,22350,21,41.0
3,0,0,5,5,1,10,0,1,359.0
3,0,0,5,3,2,10,0,0,101.0
3,1,54,2,1,1,0,0,21,0.0
3,6,0,5,2,1,2,22350,10,23.0
3,1,29,5,0,1,0,0,22,0.0
3,2,30,5,5,1,0,22350,19,0.0
3,1,28,5,0,2,0,0,19,88.0
0,1,73,0,1,1,0,21650,7,0.0
3,1,36,5,0,1,0,0,17,0.0
3,1,53,5,5,1,8,0,17,20.0
3,1,21,5,2,2,0,22350,23,0.0
3,0,0,4,1,5,10,0,12,0.0
9,0,0,5,5,2,10,0,16,100.0
9,1,55,5,6,1,0,0,8,51.0
3,1,24,5,5,1,8,0,18,100.0
3,6,0,5,3,5,1,21950,0,8.0
17,0,0,5,0,1,10,0,23,179.0
3,1,18,5,0,2,2,21801,6,0.0
3,2,0,3,3,5,0,0,15,0.0
3,2,0,4,1,5,2,0,23,0.0
9,2,47,4,3,5,3,0,9,30.0
3,1,43,4,0,2,10,0,9,0.0
3,1,20,5,0,3,0,21453,13,0.0
3,2,20,5,6,4,10,22107,22,177.0
3,2,27,4,5,5,0,0,18,51.0
3,1,45,5,0,2,8,0,19,33.0
3,7,57,5,6,3,0,23152,21,44.0
18,2,0,5,6,5,10,22107,8,92.0
10,2,16,5,3,5,0,0,7,0.0
3,2,0,4,2,3,0,0,1,20.0
3,2,0,4,0,5,0,0,13,0.0
0,1,61,0,0,5,0,21650,13,0.0
0,2,0,4,7,5,0,0,7,0.0
3,1,58,5,5,1,0,22350,15,113.0
3,2,0,5,5,5,0,0,7,37.0
18,2,0,4,3,5,10,0,2,0.0
3,0,0,4,0,5,10,0,9,51.0
9,1,27,5,2,5,0,22107,22,45.0
8,2,47,4,4,1,0,0,17,0.0
3,1,60,5,5,1,0,22350,10,110.0
0,1,11,5,8,5,10,0,18,0.0
3,1,0,5,1,3,0,0,23,0.0
3,2,19,4,5,5,3,0,12,55.0
3,1,28,5,5,1,2,0,20,0.0
3,1,27,5,5,1,8,0,17,0.0
3,1,22,5,5,2,0,22350,7,0.0
9,2,34,5,3,5,2,21950,20,0.0
9,2,0,5,3,5,3,22350,17,95.0
3,1,36,5,0,3,0,21453,12,0.0
9,2,0,5,6,5,5,22107,14,210.0
3,2,52,5,6,2,0,0,9,0.0
0,1,76,5,3,1,10,0,12,550.0
3,2,0,4,6,5,1,0,18,0.0
0,1,26,5,3,5,10,21650,8,39.0
10,1,15,5,3,5,0,0,7,0.0
3,1,30,5,0,3,0,22450,6,0.0
9,0,0,5,3,3,10,0,9,153.0
3,1,45,5,5,1,8,0,17,165.0