PartyType_Code,Sobriety_Code,Age,PrimaryCollisionFactor_Code,CollisionType_Code,VehicleDamage_Code,MovementPrecedingCollision_Code,ViolationCode,CrashTime,Distance
3,0,25,4,6,5,10,0,9,51.0
3,0,0,5,6,1,10,0,8,290.0
3,1,26,5,0,3,1,21801,12,500.0
9,2,0,5,5,5,0,22350,18,75.0
3,1,42,5,0,3,0,0,9,0.0
3,1,46,5,0,2,0,0,10,0.0
3,1,38,5,0,3,0,0,19,0.0
3,1,30,5,0,3,1,0,3,0.0
3,1,42,5,5,1,8,0,11,150.0
3,0,0,5,5,1,10,0,16,35.0
6,1,34,5,5,1,8,0,15,100.0
3,2,0,4,5,5,1,0,13,0.0
3,1,54,5,0,1,0,0,8,0.0
9,1,36,4,3,3,0,0,7,0.0
3,1,18,5,5,1,0,22350,7,0.0
3,0,0,5,3,1,10,0,20,140.0
3,2,44,4,5,5,0,0,18,0.0
3,2,0,4,6,5,2,0,15,0.0
3,1,36,5,5,1,8,0,18,57.0
3,1,41,5,1,3,10,0,22,0.0
17,2,0,4,5,5,0,0,14,0.0
3,1,74,5,1,1,0,0,14,150.0
3,2,40,5,5,2,0,22350,8,338.0
3,1,61,0,7,5,0,0,14,132.0
3,1,34,5,1,5,2,0,14,0.0
3,2,45,4,5,5,8,0,0,0.0
3,2,27,5,7,5,2,22107,15,0.0
3,2,0,4,8,5,8,0,8,0.0
3,0,0,5,3,2,10,0,2,100.0
3,1,47,0,1,1,1,0,7,0.0
3,0,0,5,5,3,10,0,0,273.0
3,2,32,5,5,5,0,22350,8,0.0
3,2,0,4,5,5,0,0,7,0.0
3,1,26,4,5,1,10,0,16,0.0
1,1,52,5,3,1,0,0,7,527.0
9,2,0,5,6,2,10,22350,23,62.0
3,2,30,4,5,5,0,0,11,0.0
13,2,32,4,6,5,2,0,10,0.0
10,2,58,3,8,5,10,21954,20,345.0
10,2,56,5,8,5,0,0,11,0.0
3,2,0,4,5,1,0,0,15,0.0
3,5,22,5,5,2,0,22350,13,133.0
0,1,16,0,7,5,0,22350,15,0.0
3,0,0,5,3,1,10,0,6,215.0
3,1,28,5,5,2,8,0,17,0.0
6,1,0,5,5,1,3,22106,23,96.0
3,1,47,5,0,5,10,21804,11,0.0
13,2,0,4,6,5,10,0,0,51.0
3,1,39,4,5,1,8,22350,16,0.0
3,1,51,5,0,2,10,22100,6,16.0
9,1,64,5,3,2,10,22107,13,50.0
9,2,51,5,7,5,0,22350,7,126.0
3,1,17,5,5,1,0,22350,13,47.0
3,5,20,5,4,4,0,22350,16,15.0
3,2,43,4,5,3,0,0,7,0.0
18,2,0,5,7,5,0,22350,11,0.0
9,2,0,5,5,1,8,0,12,31.0
3,0,0,5,6,3,10,0,0,227.0
3,0,0,5,5,2,10,0,23,312.0
3,7,47,5,6,1,0,22107,18,482.0
3,1,27,4,6,1,0,0,7,0.0
3,2,0,5,0,3,10,20002,12,90.0
3,2,0,5,5,5,0,22350,10,0.0
3,2,34,5,3,5,10,0,21,0.0
18,2,0,4,3,5,0,23103,0,0.0
18,2,0,4,0,5,3,0,13,50.0
3,2,56,5,2,3,5,21658,20,0.0
17,0,0,5,3,1,10,0,7,0.0
9,7,25,5,6,3,0,23152,22,395.0
9,0,0,5,6,1,10,0,10,51.0
3,1,20,5,1,2,0,22350,21,20.0
9,1,29,5,6,2,10,0,5,107.0
3,1,35,5,0,5,0,0,16,0.0
18,2,0,4,6,5,0,0,23,0.0
3,0,0,4,2,5,10,0,10,35.0
3,1,25,4,3,2,10,21755,10,536.0
3,2,0,4,3,2,0,20002,17,0.0
3,2,31,4,6,5,2,0,11,0.0
3,1,26,5,0,3,0,0,18,0.0
3,1,61,5,0,2,0,0,18,38.0
3,2,0,5,6,5,0,0,22,310.0
3,1,44,5,3,1,0,22350,17,211.0
0,1,14,4,7,5,0,0,8,0.0
9,2,0,4,8,5,9,0,12,51.0
3,1,43,5,5,2,8,0,23,0.0
3,1,17,5,0,3,0,22107,22,130.0
18,2,0,5,6,5,10,0,8,0.0
3,2,0,5,0,5,0,21453,10,0.0
3,1,27,5,0,3,0,0,19,0.0
3,1,67,5,7,1,2,21949,9,0.0
3,2,0,1,2,2,0,1,2,0.0
3,1,36,5,5,3,8,0,17,540.0
6,0,0,5,5,1,10,0,20,400.0
3,2,66,4,5,5,8,0,12,0.0
18,2,0,5,1,5,0,22350,5,500.0
3,2,26,5,5,3,0,22350,23,0.0
3,2,0,4,5,5,0,0,1,0.0
3,2,0,4,6,5,0,0,18,0.0
3,1,23,5,3,1,8,0,13,10.0
3,1,55,5,6,1,2,0,19,0.0
18,2,0,4,3,1,0,22350,22,0.0
3,1,26,5,1,2,0,0,18,177.0
3,1,46,5,0,3,0,21453,23,0.0
3,1,47,5,0,3,2,21453,20,0.0
3,1,35,5,1,2,2,0,13,0.0
3,1,28,5,0,2,0,21453,9,0.0
3,1,30,5,0,3,0,0,21,0.0
3,1,21,5,6,1,0,0,20,46.0
3,0,0,5,6,1,10,0,3,0.0
3,2,30,4,5,3,1,0,19,0.0
3,2,41,5,0,3,0,0,22,0.0
18,2,0,4,5,5,0,0,17,0.0
3,2,0,4,3,5,8,0,17,0.0
3,1,27,5,5,2,10,0,19,619.0
15,2,30,5,6,1,0,0,20,0.0
3,0,0,5,6,1,10,0,14,51.0
3,2,0,5,6,5,1,22107,17,0.0
3,1,32,5,5,1,0,22350,11,0.0
3,2,25,5,2,3,1,22107,1,128.0
9,1,79,5,5,1,0,22350,13,15.0
3,1,41,5,5,1,0,22350,14,0.0
3,1,44,5,0,5,0,0,7,0.0
3,1,20,5,1,3,0,21453,15,0.0
3,2,37,5,2,1,3,22106,1,295.0
3,2,0,4,6,5,2,0,7,0.0
3,1,24,5,1,3,10,22350,21,340.0
9,1,54,5,6,5,0,0,14,135.0
9,1,31,5,0,1,8,0,13,0.0
3,1,44,5,5,5,0,22350,17,0.0
3,1,45,5,5,5,8,0,18,0.0
9,0,0,5,3,2,10,0,21,0.0
18,2,0,5,3,5,10,0,8,0.0
3,1,30,5,5,5,10,0,21,0.0
3,2,18,5,5,1,0,21658,10,120.0
9,1,67,5,5,2,0,22350,17,0.0
8,1,40,4,3,2,0,0,20,0.0
3,2,19,4,5,5,8,0,20,0.0
3,2,0,4,6,5,10,0,13,51.0
3,1,64,4,0,3,0,0,10,0.0
3,2,0,5,0,5,5,21658,9,234.0
3,1,21,5,3,5,0,0,18,50.0
3,1,49,5,5,2,0,0,13,20.0
3,2,0,5,5,3,0,23103,4,246.0
11,5,34,5,7,5,1,0,20,52.0
3,1,50,5,1,1,0,0,19,0.0
9,2,55,4,0,3,0,0,7,0.0
3,1,18,5,1,2,0,0,12,0.0
3,1,42,5,0,3,2,21453,18,0.0
3,1,24,5,0,2,1,21658,8,0.0
3,2,0,4,5,5,8,0,15,0.0
3,1,20,5,0,3,0,0,20,0.0
3,0,0,5,1,3,10,0,21,55.0
3,1,21,3,3,5,0,0,15,0.0
8,2,24,5,0,3,0,21453,16,0.0
3,1,41,5,0,3,0,0,14,36.0
6,1,32,4,5,1,0,22350,12,36.0
18,2,0,4,5,5,1,0,10,0.0
3,7,29,5,8,5,10,22107,20,287.0
3,1,30,5,3,2,0,22350,9,0.0
9,0,0,5,6,5,10,0,23,80.0
3,0,0,5,6,1,10,0,1,175.0
10,1,74,5,1,5,10,0,15,0.0
3,1,18,5,3,2,0,23109,12,528.0
3,2,0,5,3,3,0,22350,21,0.0
3,2,66,4,0,5,0,0,14,0.0
3,1,58,5,7,5,1,22350,12,331.0
3,1,38,5,0,2,8,0,8,0.0
3,0,0,5,6,1,10,0,23,50.0
3,1,41,5,0,2,0,0,15,0.0
3,1,63,5,8,5,2,21801,12,18.0
3,2,0,4,5,5,1,0,17,0.0
3,1,46,5,0,5,2,0,13,0.0
3,1,58,4,5,1,0,0,16,0.0
3,1,42,5,0,3,10,22106,14,50.0
3,0,0,5,0,1,10,0,21,343.0
3,2,56,4,6,5,2,0,0,0.0
3,1,52,3,8,5,0,0,14,0.0
3,2,0,5,6,3,0,22350,21,115.0
3,2,48,1,0,3,0,1,8,0.0
3,1,44,5,0,2,0,0,18,0.0
3,1,41,5,6,1,1,0,4,0.0
3,2,21,4,0,3,0,21453,19,0.0
3,1,68,5,5,3,10,0,19,0.0
3,1,44,5,5,1,8,0,16,0.0
3,1,55,5,6,1,8,0,11,0.0
6,1,32,5,0,1,0,0,16,0.0
3,1,50,5,0,3,10,21804,13,282.0
3,7,47,5,5,1,0,22350,20,170.0
9,4,26,5,3,2,10,21650,8,0.0
0,2,0,4,3,5,0,0,7,0.0
6,1,26,5,6,3,0,0,0,0.0
3,2,46,4,5,5,8,0,8,0.0
18,6,0,5,5,5,0,0,15,60.0
3,8,58,5,6,3,0,23152,23,109.0
3,2,60,5,2,3,10,22107,6,414.0
18,2,0,5,3,5,10,22107,9,0.0
3,2,34,4,5,5,8,0,11,0.0
3,1,41,5,0,3,0,0,20,0.0
3,2,35,5,6,2,10,22107,9,0.0
3,1,30,0,7,5,1,0,16,0.0
3,2,0,5,5,5,0,22350,0,69.0
18,2,0,4,5,5,0,0,7,51.0
3,1,71,5,5,1,8,0,15,130.0
13,1,54,5,5,5,1,22107,1,409.0
3,1,38,5,1,2,0,0,15,0.0
3,1,66,5,6,5,10,21804,18,0.0
18,2,0,5,1,5,0,22350,0,110.0
18,2,0,4,6,5,10,0,17,51.0
3,2,0,4,5,5,0,0,14,0.0
3,0,0,5,6,2,10,0,12,84.0
3,1,18,5,0,3,2,0,19,0.0
3,1,27,5,0,3,0,21453,19,0.0
3,2,0,5,3,5,3,22106,15,410.0
13,2,0,5,3,5,2,22107,10,0.0
3,1,44,4,0,2,0,0,15,0.0
3,1,47,0,7,5,0,0,17,0.0
10,1,7,5,3,5,9,0,19,0.0
3,1,51,5,0,5,0,0,17,0.0
18,2,0,4,6,5,0,0,12,125.0
3,1,15,5,2,3,10,22350,20,18.0
3,2,18,5,1,1,10,22107,23,270.0
3,0,0,5,1,2,10,0,15,20.0
3,0,0,5,3,3,10,0,2,115.0
3,2,49,4,5,5,1,0,19,0.0
9,2,63,4,5,3,0,0,18,0.0
3,2,29,5,5,1,0,22350,11,144.0
3,0,0,4,5,3,10,0,13,159.0
18,2,0,4,3,5,10,0,5,0.0
3,0,0,4,3,5,10,0,2,0.0
17,0,46,5,1,1,10,0,13,0.0
18,2,0,5,3,5,0,0,12,0.0
18,2,0,4,3,5,10,0,5,51.0
3,2,54,5,2,2,0,22107,12,0.0
3,1,25,5,5,2,8,0,17,0.0
3,1,25,5,6,1,0,0,13,0.0
9,1,49,4,6,5,5,21658,12,0.0
3,0,0,4,6,5,10,0,12,457.0
0,2,14,0,0,5,0,21200,21,0.0
3,0,0,4,6,5,10,0,13,51.0
3,0,0,5,3,2,10,0,19,425.0
3,7,49,5,5,2,10,23152,1,78.0
18,1,17,5,0,2,0,21804,14,0.0
3,1,68,5,5,1,8,0,11,0.0
3,2,0,4,5,5,0,0,8,51.0
3,1,22,5,5,3,0,22350,17,380.0
3,2,56,4,6,5,1,0,12,0.0
3,0,0,5,6,1,10,0,23,50.0
3,1,42,5,0,3,8,0,17,0.0
9,1,52,5,0,1,1,22350,15,0.0
3,1,47,5,5,3,8,0,19,0.0
3,2,40,4,1,5,0,0,7,0.0
3,3,26,4,1,5,8,0,22,0.0
3,1,61,5,5,2,0,22350,7,350.0
3,1,31,5,5,1,0,22350,17,51.0
3,1,38,5,5,5,0,0,22,0.0
3,1,57,5,3,1,0,21802,20,0.0
3,2,36,4,5,5,8,0,20,0.0
3,0,0,5,2,1,10,0,17,0.0
3,1,47,5,5,1,8,0,16,0.0
9,2,24,4,5,5,8,0,16,0.0
3,1,69,4,1,5,0,0,10,0.0
3,2,0,4,5,5,0,0,14,0.0
18,2,0,4,3,5,10,0,3,357.0
3,2,0,4,5,5,0,0,12,20.0
3,0,0,4,6,2,10,0,1,500.0
17,0,0,4,6,5,10,0,2,350.0
9,1,60,5,6,5,0,0,14,0.0
0,1,41,5,0,5,0,0,13,190.0
3,0,0,4,5,5,10,0,13,0.0
3,0,42,4,6,5,10,0,15,51.0
3,2,0,5,6,2,10,22107,13,113.0
3,1,62,5,7,5,0,21804,8,0.0
3,1,49,5,5,2,0,0,16,630.0
3,1,40,5,5,1,8,0,16,30.0
9,7,41,5,2,2,0,22107,23,200.0
3,1,26,5,0,3,0,0,16,0.0
18,0,0,4,3,5,10,0,2,0.0
3,2,56,4,5,5,2,0,12,0.0
10,2,32,5,8,5,0,21954,20,52.0
3,1,31,5,6,2,10,21804,12,100.0
3,1,35,5,0,3,0,0,9,0.0
3,2,20,5,3,3,10,22107,0,12.0
3,2,0,5,0,1,1,22100,16,0.0
3,2,0,5,5,2,0,21658,17,60.0
3,2,0,4,5,5,0,0,19,0.0
3,0,0,5,5,1,10,0,22,355.0
3,6,0,5,5,5,0,21703,1,18.0
10,2,28,3,8,5,0,21954,17,45.0
3,0,0,5,6,3,10,0,0,237.0
18,2,24,5,0,3,0,0,18,0.0
3,2,31,4,5,3,8,0,13,0.0
3,1,20,5,0,4,2,0,14,529.0
3,1,45,5,1,1,0,21650,17,0.0
3,1,67,5,5,1,1,21703,9,75.0
3,2,0,5,3,5,10,0,17,0.0
3,2,68,4,0,2,0,0,16,0.0
3,2,29,5,5,1,8,0,21,110.0
3,2,64,4,5,5,0,0,11,0.0
10,2,26,5,1,5,10,0,19,0.0
3,2,0,4,1,5,10,0,21,51.0
3,1,38,5,5,2,8,0,20,0.0
3,1,33,5,0,1,0,21453,13,0.0
3,1,62,5,5,1,8,0,15,35.0
3,2,0,5,0,1,0,22350,18,0.0
3,7,19,5,6,3,1,21802,22,105.0
3,1,49,5,6,1,0,22350,8,210.0
3,1,57,4,0,5,0,21802,18,0.0
3,1,20,4,1,3,0,0,20,0.0
3,2,23,4,6,5,2,0,19,0.0
3,2,0,4,5,5,0,0,20,0.0
3,1,37,5,0,2,2,0,16,0.0
3,1,90,4,5,1,10,22350,10,21.0
3,1,57,5,3,1,2,0,21,0.0
3,0,0,4,0,1,10,0,19,156.0
3,0,0,5,0,3,10,0,0,330.0
3,2,51,4,5,5,8,0,12,0.0
3,1,41,5,0,2,0,0,15,0.0
3,1,43,4,5,3,10,0,7,2640.0
3,2,0,5,1,3,10,0,8,474.0
3,7,21,5,3,3,10,22350,2,0.0
3,1,30,5,5,2,0,0,19,200.0
3,1,47,5,6,2,0,0,14,0.0
3,2,35,4,5,5,8,0,9,0.0
3,1,72,6,3,5,0,0,14,200.0
3,1,52,5,1,2,0,21453,19,0.0
3,1,57,5,0,3,2,21801,3,0.0
6,0,28,5,0,2,0,0,1,0.0
18,2,0,5,3,5,1,21950,21,0.0
3,0,0,5,6,3,10,0,12,237.0
3,2,21,4,5,5,8,0,23,0.0
9,2,0,5,6,5,0,21950,12,0.0
18,2,0,4,6,5,5,0,13,0.0
3,2,18,5,0,3,0,0,8,0.0
3,0,0,4,3,5,10,0,9,210.0
3,2,0,5,6,5,0,22350,19,252.0
3,2,31,4,3,5,10,0,17,0.0
8,1,57,5,6,3,0,0,15,84.0
3,2,50,5,0,4,2,21453,15,0.0
17,1,28,5,5,1,10,22350,16,480.0
3,1,45,5,5,1,0,0,15,135.0
3,2,20,5,0,3,0,0,0,0.0
3,7,46,5,5,1,0,23152,22,0.0
3,1,25,5,0,5,0,0,22,0.0
3,0,0,5,1,2,10,0,17,75.0
3,1,51,4,3,3,0,0,5,0.0
3,1,47,5,0,1,10,21800,13,0.0
3,2,0,5,0,5,2,21801,1,0.0
3,1,67,5,1,3,0,0,12,523.0
9,1,48,5,5,2,8,0,9,80.0
3,1,40,5,1,3,10,21651,20,168.0
3,2,0,5,5,2,0,22350,3,72.0
9,0,0,5,3,1,10,0,3,82.0
3,1,53,5,5,2,8,0,18,1000.0
3,0,0,5,3,5,10,0,4,368.0
9,2,0,4,6,1,10,0,4,130.0
3,1,30,5,3,3,2,22107,18,0.0
3,0,0,5,6,1,10,0,0,32.0
3,1,40,4,0,2,2,0,17,0.0
3,0,0,4,3,5,10,0,20,0.0
3,2,24,5,0,3,0,0,22,0.0
3,7,25,5,3,3,0,23152,3,0.0
3,1,49,5,0,1,0,0,12,194.0
3,2,24,4,0,5,5,0,16,0.0
3,1,60,0,7,1,0,0,12,0.0
9,2,0,5,1,5,0,22350,0,264.0
3,0,0,5,3,2,10,0,21,15.0
3,0,0,5,5,5,10,0,16,200.0
3,2,0,5,0,5,0,0,11,0.0
3,1,77,4,0,2,1,0,6,0.0
3,0,0,5,3,3,10,0,2,248.0
3,2,0,5,5,3,0,21658,2,26.0
3,2,29,4,0,5,0,0,13,0.0
3,2,0,5,0,2,0,21453,20,0.0
3,2,0,5,3,5,10,0,3,0.0
18,2,0,4,3,5,0,0,22,51.0
3,1,48,5,5,1,8,0,15,113.0
3,1,32,5,5,1,9,21703,7,36.0
3,1,45,5,0,3,0,0,7,0.0
3,1,38,4,5,5,0,22350,18,0.0
3,1,61,0,6,5,4,0,14,0.0
3,2,44,5,5,3,0,22350,21,35.0
3,0,0,5,5,2,10,0,23,124.0
3,0,0,5,1,3,10,0,7,20.0
3,1,38,5,0,5,0,21453,7,0.0
10,2,84,5,8,5,0,0,15,0.0
3,1,52,5,0,2,2,22100,14,0.0
3,2,0,5,6,2,0,22350,22,30.0
3,1,71,5,5,2,0,22350,19,205.0
3,2,28,4,5,5,10,0,15,51.0
3,1,55,5,5,1,8,0,14,0.0
3,1,35,5,6,2,0,0,18,175.0
3,0,0,5,2,3,10,0,2,200.0
3,0,0,5,3,1,10,0,17,170.0
3,1,72,5,5,3,8,0,13,27.0
3,1,73,5,6,5,0,0,18,0.0
3,1,64,5,5,1,8,0,7,0.0
18,2,0,5,6,5,0,22107,10,450.0
3,2,48,4,5,5,8,0,16,0.0
3,2,0,5,5,3,2,22107,1,0.0
3,1,68,5,6,1,0,0,11,0.0
3,7,59,5,1,2,10,23152,2,25.0
3,1,68,5,1,2,0,21453,7,0.0
3,2,37,5,0,1,8,0,10,0.0
3,1,25,5,5,3,0,22350,12,44.0
3,7,26,5,6,3,0,23152,0,180.0
3,0,0,4,6,2,10,0,19,413.0
3,2,0,4,5,5,3,0,12,51.0
3,1,26,5,0,2,0,0,17,140.0
3,2,48,4,5,5,8,0,17,51.0
0,1,65,5,7,5,0,0,11,329.0
8,2,64,5,6,1,0,0,14,314.0
3,0,0,5,6,3,10,0,22,135.0
3,1,54,5,5,1,0,22350,17,120.0
3,2,23,4,5,1,8,0,8,50.0
3,2,24,5,5,3,0,22350,23,660.0
3,2,59,5,5,1,8,0,18,550.0
18,2,0,5,6,5,0,0,8,78.0
3,1,34,5,0,2,0,0,14,0.0
3,1,30,5,3,1,0,22350,16,0.0
3,2,57,4,0,5,10,0,5,51.0
3,3,44,5,3,1,0,0,17,0.0
3,1,58,5,5,1,0,0,19,0.0
0,2,37,5,7,5,10,21650,19,26.0
3,1,89,5,5,3,0,22350,18,0.0
9,7,22,5,5,3,8,23152,3,492.0
9,2,0,4,6,5,0,0,17,0.0
0,6,39,0,3,5,0,21453,9,30.0
3,2,51,5,6,2,10,22350,8,373.0
3,1,50,5,6,1,8,0,15,112.0
3,1,53,5,0,3,2,0,8,0.0
9,2,0,5,2,3,0,22350,1,0.0
0,1,52,4,0,5,10,21804,12,200.0
10,2,51,3,8,5,10,21956,5,235.0
3,1,59,4,5,2,2,0,15,0.0
9,7,66,5,5,2,0,22350,15,100.0
3,1,40,5,0,2,10,21804,15,116.0
6,0,0,5,5,1,10,0,20,330.0
10,2,48,3,3,5,10,21456,22,0.0
3,1,47,5,0,3,0,0,8,0.0
3,1,20,5,6,1,0,0,17,55.0
3,2,0,5,5,1,0,22350,0,0.0
3,1,49,5,3,5,1,21802,17,150.0
10,7,27,3,1,5,10,21956,15,199.0
3,1,51,5,2,3,2,22350,1,0.0
3,0,0,5,6,5,10,0,8,100.0
3,2,34,5,0,5,2,22107,7,0.0
3,2,0,5,2,1,0,22350,8,19.0
3,1,51,5,5,2,8,0,15,0.0
3,1,31,4,0,1,2,21801,16,0.0
9,2,0,5,0,2,2,21804,11,109.0
9,2,0,5,0,5,0,21453,23,0.0
3,2,22,4,5,5,0,0,17,0.0
18,2,0,4,5,5,0,22350,0,0.0
3,1,23,5,2,3,10,22350,6,0.0
3,2,0,5,7,5,2,22450,15,0.0
9,0,0,5,3,1,10,0,1,0.0
8,2,29,5,3,1,2,22350,3,330.0
3,0,0,5,5,1,10,0,19,51.0
3,0,0,4,3,5,10,0,3,51.0
3,7,35,5,6,3,10,23152,22,300.0
3,1,29,5,5,5,8,0,22,12.0
3,2,21,4,3,5,10,0,17,0.0
18,2,0,4,5,5,0,0,12,51.0
3,1,55,5,5,3,0,22350,5,100.0
18,1,58,4,0,3,0,0,8,0.0
3,1,29,5,5,2,10,21703,13,160.0
18,2,0,4,6,5,10,0,9,0.0
8,7,35,5,3,1,2,22350,1,0.0
18,2,0,4,3,5,10,0,4,51.0
3,0,0,5,0,5,10,0,16,0.0
3,0,0,1,6,1,10,0,5,185.0
3,2,0,5,5,3,10,21663,6,92.0
10,0,15,5,8,5,10,0,8,0.0
18,2,0,5,6,5,1,22107,19,51.0
3,2,0,5,5,3,0,21453,17,0.0
18,2,0,4,3,5,2,0,14,0.0
3,1,54,5,5,5,0,22350,17,20.0
3,1,71,5,6,1,0,0,16,300.0
3,2,0,5,3,5,0,20002,5,0.0
3,1,31,5,0,3,0,0,17,0.0
3,1,85,5,0,3,2,22107,14,0.0
3,1,31,5,0,3,0,0,7,138.0
10,1,23,5,8,5,0,0,18,0.0
3,0,0,5,3,5,10,0,18,148.0
3,1,33,5,5,2,8,0,7,241.0
3,2,0,5,5,1,0,22350,7,0.0
3,2,0,4,5,5,0,0,17,0.0
3,2,30,5,5,5,8,0,11,0.0
9,7,24,5,5,4,0,22350,22,99.0
9,0,0,5,3,3,10,0,19,0.0
3,2,32,5,5,3,0,22350,15,130.0
3,1,42,5,0,2,0,0,19,0.0
3,1,75,4,0,5,0,0,11,0.0
3,1,27,5,5,2,0,22350,13,676.0
3,7,53,5,5,3,0,22350,17,168.0
3,0,0,5,3,1,10,0,2,0.0
3,1,65,5,3,5,3,22106,10,240.0
3,1,29,5,5,5,8,0,13,200.0
8,1,57,5,5,3,8,0,14,66.0
3,1,16,5,0,2,2,22350,7,0.0
3,2,38,4,6,5,0,0,23,51.0
3,7,47,5,5,3,0,23152,23,0.0
18,2,0,4,5,5,10,0,10,215.0
9,1,49,5,1,3,0,0,11,0.0
3,1,27,5,5,1,8,0,23,0.0
3,1,17,5,0,3,0,21453,16,0.0
3,0,0,5,3,2,10,0,8,0.0
3,2,37,4,0,5,0,0,13,0.0
6,1,31,5,5,1,10,22350,18,0.0
18,2,0,5,1,1,2,21802,12,0.0
3,1,57,5,6,2,2,0,17,36.0
3,0,0,4,6,5,10,0,0,51.0
3,1,47,5,5,2,0,0,17,20.0
3,1,24,5,5,1,0,0,14,0.0
0,1,35,0,3,5,0,22350,19,0.0
3,0,0,4,3,2,10,0,23,0.0
3,1,58,4,0,2,10,21804,11,0.0
10,1,87,5,8,5,10,0,10,130.0
3,0,0,4,0,5,10,0,0,0.0
9,2,77,4,0,5,0,0,13,50.0
18,2,0,5,6,5,0,22350,5,30.0
3,2,0,4,5,5,8,0,11,51.0
18,6,0,5,1,5,1,0,20,0.0
6,1,30,4,3,1,10,0,18,0.0
3,1,53,5,0,2,0,0,0,0.0
3,8,0,5,2,3,1,22350,16,75.0
9,1,53,5,5,2,8,0,17,405.0
3,1,49,5,5,1,1,22100,9,0.0
3,2,47,4,6,2,2,0,9,0.0
3,2,0,5,3,5,10,21804,8,0.0
3,2,37,5,3,5,0,0,16,0.0
9,0,0,5,5,1,10,0,17,39.0
18,2,0,4,3,5,10,0,10,0.0
3,2,0,5,0,2,0,22107,21,225.0
3,1,35,5,1,3,0,21663,9,175.0
3,0,0,5,6,2,10,0,0,70.0
3,0,0,5,6,1,10,0,2,340.0
3,0,0,5,3,5,10,0,15,300.0
3,2,0,5,5,5,10,0,12,0.0
9,2,41,5,0,3,2,0,15,0.0
3,0,0,5,3,2,10,0,21,70.0
3,4,27,5,3,3,1,22350,2,60.0
0,2,33,5,3,3,0,0,15,0.0
9,1,53,5,5,1,0,22350,18,0.0
3,1,32,5,6,1,10,22517,22,0.0
3,6,0,5,3,5,0,20002,23,0.0
3,8,26,5,5,2,0,22107,15,151.0
9,0,0,4,3,1,10,0,23,150.0
3,1,29,5,5,2,1,22100,13,6.0
9,0,0,5,3,2,10,0,1,245.0
3,1,99,4,0,5,0,0,9,0.0
3,1,26,5,0,1,10,22103,17,0.0
3,2,0,4,6,5,5,0,16,0.0
10,2,42,1,8,5,10,21954,19,98.0
3,2,25,4,5,5,8,0,15,0.0
3,2,23,4,3,5,8,0,16,0.0
3,1,30,5,5,1,8,0,16,0.0
3,0,67,5,0,5,10,0,23,0.0
5,1,43,6,3,5,8,0,9,25.0
3,1,80,5,5,2,0,0,16,0.0
3,0,0,5,6,1,10,0,20,105.0
3,2,0,4,5,5,0,0,14,0.0
1,1,53,5,5,1,0,0,16,0.0
3,2,0,4,6,5,0,0,12,0.0
3,6,20,4,3,4,0,22350,21,0.0
3,2,0,4,5,5,10,0,11,0.0
9,2,0,4,6,5,2,0,11,0.0
3,2,0,4,3,5,10,0,15,0.0
3,1,35,5,8,1,2,21950,14,39.0
3,1,44,4,3,2,0,0,21,0.0
3,7,54,5,3,3,10,22350,19,0.0
3,2,0,5,5,5,0,22350,11,30.0
3,1,68,5,5,1,10,0,8,100.0
3,6,0,5,6,1,10,21658,20,0.0
9,4,66,5,2,5,0,22107,5,125.0
18,2,0,5,3,5,0,22350,1,4.0
3,2,21,5,3,3,0,22350,3,80.0
3,2,0,4,5,5,0,0,22,0.0
3,2,0,4,6,5,10,0,17,180.0
3,7,22,5,3,3,2,23152,3,60.0
3,1,29,5,5,3,2,22107,18,0.0
3,1,33,5,1,2,0,21453,14,0.0
8,2,52,5,3,5,0,0,14,470.0
3,2,23,4,6,5,0,0,20,0.0
3,2,0,5,2,5,10,22107,17,547.0
3,1,53,0,7,1,0,0,21,42.0
3,2,26,4,6,5,10,0,7,51.0
3,2,36,4,5,5,8,0,15,0.0
3,1,62,5,5,1,8,0,14,58.0
3,2,0,4,4,5,8,0,8,0.0
3,1,40,5,1,1,0,0,7,0.0
3,1,41,5,5,5,8,0,12,55.0
3,2,0,4,6,2,10,0,4,220.0
18,2,0,4,2,5,10,0,12,59.0
3,2,0,4,3,5,0,0,6,0.0
9,5,40,5,4,2,8,0,16,15.0
3,2,0,5,5,2,10,22350,19,20.0
6,1,25,5,1,5,8,0,4,0.0
18,2,0,5,0,3,2,22100,16,0.0
3,2,0,4,6,5,5,0,12,0.0
18,6,0,5,3,5,1,22350,7,0.0
3,2,53,4,5,5,8,0,19,0.0
3,2,0,5,1,3,0,22350,8,0.0
3,4,26,5,3,5,0,0,22,0.0
3,1,31,5,0,2,0,0,18,0.0
3,2,34,5,3,1,8,0,21,45.0
3,2,0,4,3,5,0,0,14,0.0
3,2,0,5,3,5,10,21651,12,0.0
9,2,29,4,5,5,8,0,7,0.0
3,2,60,4,5,5,0,0,18,0.0
9,2,28,5,2,3,0,22350,13,0.0
3,2,0,5,3,3,0,22350,5,0.0
3,2,37,5,1,1,2,22107,23,250.0
3,1,36,5,5,1,8,0,22,0.0
3,1,58,5,5,3,10,22350,17,558.0
3,1,40,5,0,2,0,21453,12,0.0
18,2,0,5,3,5,10,22350,1,82.0
3,1,18,5,3,5,1,21950,6,0.0