PartyType_Code,Sobriety_Code,Age,PrimaryCollisionFactor_Code,CollisionType_Code,VehicleDamage_Code,MovementPrecedingCollision_Code,ViolationCode,CrashTime,Distance
3,1,52,5,5,3,0,0,15,0.0
3,1,40,1,0,3,0,21800,1,0.0
3,0,0,5,0,2,10,0,17,0.0
10,1,26,5,3,5,0,0,17,0.0
3,1,33,5,0,2,0,0,13,0.0
3,2,0,4,3,5,10,0,8,0.0
3,2,59,5,0,2,0,0,11,0.0
3,2,42,4,5,5,0,0,22,0.0
3,1,67,5,5,5,8,22106,12,37.0
3,1,21,5,5,1,10,22350,19,51.0
3,1,32,5,6,1,0,0,12,51.0
3,1,0,5,1,5,0,0,8,0.0
3,2,68,4,6,5,2,0,22,0.0
3,1,24,5,0,3,1,0,18,0.0
3,1,47,5,0,3,2,0,15,0.0
3,2,19,5,5,5,8,0,13,0.0
3,2,44,5,0,3,2,0,1,0.0
3,0,0,5,3,2,10,0,2,87.0
3,2,52,4,6,5,8,0,16,0.0
9,2,36,4,6,5,0,0,18,51.0
3,2,42,5,5,1,10,0,12,268.0
10,1,81,1,8,5,10,21954,8,600.0
3,0,0,5,3,5,10,0,19,314.0
18,2,0,5,6,5,1,22107,22,0.0
9,2,49,5,6,5,9,21460,0,43.0
3,1,56,5,0,3,2,21453,7,0.0
3,2,0,4,3,5,3,0,22,180.0
3,7,28,5,2,3,0,23152,1,0.0
9,0,0,4,6,5,10,0,8,51.0
3,1,45,5,5,1,0,0,9,199.0
10,1,79,5,8,5,0,0,9,0.0
3,7,52,5,5,2,0,22350,14,60.0
3,1,22,5,5,5,0,22350,8,15.0
18,2,0,4,2,5,10,0,20,23.0
3,1,26,5,0,1,2,21453,1,0.0
3,1,24,5,1,2,2,21803,12,0.0
3,1,19,5,0,5,0,21453,14,0.0
3,2,0,4,5,5,0,0,16,0.0
3,0,0,5,3,3,10,0,3,195.0
3,2,48,5,5,1,8,0,21,0.0
3,0,0,5,6,2,10,0,15,50.0
3,1,41,5,5,2,0,0,6,52.0
3,0,0,5,6,2,10,0,8,51.0
3,1,28,5,5,1,8,0,10,10.0
3,1,18,5,5,1,0,22350,19,0.0
3,1,36,5,0,3,0,21804,18,0.0
3,1,22,5,3,5,10,22350,18,0.0
3,2,32,4,5,5,8,0,10,0.0
3,2,26,4,5,5,8,0,17,0.0
3,1,37,5,2,3,0,22350,20,0.0
18,2,0,4,3,5,0,0,21,0.0
3,2,0,5,0,5,2,20002,10,0.0
3,7,26,5,5,3,0,22350,2,69.0
9,1,78,4,5,1,0,0,17,0.0
3,1,48,5,5,2,0,22350,9,30.0
3,1,62,5,6,2,0,22450,16,0.0
3,0,0,5,5,1,10,0,4,47.0
3,0,0,5,6,3,10,0,14,39.0
3,2,0,4,5,5,10,0,1,51.0
3,1,54,5,6,3,0,0,9,177.0
3,1,36,4,1,3,2,0,21,0.0
3,2,0,4,6,5,10,0,8,60.0
9,1,56,5,6,4,0,0,14,159.0
9,1,35,5,0,2,0,0,16,155.0
3,2,27,5,1,2,0,21453,17,0.0
3,1,36,5,3,3,5,0,22,490.0
3,1,54,5,5,5,0,0,9,100.0
3,2,28,5,0,3,0,0,23,0.0
9,2,55,5,1,3,2,0,15,0.0
3,2,0,4,5,5,0,0,12,0.0
3,1,30,5,5,2,0,0,15,0.0
1,2,56,5,6,5,1,0,9,16.0
3,1,20,5,5,2,0,22350,18,26.0
3,2,0,4,3,1,1,0,18,0.0
3,1,80,5,3,3,10,22107,18,17.0
9,0,0,5,5,3,10,0,12,48.0
6,0,0,4,3,1,10,0,11,0.0
3,2,49,4,5,5,8,0,15,0.0
3,2,34,4,0,5,0,0,8,0.0
0,2,15,5,3,5,10,0,16,0.0
9,2,0,4,3,5,3,0,7,51.0
3,1,44,4,3,1,0,0,12,0.0
3,1,45,5,5,3,0,22350,19,0.0
3,2,0,4,0,5,0,0,13,0.0
18,2,0,4,6,5,10,0,16,0.0
3,7,42,5,5,2,0,22350,19,25.0
3,1,22,5,1,1,2,21801,13,0.0
9,1,21,5,5,1,0,22350,10,12.0
3,1,72,5,5,1,8,0,18,188.0
3,0,0,5,6,2,10,0,19,35.0
3,1,43,5,5,2,8,0,12,0.0
10,2,16,5,8,5,0,0,8,0.0
3,1,65,5,5,1,0,22350,14,32.0
3,2,0,5,6,5,10,21460,18,84.0
3,1,22,5,2,2,0,22350,14,387.0
3,1,57,4,3,5,0,0,10,0.0
3,1,41,4,5,3,8,0,18,0.0
10,2,55,3,8,5,0,21954,18,0.0
3,1,60,5,1,1,0,0,19,0.0
18,2,0,4,5,5,0,0,16,0.0
3,1,37,4,0,1,0,0,10,0.0
3,1,39,5,5,2,0,0,19,0.0
18,2,0,5,5,5,0,22350,6,39.0
3,0,0,4,3,5,10,0,16,0.0
3,1,42,4,6,5,0,0,8,50.0
3,1,64,5,0,3,0,0,18,0.0
3,2,0,5,5,5,3,22106,1,120.0
3,2,68,4,6,5,2,0,14,0.0
9,2,39,5,0,3,0,23103,8,0.0
3,2,0,4,5,5,10,0,15,0.0
3,0,0,4,6,2,10,0,17,126.0
3,0,0,5,3,2,10,0,21,0.0
3,1,29,5,1,2,0,0,7,0.0
3,2,51,5,5,5,0,0,8,0.0
10,1,21,5,8,5,10,0,12,0.0
14,2,28,5,8,5,0,0,18,0.0
0,1,63,4,3,5,0,0,10,0.0
3,0,0,5,5,2,10,0,0,135.0
3,1,31,5,0,3,0,0,7,0.0
3,7,17,5,6,1,5,21658,22,51.0
8,2,25,5,5,1,0,0,20,28.0
3,1,22,5,0,3,0,21453,12,0.0
3,1,49,5,0,3,10,21460,16,206.0
3,1,24,4,5,3,8,0,21,540.0
3,1,23,5,0,3,0,22350,13,0.0
3,1,63,4,5,5,0,0,22,0.0
3,7,49,5,6,1,2,22107,16,50.0
3,2,49,5,0,3,2,21801,11,0.0
6,2,24,5,6,1,8,0,22,175.0
3,1,69,5,2,3,1,22107,23,105.0
3,7,25,5,2,2,0,22107,21,32.0
9,2,40,4,5,5,8,0,20,0.0
3,0,0,5,3,1,10,0,9,445.0
3,1,43,5,5,1,0,22350,11,62.0
3,2,46,4,6,5,0,0,5,0.0
3,1,42,5,2,1,8,0,17,20.0
3,0,0,4,3,2,10,0,9,0.0
3,1,50,4,5,1,0,22350,13,200.0
3,1,27,5,1,2,0,22350,18,320.0
3,2,0,4,0,1,0,0,14,60.0
3,1,47,5,6,1,0,0,18,0.0
3,2,20,5,3,5,0,22350,10,208.0
3,2,0,5,2,2,10,22350,0,0.0
3,0,23,6,5,2,8,0,8,950.0
3,2,0,4,6,5,1,0,20,0.0
3,1,59,5,0,3,0,0,17,0.0
3,1,42,4,5,2,10,0,17,51.0
3,1,31,5,0,2,2,0,11,0.0
3,1,58,5,3,3,0,22350,21,0.0
3,1,29,5,0,2,2,21453,21,0.0
18,2,0,4,6,5,10,0,0,51.0
8,1,62,5,0,3,0,0,7,491.0
10,2,60,4,8,5,10,0,12,0.0
3,2,0,5,1,3,10,21650,23,118.0
3,2,20,5,6,1,5,22107,0,0.0
3,1,23,5,3,3,1,22350,21,18.0
3,1,20,5,6,1,1,0,15,0.0
3,1,50,5,5,5,0,0,18,16.0
3,1,35,4,0,5,2,0,18,0.0
3,1,49,4,0,2,10,21804,20,0.0
3,0,0,5,1,3,10,0,1,0.0
3,2,18,4,0,2,2,0,20,0.0
3,1,38,6,3,5,8,0,10,0.0
10,1,76,5,3,5,10,0,10,240.0
3,2,0,4,6,5,10,0,0,0.0
18,2,0,4,5,5,10,0,10,250.0
3,1,30,0,3,5,0,0,13,503.0
3,0,0,5,5,3,10,0,21,77.0
3,1,49,5,0,1,0,0,18,23.0
3,0,0,5,5,3,10,0,12,111.0
3,2,0,4,5,5,4,0,22,51.0
3,1,69,5,5,1,0,0,16,294.0
3,1,44,5,1,2,0,0,13,0.0
10,2,76,4,8,5,10,0,2,0.0
3,2,60,4,5,5,8,0,16,0.0
3,1,23,5,0,3,2,21801,14,0.0
3,2,58,0,7,5,8,0,15,340.0
3,6,0,5,2,3,0,22107,19,231.0
3,0,0,5,3,5,10,0,10,0.0
3,0,0,5,3,1,10,0,10,0.0
3,0,0,5,6,1,10,0,10,120.0
3,2,70,5,8,5,2,21950,12,0.0
3,2,26,4,1,3,10,0,8,0.0
17,1,42,5,6,1,2,21451,2,0.0
3,1,52,5,0,5,2,0,14,0.0
9,1,30,5,1,3,2,21453,10,0.0
3,2,0,5,6,1,0,0,14,50.0
3,7,33,4,3,4,1,23152,20,0.0
18,2,0,4,6,5,10,0,10,25.0
3,2,61,4,0,5,0,0,15,0.0
3,2,24,5,6,1,0,0,10,0.0
3,2,0,4,5,5,0,0,21,0.0
11,8,28,0,3,5,0,22350,16,108.0
3,1,41,5,5,5,8,0,19,0.0
3,1,73,5,7,5,10,22517,14,100.0
18,2,0,5,6,5,0,22107,0,0.0
3,2,0,4,6,5,0,0,8,0.0
3,0,0,4,6,5,10,0,0,51.0
11,1,31,0,7,1,0,22107,17,55.0
3,2,55,4,5,5,8,0,16,0.0
3,1,40,5,5,1,10,0,12,0.0
3,2,0,5,6,5,1,22107,18,88.0
18,2,0,4,6,5,10,0,0,455.0
3,0,0,4,2,1,10,0,3,196.0
9,0,0,5,6,3,10,0,13,140.0
3,2,0,4,6,5,10,0,10,0.0
3,7,33,5,2,4,10,23152,3,405.0
3,1,41,5,0,2,0,21453,13,0.0
9,2,0,5,5,5,0,21703,19,0.0
9,2,35,4,6,5,1,0,23,0.0
3,0,0,5,3,2,10,0,23,90.0
3,1,35,5,0,5,0,0,14,0.0
3,1,48,4,5,1,8,0,8,0.0
3,1,30,5,0,2,0,0,17,0.0
3,0,0,4,2,5,10,0,16,100.0
10,1,31,5,8,5,0,0,17,0.0
3,0,0,5,2,2,10,0,17,18.0
3,1,52,5,5,2,0,0,15,108.0
0,1,37,0,7,1,0,22350,7,155.0
3,0,0,4,3,1,10,0,6,45.0
3,2,52,4,5,5,1,0,14,51.0
3,7,0,4,3,1,2,0,1,0.0
3,1,51,5,5,1,8,0,2,30.0
3,1,27,5,5,1,0,22350,12,0.0
10,2,0,4,3,5,10,0,13,0.0
3,2,30,4,5,5,0,0,8,51.0
9,0,0,4,5,5,10,0,17,51.0
3,0,0,5,5,2,10,0,0,208.0
3,2,0,4,2,5,0,0,17,0.0
3,0,0,5,3,2,10,0,3,591.0
3,2,0,5,6,3,0,22350,6,460.0
3,1,39,5,1,3,0,22350,18,1056.0
3,2,0,5,6,5,5,21658,20,0.0
3,1,47,5,5,1,10,0,14,52.0
3,1,33,5,5,5,8,0,13,105.0
3,2,21,4,0,5,8,0,17,0.0
9,7,29,5,0,3,0,23153,16,0.0
3,1,38,5,5,5,0,22350,12,120.0
3,1,52,5,0,1,0,0,11,0.0
3,0,0,5,2,2,10,0,15,129.0
3,1,50,5,5,2,0,22107,17,98.0
8,2,0,5,6,3,10,22350,9,520.0
9,2,31,5,0,2,0,0,2,0.0
3,7,37,5,1,1,10,23152,15,20.0
3,2,33,4,5,5,0,0,20,0.0
3,1,42,5,0,3,0,21453,8,0.0
9,1,85,4,8,1,0,0,6,0.0
0,2,14,5,7,5,0,0,15,0.0
3,0,0,5,1,1,10,0,2,182.0
9,0,34,5,6,1,10,0,1,0.0
3,1,71,5,0,3,0,21453,15,0.0
3,0,0,5,6,1,10,0,0,215.0
3,1,37,5,0,5,0,0,21,0.0
8,5,24,5,1,5,10,21651,15,75.0
0,0,55,5,7,5,0,0,21,0.0
3,7,26,5,2,3,10,22350,3,36.0
9,2,32,5,5,1,0,21703,7,0.0
3,2,33,5,3,5,10,0,8,0.0
3,0,0,5,5,2,10,0,11,129.0
3,1,23,3,8,1,0,0,18,263.0
3,1,79,5,0,2,0,21804,15,0.0
9,1,20,5,5,5,0,0,16,0.0
3,2,0,4,5,3,0,0,13,82.0
13,0,0,5,1,1,10,0,23,185.0
3,1,29,5,0,1,8,0,7,0.0
0,2,25,5,7,3,10,0,17,400.0
3,5,23,5,3,2,8,0,18,0.0
18,2,0,4,3,5,10,0,5,256.0
18,2,0,4,5,5,0,0,16,51.0
3,2,29,5,0,2,0,0,20,0.0
3,2,0,4,6,5,10,0,17,51.0
3,1,50,5,0,2,0,0,17,0.0
3,2,0,4,6,5,10,0,20,0.0
3,1,23,5,0,1,0,0,15,0.0
3,1,36,5,5,1,0,0,18,129.0
18,2,0,4,6,5,0,0,14,51.0
3,0,0,5,2,1,10,0,18,395.0
3,1,35,5,0,1,1,21802,8,0.0
3,1,60,5,0,3,0,0,9,0.0
3,2,0,5,0,2,0,21453,21,0.0
3,1,39,5,0,1,0,0,8,0.0
3,2,0,4,5,5,0,0,9,51.0
3,0,0,5,2,1,10,0,17,0.0
0,1,57,0,7,1,10,22107,16,164.0
3,4,41,5,3,2,10,0,17,0.0
3,7,43,5,2,2,10,21651,2,340.0
3,2,30,4,6,5,8,0,10,50.0
6,2,48,4,6,1,3,0,23,101.0
9,1,52,5,0,2,0,0,8,0.0
18,2,0,5,0,5,0,21453,20,0.0
13,2,0,5,0,1,2,0,23,0.0
3,2,20,4,0,5,2,0,10,0.0
0,2,73,5,3,5,0,0,13,0.0
3,2,21,4,6,5,0,0,18,10.0
3,1,45,5,1,2,0,0,21,41.0
3,1,38,5,5,1,10,0,17,133.0
3,1,43,5,0,2,0,0,9,0.0
3,2,0,5,5,2,0,22350,7,55.0
3,0,0,5,5,5,10,0,16,126.0
3,2,56,5,4,2,0,22350,13,37.0
3,2,50,4,6,5,2,0,18,0.0
3,2,0,4,3,5,10,0,15,0.0
3,7,31,5,3,3,0,23152,2,0.0
3,1,30,5,6,1,0,0,18,96.0
3,2,36,4,5,5,2,0,11,0.0
18,0,0,5,0,2,10,0,4,273.0
3,1,37,5,1,3,0,0,19,0.0
10,2,30,3,8,5,10,21954,11,114.0
3,2,23,0,7,1,0,0,23,108.0
3,7,27,5,5,3,0,23152,21,36.0
3,0,0,5,5,1,10,0,10,205.0
3,1,67,5,5,2,8,0,0,20.0
3,0,0,4,6,5,10,0,10,0.0
3,2,0,4,5,5,1,0,19,0.0
3,1,27,5,6,1,0,0,10,0.0
3,1,50,5,3,1,2,0,12,60.0
3,2,34,5,6,1,0,0,10,0.0
3,1,31,5,0,1,1,22450,17,0.0
0,2,32,0,7,5,0,21453,23,30.0
3,0,0,5,1,2,10,0,2,325.0
3,1,74,5,6,1,5,22100,12,220.0
18,2,0,5,2,5,0,22350,7,263.0
3,0,0,5,0,1,10,0,17,0.0
3,1,67,5,8,5,10,21950,12,0.0
3,2,64,5,0,2,10,0,17,158.0
3,0,0,4,5,5,10,0,17,0.0
3,1,28,5,2,2,5,22107,11,150.0
17,0,0,5,6,2,10,0,16,318.0
3,1,24,5,0,5,0,0,12,0.0
18,2,0,4,6,5,10,0,16,0.0
18,2,0,5,5,5,8,0,20,0.0
3,2,0,4,6,5,0,0,9,51.0
3,1,21,5,0,3,10,0,16,45.0
18,2,0,5,5,5,0,22350,17,6.0
3,2,23,5,0,1,2,0,22,18.0
10,2,0,4,3,5,10,21954,10,138.0
0,1,13,0,3,5,10,21202,15,0.0
3,0,0,5,3,5,10,0,23,0.0
3,1,28,5,0,1,0,21453,22,0.0
3,2,0,4,5,5,0,0,9,0.0
9,1,37,5,0,3,0,0,16,4798.0
3,1,64,5,5,1,0,22350,8,0.0
9,2,64,5,0,3,0,0,7,0.0
8,1,0,5,3,3,10,22350,7,307.0
3,1,59,5,3,1,3,22106,10,120.0
3,7,23,5,3,3,10,22107,4,12.0
3,7,54,5,0,1,10,22350,1,16.0
3,0,0,5,3,1,10,0,15,0.0
3,1,26,5,5,2,0,21209,18,240.0
3,1,26,4,5,1,0,0,18,0.0
3,0,0,5,3,2,10,0,20,24.0
3,1,48,5,6,3,8,21801,12,0.0
3,1,68,0,7,5,10,0,21,0.0
3,1,20,5,0,2,0,0,15,0.0
3,0,35,5,6,1,1,22107,13,134.0
18,2,48,1,5,1,10,1,15,40.0
3,2,0,5,0,5,0,21453,16,0.0
3,1,39,4,6,1,0,0,10,528.0
3,1,40,5,0,2,2,0,7,0.0
3,1,49,5,0,3,0,21453,13,0.0
3,2,0,4,5,5,8,0,17,0.0
18,2,0,5,5,5,0,22350,18,51.0
3,0,0,5,5,3,10,0,23,0.0
3,1,26,5,3,5,8,0,17,20.0
3,2,0,4,0,5,1,0,11,0.0
16,7,0,3,8,5,0,21954,20,24.0
3,1,37,5,0,3,0,0,23,0.0
3,1,20,5,0,1,10,21804,17,198.0
3,2,0,4,5,5,0,0,10,0.0
3,1,70,0,3,5,10,0,11,315.0
3,2,78,5,6,3,2,0,18,0.0
3,1,21,5,5,3,2,21801,20,0.0
3,2,0,5,6,2,10,0,21,45.0
3,1,52,5,5,2,8,0,11,0.0
3,1,41,5,5,1,8,0,9,50.0
8,8,41,5,3,3,0,22350,22,16.0
10,6,22,4,3,5,0,21453,23,0.0
3,0,0,4,6,5,10,0,9,0.0
3,0,0,4,3,5,10,0,0,0.0
3,0,0,5,6,1,10,0,20,216.0
3,1,61,5,0,3,0,0,8,0.0
9,0,0,5,6,2,10,0,0,0.0
3,2,58,5,0,5,0,0,11,0.0
3,1,33,5,5,1,8,0,18,0.0
3,1,33,5,5,1,8,0,19,22.0
18,2,0,4,3,5,10,21650,6,0.0
3,1,55,5,0,3,0,21453,11,0.0
3,0,0,5,6,2,10,0,16,0.0
3,2,45,5,8,5,0,0,22,0.0
3,1,19,5,8,1,2,22107,20,0.0
3,2,0,4,5,3,0,0,1,322.0
3,1,0,5,5,5,0,22107,20,51.0
3,1,18,0,0,2,0,0,18,0.0
3,0,0,5,5,1,10,0,23,21.0
3,2,0,5,3,5,10,0,2,225.0
10,1,60,5,1,5,8,0,15,0.0
3,2,0,5,3,5,0,22107,23,0.0
0,2,34,5,7,5,0,21202,12,0.0
3,1,69,5,5,2,0,0,8,87.0
3,1,75,5,1,3,0,22350,18,0.0
3,1,20,4,0,3,2,0,6,0.0
3,5,20,5,6,2,0,0,22,0.0
3,2,28,5,0,1,0,21453,8,0.0
3,1,41,5,5,1,10,22350,17,0.0
3,2,0,5,5,3,10,22107,0,150.0
3,1,60,5,0,3,2,0,3,0.0
3,2,0,5,3,5,2,0,19,0.0
3,2,38,4,5,5,8,0,8,0.0
3,1,58,5,6,1,0,0,8,0.0
3,1,43,5,0,2,0,21453,17,0.0
18,1,21,5,4,2,0,0,12,10.0
3,1,41,5,5,5,8,0,17,0.0
3,1,0,0,0,5,0,0,7,0.0
3,1,79,5,3,5,0,21950,6,0.0
3,1,39,5,5,1,10,0,10,42.0
3,1,58,5,6,2,1,0,17,310.0
3,1,61,5,0,5,10,0,14,0.0
3,2,54,4,6,5,0,0,18,0.0
3,2,43,5,1,2,0,0,20,0.0
3,2,74,5,6,2,5,21658,17,0.0
3,0,0,4,6,5,10,0,0,120.0
3,7,17,5,0,3,0,21453,2,0.0
9,1,30,0,3,1,0,0,15,0.0
3,1,45,5,5,2,8,0,14,30.0
3,2,0,5,1,3,0,22107,2,66.0
3,1,28,4,6,1,0,0,8,20.0
3,0,0,4,3,5,10,0,3,0.0
3,1,42,5,3,1,8,0,20,0.0
3,1,19,5,5,1,2,0,11,0.0
3,2,0,5,0,5,8,0,9,0.0
3,2,0,5,0,2,0,21453,19,0.0
3,1,18,4,0,5,0,0,0,0.0
3,7,48,5,5,5,0,22350,21,0.0
3,1,48,5,0,3,0,0,19,0.0
9,0,0,5,5,2,10,0,2,385.0
9,0,0,5,3,1,10,0,2,0.0
9,0,0,5,3,1,10,0,18,234.0
3,1,41,5,5,5,8,0,15,0.0
18,2,0,4,6,5,10,0,23,51.0
9,2,0,5,5,1,0,21658,22,245.0
3,2,35,5,2,3,10,22350,13,44.0
3,1,33,5,5,3,10,0,23,0.0
9,2,0,5,6,5,0,22350,23,0.0
9,2,52,5,6,5,0,0,8,0.0
3,1,47,5,0,2,2,0,6,0.0
3,2,47,5,0,3,2,21803,21,0.0
3,0,41,5,1,3,10,0,17,53.0
4,2,0,5,5,5,1,0,21,0.0
3,7,62,5,0,2,2,21453,10,0.0
3,2,19,5,5,1,8,0,12,51.0
3,0,0,5,0,1,10,0,20,70.0
3,7,47,5,5,2,0,22350,21,723.0
3,2,43,5,2,2,0,21651,2,168.0
16,2,49,6,8,5,9,0,16,170.0
3,2,28,0,3,5,10,0,18,259.0
3,2,0,4,0,5,0,0,16,0.0
0,2,0,5,7,5,0,0,2,277.0
3,1,41,4,6,5,0,0,15,0.0
3,1,24,5,5,3,8,0,1,36.0
3,2,46,5,0,1,8,0,20,0.0
18,2,0,5,6,5,2,22350,5,0.0
3,2,21,4,1,5,0,0,13,0.0
3,0,0,4,2,1,10,0,11,110.0
18,2,0,4,3,5,10,0,15,0.0
3,1,35,4,6,1,2,0,7,0.0
9,0,0,5,3,2,10,0,0,236.0
3,1,19,5,0,3,0,21453,13,0.0
3,0,0,4,5,5,10,0,14,51.0
18,2,0,4,3,5,10,0,19,0.0
3,1,32,5,1,3,10,22107,17,136.0
3,1,71,5,5,5,8,0,11,0.0
3,2,28,5,6,5,10,21804,19,51.0
3,0,0,5,6,3,10,0,3,71.0
3,2,0,4,5,5,2,0,14,10.0
3,2,31,4,3,5,10,0,19,51.0
3,0,0,5,6,1,10,0,1,277.0
9,2,52,4,3,5,10,0,23,51.0
3,1,40,5,0,3,0,12500,22,192.0
3,2,47,4,5,5,10,0,16,0.0
3,2,37,5,1,3,0,0,14,0.0
3,1,51,5,0,2,0,0,7,0.0
3,2,39,4,0,5,0,0,7,2640.0
3,1,0,5,5,5,0,22350,19,0.0
3,0,0,5,6,3,10,0,22,20.0
3,1,25,5,8,5,1,21453,1,0.0
3,2,60,5,6,3,5,21804,10,272.0
3,2,0,4,0,5,2,0,20,0.0
3,2,0,4,1,5,0,0,7,51.0
3,1,58,5,7,1,1,0,20,0.0
3,1,19,5,5,5,8,0,22,0.0
3,0,0,4,6,1,10,0,21,54.0
3,2,0,4,3,5,4,0,11,1000.0
3,2,0,5,0,5,0,21453,17,0.0
3,2,0,4,5,5,0,0,15,0.0
18,2,0,4,2,5,10,0,10,51.0
3,0,0,4,5,5,9,0,17,40.0
3,1,33,5,3,5,1,0,21,0.0
3,1,36,5,3,5,0,22350,8,300.0
3,1,56,5,0,2,2,21801,8,0.0
3,1,30,5,5,1,8,0,8,93.0
3,2,60,4,5,5,8,0,6,0.0
8,5,37,5,0,1,2,0,16,0.0
3,2,19,4,6,5,0,0,7,0.0
3,2,47,4,0,5,0,0,12,0.0
3,2,0,4,0,5,0,0,7,0.0
9,0,0,5,3,2,10,0,21,0.0
3,0,0,4,3,5,10,0,0,0.0
9,2,45,5,2,3,0,22350,8,51.0
8,1,48,5,5,5,8,0,17,48.0
0,2,0,4,7,5,0,0,20,0.0
3,1,70,5,5,5,0,0,10,0.0
3,1,23,5,0,2,2,21453,16,0.0
9,0,0,5,6,1,10,0,17,150.0
3,7,52,5,3,1,3,23152,16,642.0
10,2,20,3,3,5,10,21954,18,231.0
18,2,0,5,2,5,10,22350,18,51.0
3,0,0,5,5,2,10,0,11,60.0
9,1,63,5,5,2,0,22350,9,192.0
0,1,14,0,7,1,0,22350,18,85.0
3,2,43,5,5,3,0,23103,14,45.0
3,2,35,5,5,1,8,0,14,150.0
3,1,31,5,6,2,0,0,13,740.0
9,2,31,5,5,1,8,0,8,0.0
3,2,0,5,8,5,0,21950,17,20.0
0,1,43,4,3,1,0,0,21,24.0
3,2,27,5,5,3,0,22350,21,0.0
3,1,60,5,5,5,8,0,18,0.0
3,0,0,5,1,2,10,0,0,77.0
3,1,71,5,0,2,2,0,11,0.0
3,0,0,5,0,1,10,0,7,285.0
3,1,41,5,0,5,2,0,13,0.0
3,1,51,5,1,3,0,21453,5,0.0
3,0,0,4,1,3,10,0,16,0.0
3,0,0,4,2,2,10,0,9,290.0
3,2,0,5,2,3,0,22350,18,435.0
3,1,20,5,3,2,2,0,17,0.0
3,1,19,5,5,3,0,22350,12,0.0
3,1,51,5,3,1,0,0,15,0.0
18,1,25,5,5,5,8,0,18,300.0
3,1,24,4,0,5,0,21453,14,0.0
3,0,0,5,5,5,10,0,0,30.0
9,2,0,5,5,5,0,22350,0,117.0
3,0,0,5,3,2,10,0,14,632.0
9,2,40,4,6,5,5,0,0,51.0
3,2,0,5,5,5,0,20002,14,0.0
18,2,0,4,6,5,10,0,15,0.0
3,7,37,5,3,1,0,22107,2,0.0
3,1,34,5,5,1,10,0,11,0.0
3,1,31,5,5,3,10,0,21,100.0
3,0,0,5,3,5,10,0,19,65.0
9,2,0,4,5,5,3,0,14,0.0
0,1,14,5,7,5,0,0,13,0.0
3,0,0,5,3,1,10,0,19,200.0
3,2,0,4,3,5,9,0,12,0.0
3,1,19,5,1,3,0,0,23,0.0
3,7,22,5,3,4,0,23153,0,0.0
9,1,29,5,2,3,10,22350,3,0.0
3,2,0,5,6,1,10,21804,14,51.0
3,1,81,5,6,3,0,22350,17,250.0
3,2,0,4,6,5,5,0,20,51.0
9,0,0,5,5,2,10,0,11,322.0
18,2,0,5,5,5,8,0,19,40.0
3,7,23,5,2,1,0,23152,0,1167.0
3,1,29,5,5,2,0,22350,18,0.0
3,1,42,5,3,5,1,0,12,0.0
3,1,76,5,3,5,0,0,6,0.0
3,1,46,5,5,1,8,0,19,0.0
3,2,24,4,5,5,10,0,13,217.0
3,1,21,5,3,1,0,22350,10,235.0
9,0,0,5,6,2,10,0,16,86.0
3,2,0,4,5,5,10,0,17,51.0
9,2,42,4,5,5,8,0,16,0.0
3,1,56,5,6,1,0,0,15,51.0
18,2,0,4,0,5,10,0,17,51.0
3,2,0,5,0,5,0,21453,13,0.0
3,1,25,5,2,3,0,22350,23,600.0
3,0,0,4,6,5,10,0,13,0.0
3,0,0,4,6,5,10,0,3,115.0
3,1,32,5,2,1,8,0,14,495.0
0,1,67,5,7,1,0,0,12,2640.0
3,1,32,5,5,1,8,0,18,50.0
3,7,28,5,1,2,10,23152,4,0.0
9,1,69,5,1,2,0,0,10,0.0
3,1,59,3,8,3,0,0,20,0.0
8,1,35,5,6,3,0,0,21,39.0
3,1,43,5,5,2,0,0,16,207.0
3,1,65,5,0,2,0,0,19,0.0
8,1,63,5,1,2,0,0,12,110.0
3,1,21,5,5,1,0,22350,9,200.0
3,1,57,5,1,2,8,0,19,77.0
3,2,57,5,0,3,3,21804,5,0.0
3,1,26,5,2,5,10,22350,7,51.0
10,1,38,5,3,5,0,0,18,0.0
3,2,57,5,5,2,1,0,12,120.0
3,1,61,5,0,2,0,0,14,0.0
0,1,0,0,7,5,0,21456,16,69.0
3,1,33,5,0,2,0,0,9,0.0
3,1,18,5,1,1,0,0,7,150.0
6,1,25,5,5,1,0,22350,1,505.0
3,1,45,5,5,1,8,0,18,0.0
3,1,56,5,3,2,8,0,16,0.0
5,1,28,5,1,3,2,21453,23,0.0
3,1,40,5,0,5,0,0,8,0.0
3,1,65,5,5,1,8,0,8,0.0
3,1,25,5,5,3,0,22350,1,30.0
9,1,49,5,0,2,8,0,12,0.0
3,1,36,5,3,2,8,0,14,198.0
3,0,43,5,0,1,10,0,12,232.0
3,1,79,4,3,5,0,0,14,200.0
1,1,68,5,0,2,0,0,9,0.0
0,7,20,0,3,3,10,21200,21,0.0
3,1,50,5,5,1,0,0,9,105.0
3,7,27,5,3,3,0,23152,2,100.0
3,1,48,5,5,1,8,0,12,10.0
3,0,0,5,0,1,10,0,2,0.0
3,0,0,5,0,3,10,0,14,0.0
3,1,22,5,3,1,1,22350,22,35.0
3,1,43,4,1,5,0,0,15,0.0
18,7,28,5,5,3,0,22350,20,322.0
3,1,47,0,0,1,0,0,7,0.0
3,1,20,5,5,3,0,22350,18,100.0
3,1,29,5,0,2,0,21802,18,0.0
3,2,26,5,1,3,10,21460,0,51.0