PartyType_Code,Sobriety_Code,Age,PrimaryCollisionFactor_Code,CollisionType_Code,VehicleDamage_Code,MovementPrecedingCollision_Code,ViolationCode,CrashTime,Distance
9,1,39,5,5,2,8,0,22,0.0
3,1,23,5,5,2,2,0,15,18.0
3,0,0,4,3,5,10,0,10,51.0
3,2,0,4,7,5,8,0,13,51.0
9,2,0,5,0,5,0,21453,23,0.0
3,1,39,0,7,5,2,0,8,0.0
3,1,15,5,0,2,3,21804,12,185.0
18,2,0,4,3,5,10,0,2,0.0
3,1,27,4,0,5,0,0,17,0.0
3,2,62,5,1,3,0,0,19,0.0
3,1,23,5,2,3,0,22350,11,0.0
3,2,23,5,1,2,8,0,18,0.0
10,2,48,5,8,5,10,0,14,0.0
3,2,52,2,3,1,0,0,11,350.0
18,1,66,0,7,5,1,0,22,35.0
3,0,0,5,5,2,10,0,12,46.0
18,2,0,4,0,5,0,0,17,0.0
3,2,49,4,6,5,10,0,17,0.0
3,2,0,4,5,5,0,0,16,0.0
3,1,31,5,5,1,8,0,22,0.0
13,1,59,5,5,1,0,22350,10,0.0
3,2,0,4,3,5,0,0,9,51.0
3,2,0,4,5,5,10,0,0,51.0
3,0,0,4,5,1,10,0,12,39.0
3,2,45,5,0,3,0,0,6,13.0
3,1,53,5,5,2,8,0,11,0.0
3,1,22,5,6,5,10,21804,18,0.0
3,1,48,5,0,3,0,21453,9,0.0
3,0,0,5,1,3,10,0,1,122.0
3,7,38,5,0,1,0,21453,1,0.0
3,7,23,5,2,2,10,22107,20,123.0
9,1,59,5,0,2,0,0,12,20.0
3,1,42,3,3,1,0,0,22,120.0
3,1,38,5,6,1,0,0,8,255.0
3,2,23,4,5,5,8,0,8,50.0
3,2,35,5,3,5,0,0,2,0.0
9,2,50,5,5,2,9,0,19,136.0
3,0,0,5,2,3,10,0,22,360.0
3,2,0,4,0,5,10,0,8,0.0
3,1,37,5,1,1,0,0,0,0.0
3,1,34,5,0,5,2,0,17,0.0
3,0,0,4,3,5,10,0,7,0.0
3,0,0,5,3,3,10,0,7,510.0
0,2,44,5,7,5,10,0,3,0.0
3,1,24,5,5,5,10,22350,19,17.0
18,1,21,5,5,2,8,0,16,20.0
3,1,35,5,5,1,1,22350,12,0.0
3,1,30,5,6,2,0,0,18,0.0
3,1,19,5,3,3,0,20002,17,50.0
18,2,0,4,3,5,0,0,17,0.0
3,1,51,5,6,2,5,21658,8,180.0
9,1,64,5,5,3,0,22350,8,0.0
3,1,32,5,0,5,1,21453,16,0.0
3,2,0,5,0,5,3,22106,23,120.0
3,1,25,5,6,2,0,21658,19,0.0
3,1,39,5,8,1,1,21950,20,25.0
3,1,44,5,0,5,0,0,17,96.0
3,1,32,2,5,5,0,0,8,277.0
9,1,24,5,3,5,2,0,16,0.0
3,0,0,5,3,2,10,0,2,33.0
3,1,61,5,5,5,10,0,14,19.0
3,2,0,5,6,5,0,22350,2,410.0
3,1,67,3,3,2,0,0,18,35.0
3,2,46,4,5,5,8,0,9,0.0
3,2,60,4,0,5,0,0,0,360.0
3,8,64,5,0,3,0,21453,21,0.0
3,2,0,5,5,5,0,22350,19,39.0
3,7,47,5,6,3,0,23152,9,400.0
3,1,62,5,6,2,10,0,17,0.0
1,2,38,5,3,1,10,0,17,59.0
3,2,76,5,5,1,8,0,21,252.0
18,2,0,5,3,5,1,22350,1,0.0
3,1,19,5,1,5,2,21801,17,0.0
3,7,34,5,5,1,3,23152,6,40.0
3,5,48,6,5,3,0,22350,12,108.0
3,1,44,5,6,2,0,22450,7,0.0
3,2,0,4,3,5,1,0,21,0.0
3,2,19,4,1,5,0,0,18,0.0
3,2,0,5,2,3,10,22350,6,24.0
3,0,0,5,6,1,10,0,4,388.0
9,1,53,4,0,3,0,0,1,0.0
9,1,68,5,5,2,0,0,12,32.0
18,2,25,4,6,5,0,0,19,51.0
3,0,0,5,3,1,10,0,23,556.0
3,2,0,5,8,5,10,22106,21,32.0
3,2,0,5,0,5,10,22107,21,85.0
3,2,0,4,5,5,10,0,16,51.0
3,1,31,5,1,2,0,21453,11,0.0
9,2,0,5,3,1,3,22106,15,0.0
3,2,32,4,5,5,8,0,10,20.0
3,2,35,5,0,2,0,0,15,0.0
3,7,31,5,5,3,0,22350,0,3.0
3,1,30,5,5,2,0,0,7,365.0
3,0,0,5,3,1,10,0,21,290.0
9,1,21,5,5,2,8,0,21,0.0
3,1,45,4,5,1,0,0,18,0.0
3,2,0,5,5,5,0,22350,17,0.0
3,0,0,4,3,5,10,0,12,195.0
9,2,40,5,0,2,0,21453,7,0.0
18,2,20,5,0,3,0,0,19,0.0
3,1,24,5,6,1,5,21658,21,40.0
3,0,0,5,6,2,10,0,13,667.0
3,2,0,5,5,2,0,22350,2,144.0
18,2,0,4,5,5,2,0,12,0.0
9,1,28,3,8,5,0,0,16,0.0
3,2,0,5,0,3,0,21453,1,0.0
3,7,45,5,3,3,10,22350,23,470.0
9,2,32,5,0,2,0,0,10,405.0
3,1,21,5,1,2,1,21802,18,0.0
3,1,23,5,5,5,8,0,18,210.0
18,2,0,5,6,5,0,22107,0,162.0
3,6,21,5,1,2,2,22107,16,30.0
18,2,0,5,6,5,0,22350,2,150.0
18,2,0,4,6,5,10,0,11,0.0
3,1,25,5,0,1,8,0,23,0.0
18,2,18,4,5,5,10,0,19,51.0
3,2,69,4,0,5,2,0,17,0.0
3,2,0,5,6,5,2,21453,18,0.0
3,2,56,4,5,5,8,0,19,0.0
10,1,18,5,8,5,0,0,13,295.0
3,2,0,5,6,5,0,22107,22,0.0
3,1,53,3,3,5,0,0,19,144.0
3,7,48,5,3,3,1,22350,23,595.0
10,1,15,5,3,5,0,0,21,0.0
3,1,55,5,5,1,8,0,18,160.0
3,0,0,5,5,2,10,0,14,0.0
3,1,52,5,0,3,0,0,20,0.0
3,2,0,4,6,5,10,0,5,266.0
8,2,56,5,3,3,0,0,18,0.0
3,0,0,5,6,1,10,0,18,104.0
3,0,0,4,3,5,10,0,18,0.0
3,0,33,5,6,2,10,0,2,90.0
3,2,0,4,5,5,0,0,13,0.0
9,0,0,5,6,2,10,0,10,420.0
3,2,21,5,2,3,0,21755,11,188.0
3,1,21,5,3,1,1,22107,18,0.0
18,2,51,4,0,5,10,0,7,0.0
3,1,31,3,8,1,0,0,20,0.0
3,2,0,5,0,2,10,21804,19,100.0
3,2,60,4,6,5,0,0,20,0.0
9,1,32,5,3,1,10,23103,9,100.0
3,1,85,5,6,1,0,21658,16,124.0
3,2,0,5,3,5,1,22350,23,35.0
3,1,35,5,1,2,5,22107,11,50.0
0,2,14,0,7,5,10,21954,11,0.0
3,0,0,5,6,1,10,0,2,80.0
3,1,78,5,5,3,0,22350,17,0.0
3,0,0,5,6,1,10,0,22,270.0
3,1,48,5,5,1,0,22350,16,55.0
3,1,57,5,3,1,1,22107,11,0.0
3,7,38,5,6,1,0,22107,22,51.0
3,2,0,5,1,2,0,22350,18,0.0
3,1,41,5,5,2,0,0,18,48.0
9,1,61,5,3,1,1,22350,11,0.0
9,2,38,5,5,1,0,0,6,112.0
9,7,43,5,6,5,1,22350,17,0.0
3,7,23,4,3,5,0,22350,1,0.0
3,1,41,5,5,2,8,0,17,322.0
3,0,0,5,6,5,10,0,3,0.0
3,1,60,5,7,5,1,22107,14,177.0
3,7,43,5,5,2,0,22350,19,0.0
3,1,51,4,6,1,2,0,17,0.0
3,2,62,4,6,5,2,0,16,0.0
3,1,26,5,5,1,0,0,10,0.0
3,7,26,5,5,1,0,22350,15,0.0
3,1,31,5,5,3,8,0,13,155.0
3,7,22,5,5,1,3,22106,1,28.0
3,7,36,5,6,2,10,22101,18,143.0
3,0,34,5,6,2,10,0,0,333.0
9,2,0,4,0,5,3,0,17,51.0
3,2,53,5,5,2,8,0,15,1100.0
18,2,0,4,5,5,10,0,0,0.0
9,1,61,5,5,1,8,0,8,45.0
3,0,0,5,6,1,10,0,16,82.0
3,1,79,5,3,5,1,21950,11,0.0
3,0,0,5,1,1,10,0,0,148.0
18,2,30,5,1,3,2,0,18,0.0
0,1,47,6,3,5,10,0,13,0.0
3,1,23,4,0,3,0,0,8,0.0
3,1,68,5,0,3,10,21804,14,241.0
9,0,0,5,0,5,10,0,19,210.0
3,1,60,5,0,5,0,0,14,0.0
3,1,41,5,5,1,10,0,18,50.0
0,1,13,5,7,5,0,0,17,465.0
9,2,0,4,3,5,3,0,14,0.0
6,1,0,5,1,5,8,0,4,220.0
3,2,47,4,1,5,2,0,6,0.0
18,2,0,5,5,5,0,21703,18,0.0
3,1,45,5,5,1,0,0,8,119.0
3,0,0,5,3,3,10,0,1,200.0
3,2,45,4,5,5,8,0,17,0.0
3,0,0,5,3,1,10,0,17,20.0
17,0,0,5,2,3,8,0,0,540.0
3,1,56,5,1,3,2,0,21,0.0
3,1,57,5,0,2,10,22107,19,188.0
18,2,0,5,6,5,5,21658,16,0.0
3,1,59,5,2,1,0,0,5,0.0
9,1,44,5,6,4,0,0,16,0.0
0,1,80,0,3,5,0,21456,18,0.0
3,2,59,5,3,5,0,0,10,0.0
3,2,26,4,5,5,8,0,10,0.0
3,1,51,5,1,3,2,0,11,0.0
18,2,38,4,1,5,5,0,18,0.0
3,0,0,5,3,3,10,0,2,34.0
3,0,0,5,6,5,10,0,4,49.0
3,1,44,5,1,1,8,0,19,0.0
3,0,0,5,6,2,10,0,19,160.0
3,2,28,5,5,3,8,0,12,0.0
18,2,0,4,6,5,10,0,10,51.0
3,2,0,5,3,1,10,22350,7,132.0
3,0,0,5,3,5,10,0,7,50.0
3,0,0,5,3,1,10,0,16,596.0
3,1,45,3,3,1,0,0,1,0.0
3,1,19,5,5,3,0,22350,15,33.0
3,2,41,4,6,5,0,0,13,0.0
8,1,57,5,3,2,0,0,14,0.0
3,1,17,5,1,3,0,21453,23,0.0
3,0,33,5,6,5,10,0,14,0.0
9,1,67,5,5,3,0,22350,13,26.0
3,2,0,4,3,5,10,0,8,400.0
3,2,46,4,1,5,10,0,15,0.0
9,1,50,5,0,3,0,21453,9,0.0
3,2,36,5,5,3,8,0,7,600.0
3,0,0,5,5,2,10,0,21,20.0
3,0,0,4,3,5,10,0,20,171.0
3,2,0,5,3,1,10,0,19,0.0
3,1,29,4,0,5,10,21804,7,196.0
3,2,29,5,6,5,1,0,20,0.0
3,1,27,5,0,3,0,0,18,0.0
3,2,0,5,5,5,0,22350,0,0.0
3,1,35,5,0,2,2,21801,21,0.0
10,2,85,3,8,5,10,0,17,0.0
10,2,32,3,8,5,0,21955,3,54.0
13,0,0,5,5,5,10,0,8,105.0
3,1,47,5,5,2,5,21658,12,180.0
3,1,29,5,5,1,0,22350,16,88.0
3,2,43,4,5,5,1,0,7,0.0
3,2,83,6,3,1,2,21801,21,0.0
3,0,0,5,6,2,10,0,18,51.0
3,1,52,5,0,5,0,0,16,20.0
3,0,0,5,3,5,10,0,0,0.0
3,1,37,5,1,2,0,0,18,0.0
10,1,53,4,8,5,10,0,21,0.0
3,1,45,5,5,1,8,0,12,0.0
3,2,18,4,2,3,0,0,19,24.0
9,7,41,5,6,1,0,23152,17,139.0
3,1,57,2,3,1,0,0,8,0.0
3,1,56,5,0,3,0,21453,10,0.0
18,2,0,5,3,5,10,0,18,273.0
6,1,0,5,5,1,8,0,22,177.0
18,2,0,5,3,5,2,21950,0,0.0
3,1,56,5,0,2,0,0,8,0.0
3,2,0,5,3,5,0,20002,16,561.0
18,2,0,4,3,5,10,0,14,0.0
0,4,18,0,3,5,10,21650,8,0.0
3,1,68,5,5,3,0,22350,15,140.0
18,2,0,4,3,5,10,0,17,0.0
3,1,75,5,5,2,0,22350,16,190.0
0,1,54,0,3,5,10,22107,13,0.0
3,1,21,5,5,2,10,22350,19,25.0
3,1,65,5,8,5,2,21950,15,0.0
8,2,31,4,0,3,10,0,16,0.0
3,2,0,0,7,5,10,0,15,51.0
3,2,38,1,8,1,0,0,17,0.0
3,1,25,5,5,2,2,22350,7,20.0
8,1,33,5,0,3,0,21802,19,0.0
3,0,0,5,0,2,10,0,15,0.0
3,2,55,5,6,2,2,22107,6,0.0
18,2,0,4,6,5,10,0,2,51.0
3,0,0,5,5,2,10,0,6,500.0
3,0,0,4,3,5,10,0,6,100.0
3,1,69,4,0,3,0,0,9,0.0
10,1,36,5,8,5,8,0,16,0.0
3,1,43,5,0,1,1,21804,7,0.0
9,1,31,5,6,3,2,22350,8,189.0
3,5,40,5,0,2,0,21453,9,0.0
3,2,61,4,0,5,0,0,15,0.0
18,0,0,5,6,2,10,0,12,185.0
3,1,56,5,5,1,0,22350,10,0.0
3,1,21,5,6,1,10,23103,10,0.0
3,1,46,5,0,3,0,0,7,0.0
3,1,20,0,3,1,0,0,13,0.0
3,1,69,4,5,1,2,0,14,0.0
3,6,49,5,0,5,2,21804,8,0.0
3,1,19,5,5,1,8,0,22,33.0
3,1,27,5,8,2,0,22350,23,235.0
3,1,26,4,0,2,2,0,18,50.0
3,1,19,5,6,2,2,0,23,0.0
3,1,83,4,3,2,0,21651,6,600.0
9,1,57,5,5,2,10,0,16,30.0
10,6,70,4,3,5,9,0,10,575.0
3,1,60,5,5,1,0,0,12,20.0
3,2,0,4,6,5,10,0,14,320.0
3,1,28,5,1,1,0,0,17,11.0
3,1,53,5,1,2,2,21801,15,528.0
18,1,41,5,5,2,8,0,7,100.0
3,1,34,3,3,1,2,0,14,261.0
3,2,0,5,2,3,10,22350,0,241.0
3,2,27,4,5,5,8,0,21,51.0
3,0,0,5,2,3,10,0,19,48.0
3,1,26,5,0,2,2,21801,16,0.0
18,2,0,4,1,5,0,22350,21,0.0
9,1,48,5,8,1,0,22350,17,0.0
18,1,34,0,7,5,0,0,17,0.0
3,2,73,5,3,3,0,22107,14,169.0
3,0,0,5,0,1,10,0,20,32.0
3,2,0,4,3,5,3,0,13,0.0
9,7,30,5,6,3,0,23152,1,155.0
11,2,27,5,7,5,0,0,16,134.0
0,0,48,5,7,5,0,0,21,0.0
3,2,51,5,0,2,0,21663,12,0.0
18,2,0,4,6,5,10,0,10,0.0
3,2,39,4,3,5,8,0,19,0.0
3,1,18,5,5,3,0,22350,21,0.0
3,0,0,5,3,2,10,0,22,0.0
9,0,0,5,3,5,10,0,15,0.0
3,2,0,4,5,5,0,0,10,0.0
9,2,48,4,2,5,8,0,15,0.0
17,2,54,5,5,1,0,22350,10,48.0
3,1,48,5,6,2,2,0,19,0.0
3,1,50,5,0,1,0,21453,4,0.0
18,2,0,4,3,5,10,0,1,0.0
3,1,25,5,5,1,8,0,22,304.0
3,0,0,4,6,2,10,0,22,20.0
3,1,19,5,0,4,2,0,22,23.0
3,2,0,5,5,5,0,22350,11,0.0
3,2,28,5,0,2,1,21804,19,0.0
18,1,40,5,0,2,0,21453,19,0.0
3,2,0,4,6,5,10,0,19,51.0
3,1,26,5,5,3,8,0,20,0.0
3,1,68,5,0,2,0,0,11,0.0
9,1,18,5,6,5,1,0,8,0.0
3,1,47,5,0,2,0,0,13,0.0
3,1,52,5,5,1,10,0,16,0.0
3,2,0,4,6,5,10,0,16,0.0
9,2,0,4,0,5,10,0,19,0.0
3,7,33,5,5,3,2,22350,0,16.0
3,1,50,5,5,2,8,0,17,0.0
9,2,21,5,5,3,0,22350,10,95.0
3,1,46,5,6,1,0,0,5,30.0
3,1,28,3,8,2,0,0,23,560.0
3,1,74,5,0,3,0,21802,14,0.0
9,1,20,5,0,3,0,0,20,0.0
3,0,0,5,5,2,10,0,7,350.0
9,0,0,5,6,1,10,0,7,51.0
3,0,0,5,6,2,10,0,22,263.0
3,2,42,5,5,1,8,0,11,75.0
3,6,0,5,5,5,0,0,18,0.0
0,1,69,0,3,5,10,21650,10,3.0
3,2,52,4,5,5,1,0,22,0.0
3,1,52,5,5,1,0,0,16,40.0
3,1,52,4,1,1,2,21453,19,0.0
3,2,55,4,5,5,8,0,11,0.0
9,5,30,4,5,5,0,0,18,0.0
3,0,0,5,0,3,10,0,22,0.0
3,2,45,5,0,2,0,21804,8,288.0
3,1,64,5,5,2,0,0,14,83.0
3,2,27,4,0,5,0,0,15,0.0
3,1,20,5,0,3,0,0,18,0.0
3,2,25,4,6,5,8,0,1,51.0
3,1,67,5,3,1,10,0,23,0.0
3,7,35,5,6,2,2,22107,20,51.0
3,0,57,5,6,1,10,0,19,109.0
3,2,0,5,6,5,2,1,7,0.0
3,1,35,5,5,2,8,0,22,30.0
3,1,39,5,5,1,10,22350,8,53.0
3,1,0,4,0,5,2,21801,14,0.0
9,2,47,4,5,5,8,0,19,0.0
10,1,73,5,3,5,0,0,19,0.0
9,2,19,5,6,3,10,22107,0,318.0
8,2,44,4,6,3,8,0,15,110.0
3,1,19,5,0,3,0,0,22,0.0
3,0,0,5,6,1,10,0,14,225.0
3,2,0,4,0,5,2,0,15,0.0
3,2,71,4,6,5,5,0,15,0.0
0,1,0,5,7,5,0,0,12,0.0
6,2,0,4,5,1,8,0,11,150.0
3,2,30,5,5,2,8,0,19,0.0
3,1,66,5,5,5,8,0,8,0.0
3,1,23,5,3,2,5,0,9,112.0
3,1,70,4,0,1,0,0,19,0.0
18,2,0,4,5,5,10,0,14,0.0
3,1,26,5,5,1,8,0,18,114.0
3,1,41,5,0,5,2,0,21,0.0
3,2,27,4,5,2,8,0,8,0.0
3,2,30,5,6,2,0,22107,22,66.0
3,7,28,5,3,3,1,22350,22,45.0
3,1,18,5,3,5,9,23140,1,0.0
3,2,26,5,5,5,8,0,14,354.0
3,2,0,5,1,5,0,21453,15,0.0
3,7,46,6,3,2,10,0,19,645.0
3,1,38,4,1,2,0,0,13,2640.0
3,0,48,5,0,1,10,0,10,0.0
3,1,37,5,5,3,8,0,13,348.0
3,1,44,5,0,2,0,0,20,0.0
9,1,38,5,1,2,2,0,15,0.0
3,0,0,4,3,3,10,0,22,300.0
3,1,31,3,8,5,2,0,20,456.0
3,5,19,5,1,3,0,22107,2,60.0
10,2,65,5,8,5,0,0,15,0.0
3,2,0,4,1,5,2,0,6,0.0
3,2,0,5,3,2,10,22107,19,0.0
3,1,29,5,5,1,0,22350,7,405.0
9,7,67,5,5,1,0,22350,17,0.0
3,1,35,5,6,3,8,0,15,60.0
18,1,47,5,5,1,0,22350,13,18.0
3,7,25,5,3,3,0,22350,22,0.0
3,1,49,4,5,1,3,0,20,0.0
3,2,43,4,0,5,0,0,8,0.0
3,2,0,4,3,5,5,0,17,0.0
3,1,29,5,0,3,0,0,12,198.0
3,1,30,4,5,1,0,0,18,0.0
8,2,27,5,6,5,0,22350,9,615.0
3,2,0,5,3,1,3,22106,1,0.0
3,1,53,5,5,5,0,0,8,0.0
6,1,0,5,1,1,8,0,23,0.0
3,1,29,4,3,5,2,0,14,0.0
3,0,0,5,6,1,10,0,13,250.0
3,1,60,4,0,2,2,0,21,0.0
3,1,48,5,0,5,0,0,20,0.0
3,2,19,4,0,5,0,0,15,0.0
9,0,0,5,5,1,10,0,10,99.0
3,2,19,0,7,1,1,0,20,0.0
3,1,45,5,6,1,5,21658,9,75.0
3,1,25,5,5,2,10,22350,15,106.0
3,2,41,4,5,5,8,0,14,0.0
3,2,17,5,2,3,10,22350,20,758.0
3,2,72,4,6,5,1,0,0,0.0
3,1,27,5,6,2,5,22107,19,21.0
9,7,30,5,5,1,0,23152,2,15.0
3,2,41,4,1,5,8,0,16,0.0
3,2,50,5,6,2,0,22107,6,0.0
3,1,29,5,5,5,1,22350,16,0.0
3,0,0,5,3,2,10,0,3,58.0
3,0,0,5,5,2,10,0,0,76.0
3,2,33,5,5,3,2,0,22,0.0
9,2,59,5,0,2,2,21802,13,0.0
3,1,69,5,2,3,0,22107,13,32.0
9,0,0,5,6,2,10,0,16,92.0
3,0,0,5,3,1,10,0,2,0.0
3,1,57,5,1,3,0,0,8,0.0
3,2,0,4,5,5,1,0,8,0.0
3,1,42,5,1,3,2,0,17,0.0
3,0,0,5,3,5,10,0,1,300.0
3,1,86,5,1,3,2,21453,18,0.0
3,0,0,4,6,5,10,0,0,245.0
3,2,0,4,0,5,2,0,15,0.0
18,2,0,4,5,5,0,0,17,51.0
3,6,0,5,3,5,0,22350,22,500.0
3,7,23,5,0,3,0,21453,3,0.0
3,1,49,5,1,2,2,21453,21,0.0
8,2,51,5,0,3,0,0,18,0.0
3,0,0,5,3,5,10,0,0,114.0
9,2,0,5,1,5,0,22350,7,22.0
3,1,38,3,3,1,0,0,15,42.0
9,2,0,5,0,2,0,22350,9,0.0
3,2,0,4,5,5,0,0,21,0.0
3,2,36,4,5,5,10,0,10,0.0
10,2,18,3,8,5,10,21955,19,0.0
3,7,52,5,3,1,10,23152,20,0.0
3,7,34,5,5,1,0,22350,10,75.0
3,2,0,5,5,5,0,22350,19,0.0
3,2,0,4,5,5,0,0,9,0.0
9,1,47,4,5,1,8,0,15,0.0
3,0,0,5,3,1,10,0,1,82.0
9,2,0,5,5,1,0,22107,1,188.0
3,1,29,5,5,2,8,0,15,43.0
3,2,0,5,6,1,0,22350,17,305.0
3,1,57,5,5,1,8,0,10,0.0
3,1,50,4,7,5,1,0,18,157.0
18,2,0,4,3,5,4,0,15,50.0
3,0,0,5,3,1,10,0,12,108.0
3,2,14,4,5,5,10,0,14,0.0
0,2,50,5,3,3,0,0,23,30.0
18,2,0,4,6,5,10,0,7,100.0
3,0,60,5,6,1,10,0,19,0.0
3,2,0,5,5,1,0,22107,19,0.0
3,1,56,5,5,1,0,0,17,200.0
18,2,0,4,3,5,10,0,21,149.0
3,2,0,5,8,5,10,21651,20,57.0
18,2,0,5,6,5,5,0,20,51.0
3,1,58,4,6,1,8,0,17,0.0
0,1,0,4,7,5,10,0,8,0.0
18,2,0,5,2,5,0,21453,1,0.0
9,2,0,5,6,5,0,22107,18,51.0
3,1,43,5,8,5,2,21950,7,589.0
3,2,18,5,3,3,0,22350,9,0.0
3,0,0,5,3,1,10,0,21,0.0
3,1,41,5,0,1,0,21453,16,0.0
18,2,0,5,6,2,10,21750,14,200.0
3,2,44,4,6,5,8,0,18,0.0
3,2,0,5,5,5,10,22107,18,172.0
3,1,45,3,8,5,0,0,5,51.0
8,2,27,5,2,3,10,22350,16,36.0
3,2,42,5,0,2,2,22350,20,0.0
3,2,32,5,0,3,0,21800,20,0.0
3,2,35,5,6,3,0,21453,12,0.0
3,0,0,4,3,5,10,0,22,51.0
3,2,0,4,5,5,10,0,8,0.0
3,2,0,5,6,3,0,22350,9,0.0
3,1,42,5,5,1,8,0,17,36.0
3,1,47,4,5,1,0,0,14,20.0
3,1,36,4,3,1,0,0,21,0.0
3,2,0,5,2,3,2,22107,0,0.0
18,1,26,5,6,3,0,22350,7,71.0
17,0,0,5,6,2,10,0,18,40.0
9,2,0,5,6,1,0,21703,23,0.0
9,1,55,5,5,2,0,22350,18,51.0
18,6,0,5,3,5,2,22350,21,0.0
3,1,24,5,0,2,0,0,21,0.0
3,2,0,4,5,5,0,0,15,0.0
0,1,33,4,3,5,0,21802,17,0.0
3,2,0,4,5,5,0,0,15,51.0
18,2,0,5,3,5,3,22106,17,30.0
9,2,0,5,3,2,0,22350,18,0.0
3,2,49,5,6,1,0,0,15,134.0
3,1,62,5,5,1,8,0,16,0.0
9,0,0,4,1,1,10,0,14,0.0
8,1,29,0,3,1,0,0,16,0.0
3,1,66,5,5,1,0,22350,18,380.0
3,2,22,4,5,5,1,0,14,51.0
3,1,19,5,6,2,10,21658,22,176.0
3,0,0,5,6,5,10,0,13,277.0
3,0,0,5,3,5,10,0,21,388.0
3,1,69,5,0,2,2,21801,19,0.0
3,2,48,4,6,5,10,0,9,0.0
3,2,43,4,6,5,8,0,16,0.0
3,2,36,5,5,3,8,0,21,24.0
3,1,22,5,0,3,0,21453,6,0.0
3,2,0,4,3,2,0,22350,2,33.0
3,2,27,4,0,5,10,21804,11,0.0
3,1,61,5,0,2,2,21802,14,46.0
9,2,0,4,5,5,8,0,7,0.0
3,2,29,4,0,5,0,0,17,0.0
9,0,0,5,3,3,10,0,14,0.0
3,0,0,5,6,2,10,0,0,100.0
18,2,0,4,0,5,0,0,15,51.0
3,0,0,4,3,5,10,0,0,150.0
3,2,32,4,5,5,8,0,20,0.0
3,2,17,5,0,3,0,0,19,0.0
3,1,17,5,5,1,0,22350,10,0.0
3,2,0,5,0,3,0,21453,18,0.0
3,2,0,5,5,5,0,22350,21,42.0
3,7,56,5,0,3,0,21453,19,0.0
18,2,0,5,6,5,10,22350,23,0.0
6,0,0,5,3,2,10,0,10,150.0
3,2,0,5,3,5,2,21453,0,0.0
3,1,42,5,6,1,8,0,17,0.0
3,2,62,5,6,5,0,22107,8,56.0
18,1,20,5,6,1,0,0,9,0.0
3,2,0,4,5,5,0,0,0,0.0
3,7,47,5,6,1,0,23152,20,509.0
0,2,49,5,7,5,0,21202,13,275.0
18,2,0,4,5,5,0,0,20,0.0
3,1,48,4,0,3,2,0,13,0.0
3,1,23,5,0,3,0,0,17,0.0
9,2,0,4,1,5,0,0,15,0.0
3,2,0,4,3,5,0,0,19,0.0
10,2,0,4,5,5,10,0,18,51.0
3,4,17,5,2,1,2,22107,10,42.0
3,2,0,4,6,5,0,0,15,0.0
3,1,30,5,0,3,0,21453,1,0.0
3,1,35,5,3,5,2,21950,8,0.0
3,7,22,5,3,2,0,21663,2,0.0
3,0,0,4,3,2,10,0,8,70.0
3,2,58,5,5,2,5,0,17,133.0
18,2,0,5,6,5,0,22107,14,102.0
3,1,43,5,3,1,2,0,8,0.0
9,4,28,5,2,1,0,22350,14,19.0
3,2,0,5,1,3,2,22107,22,0.0
0,2,58,5,7,5,10,0,23,607.0
10,2,29,3,8,5,10,21955,20,0.0
3,1,48,5,3,2,1,0,16,0.0
3,1,25,5,6,1,0,0,15,50.0
3,1,32,5,6,3,0,23103,23,88.0
3,1,41,4,0,5,0,0,10,0.0
3,1,18,5,6,3,10,22350,14,64.0
3,1,28,4,3,3,0,0,12,0.0
3,1,41,5,3,1,10,21755,17,0.0
3,1,24,5,0,3,10,21804,13,35.0
18,2,0,4,6,5,10,0,1,51.0
3,2,0,5,2,4,2,22350,2,0.0
3,1,61,5,1,2,10,22103,12,29.0
3,1,48,4,6,5,0,0,17,0.0
8,2,39,5,0,1,0,0,18,51.0
3,2,0,4,6,5,0,0,8,0.0
3,1,79,6,5,3,8,0,11,30.0
3,1,20,4,2,2,10,0,7,108.0
3,7,60,5,1,2,10,22350,1,36.0
3,1,0,5,0,4,0,0,18,21.0
3,1,0,5,5,1,10,0,13,0.0
3,1,61,5,1,3,10,21460,12,25.0
3,2,30,4,5,5,10,0,14,51.0
3,0,0,5,2,2,10,0,21,27.0
3,2,0,5,3,5,10,0,8,150.0
9,2,20,5,6,4,0,0,21,0.0
3,2,0,4,5,5,0,0,13,0.0
3,0,0,5,6,2,10,0,23,88.0
3,1,0,5,5,1,8,0,16,150.0
3,0,45,4,6,5,10,0,0,51.0
3,2,19,4,5,5,10,0,14,0.0
3,0,0,5,6,1,10,0,15,66.0
3,2,34,5,8,5,2,22350,8,0.0
3,2,0,5,0,3,0,22350,2,21.0
3,1,53,4,3,3,0,21453,14,0.0
3,2,47,5,5,2,0,20002,10,0.0
3,2,0,5,0,5,0,22350,15,0.0
3,2,21,5,1,3,0,21453,14,0.0
3,0,0,5,1,2,10,0,22,60.0
3,1,34,5,3,1,0,0,18,0.0
3,2,55,5,5,1,8,0,11,102.0
3,1,47,5,0,1,1,22107,16,105.0
3,7,21,5,6,3,0,23152,1,26.0
3,1,42,5,0,1,2,21703,7,50.0
3,2,0,4,1,5,0,0,13,0.0
9,2,40,4,0,5,0,0,14,21.0
1,1,30,5,5,2,0,22350,13,45.0